State,District,Market,Commodity,Variety,Grade,Arrival_Date,Min_x0020_Price,Max_x0020_Price,Modal_x0020_Price
"Andhra Pradesh",Prakasam,"Maddipadu APMC",Paddy(Common),"B P T",FAQ,21/09/2026,2800,2800,2800
Haryana,Rewari,"Kosli APMC","Bhindi(Ladies Finger)",Bhindi,FAQ,21/09/2026,2000,2000,2000
Haryana,Rewari,"Kosli APMC",Banana,Other,Medium,21/09/2026,2000,2000,2000
Haryana,Rewari,"Kosli APMC",Cabbage,Other,FAQ,21/09/2026,2000,2000,2000
Haryana,Rewari,"Kosli APMC",Pumpkin,Other,FAQ,21/09/2026,1000,1000,1000
Haryana,Sonipat,"Ganaur APMC","Peas Wet","Peas Wet",Medium,21/09/2026,12000,15000,14000
Haryana,Sonipat,"Ganaur APMC",Carrot,Carrot,Medium,21/09/2026,4000,5000,4500
Haryana,Sonipat,"Ganaur APMC","Bhindi(Ladies Finger)",Bhindi,Medium,21/09/2026,2500,3000,2800
Haryana,Sonipat,"Ganaur APMC",Cucumbar(Kheera),Cucumbar,Medium,21/09/2026,3000,4000,3500
Haryana,Sonipat,"Ganaur APMC",Capsicum,Capsicum,Medium,21/09/2026,5000,6000,5500
Haryana,Sonipat,"Ganaur APMC",Yam(Ratalu),"Yam (Ratalu)",Medium,21/09/2026,2500,3000,2800
Haryana,Sonipat,"Ganaur APMC",Lemon,Lemon,Medium,21/09/2026,12000,15000,14000
Haryana,Kurukshetra,"Ladwa APMC",Pineapple,"Pine Apple",Medium,21/09/2026,2000,3500,2500
Haryana,Kurukshetra,"Ladwa APMC","Mousambi(Sweet Lime)",Mousambi,Medium,21/09/2026,2500,3500,3000
Haryana,Kurukshetra,"Ladwa APMC",Potato,"Red Nanital",Medium,21/09/2026,1800,2500,2500
Haryana,Kurukshetra,"Ladwa APMC",Ridgeguard(Tori),Ridgeguard(Tori),Medium,21/09/2026,2000,3000,2500
Haryana,Kurukshetra,"Ladwa APMC","Green Chilli","Green Chilly",Medium,21/09/2026,3500,5000,4000
Punjab,Hoshiarpur,"GarhShankar (Kotfatuhi) APMC",Banana,Other,Medium,21/09/2026,3400,3400,3400
Punjab,Hoshiarpur,"GarhShankar (Kotfatuhi) APMC","Green Chilli",Other,FAQ,21/09/2026,4100,4100,4100
Punjab,Hoshiarpur,"GarhShankar (Kotfatuhi) APMC",Spinach,Other,FAQ,21/09/2026,1800,1800,1800
Punjab,Jalandhar,"Noor Mehal APMC",Brinjal,Other,Local,21/09/2026,1500,1500,1500
Punjab,Jalandhar,"Noor Mehal APMC",Pumpkin,Other,Local,21/09/2026,1100,1100,1100
Rajasthan,Dungarpur,"Dungarpur APMC",Coriander(Leaves),Coriander,Medium,21/09/2026,1900,2200,2000
Rajasthan,Jalore,"Jalore APMC","Bhindi(Ladies Finger)",Bhindi,Local,21/09/2026,1400,1600,1500
Rajasthan,Jalore,"Jalore APMC",Tomato,Tomato,Local,21/09/2026,1500,2000,1800
Keralam,Kottayam,"Pala Market",Banana,"Banana - Ripe",Large,21/09/2026,5200,6000,5600
Keralam,Kottayam,"Pala Market","Banana - Green","Banana - Green",FAQ,21/09/2026,4300,5200,4800
Odisha,Bolangir,"Kantabaji APMC",Cauliflower,Other,"Grade B",21/09/2026,3200,4000,3600
Odisha,Bolangir,"Kantabaji APMC",Brinjal,Other,"Grade B",21/09/2026,1800,2600,2200
Keralam,Alappuzha,"Harippad Market",Amaranthus,Other,FAQ,21/09/2026,5000,5500,5000
Keralam,Thiruvananthapuram,"Neyyatinkara Market",Cucumbar(Kheera),Cucumbar,FAQ,21/09/2026,3400,4000,3700
Keralam,Thiruvananthapuram,"Neyyatinkara Market",Tapioca,Tapioca,FAQ,21/09/2026,4500,5000,4700
Punjab,Moga,"Baghapurana APMC","Green Chilli","Green Chilly","Grade B",21/09/2026,3500,4500,4000
Punjab,Moga,"Baghapurana APMC",Potato,Potato,"Grade B",21/09/2026,600,800,700
Punjab,Moga,"Baghapurana APMC",Cucumbar(Kheera),Cucumbar,"Grade B",21/09/2026,2000,2500,2200
"Andhra Pradesh",Nandyal,"Koilkunta APMC",Jowar(Sorghum),"Jowar ( White)",FAQ,21/09/2026,3000,3400,3200
Keralam,Ernakulam,"Perumbavoor Market",Ashgourd,Ashgourd,Medium,21/09/2026,1600,2400,2000
Keralam,Ernakulam,"Perumbavoor Market",Cucumbar(Kheera),Cucumbar,Medium,21/09/2026,3500,4500,4000
Keralam,Ernakulam,"Perumbavoor Market","Field Pea","Field Pea",Medium,21/09/2026,4500,5500,5000
Keralam,Ernakulam,"Perumbavoor Market",Onion,Onion,Medium,21/09/2026,5000,6000,5500
Keralam,Ernakulam,"Perumbavoor Market",Tapioca,Tapioca,Medium,21/09/2026,3000,3800,3400
Keralam,Ernakulam,"Perumbavoor Market","Black pepper",Garbled,"Grade Range-1",21/09/2026,80000,90000,85000
"Tamil Nadu",Thirupur,"Tiruppur (South) (Uzhavar Sandhai )",Cauliflower,Ranchi,Local,21/09/2026,3000,4000,3500
"Tamil Nadu",Thirupur,"Tiruppur (South) (Uzhavar Sandhai )",Brinjal,Other,Local,21/09/2026,4500,5000,4750
"Tamil Nadu",Thirupur,"Tiruppur (South) (Uzhavar Sandhai )",Papaya,Papaya,Local,21/09/2026,2500,3000,2750
"Tamil Nadu",Thirupur,"Tiruppur (South) (Uzhavar Sandhai )",Beans,"Beans (Whole)",Local,21/09/2026,5000,6000,5500
"Tamil Nadu",Thirupur,"Tiruppur (South) (Uzhavar Sandhai )",Lemon,Lemon,Local,21/09/2026,22000,30000,26000
"Tamil Nadu",Thirupur,"Tiruppur (South) (Uzhavar Sandhai )","Amla(Nelli Kai)",Amla,Local,21/09/2026,7000,8000,7500
"Tamil Nadu",Erode,"Perundurai(Uzhavar Sandhai )",Potato,Other,Local,21/09/2026,3500,4000,3750
"Tamil Nadu",Erode,"Perundurai(Uzhavar Sandhai )",Ashgourd,Gouard,Local,21/09/2026,2000,2200,2100
"Tamil Nadu",Erode,"Perundurai(Uzhavar Sandhai )",Beans,"Beans (Whole)",Local,21/09/2026,6500,7000,6750
"Tamil Nadu",Erode,"Perundurai(Uzhavar Sandhai )",Drumstick,Drumstick,Local,21/09/2026,4000,4500,4250
"Tamil Nadu",Erode,"Perundurai(Uzhavar Sandhai )",Guava,"Guava Allahabad",Local,21/09/2026,5000,5500,5250
"Tamil Nadu",Erode,"Perundurai(Uzhavar Sandhai )","Onion Green","Onion Green",Local,21/09/2026,7000,8000,7500
"Tamil Nadu",Dharmapuri,"Dharmapuri(Uzhavar Sandhai )",Garlic,Garlic,Local,21/09/2026,23000,24000,23500
"Tamil Nadu",Dharmapuri,"Dharmapuri(Uzhavar Sandhai )",Papaya,Papaya,Local,21/09/2026,3500,3800,3650
"Tamil Nadu",Dharmapuri,"Dharmapuri(Uzhavar Sandhai )",Tomato,Local,Local,21/09/2026,2200,2400,2300
"Tamil Nadu",Dharmapuri,"Dharmapuri(Uzhavar Sandhai )","Bitter gourd","Bitter Gourd",Local,21/09/2026,3700,4000,3850
"Tamil Nadu",Dharmapuri,"Dharmapuri(Uzhavar Sandhai )",Ashgourd,Gouard,Local,21/09/2026,1400,1500,1450
"Tamil Nadu",Dharmapuri,"Dharmapuri(Uzhavar Sandhai )","Bhindi(Ladies Finger)",Bhindi,Local,21/09/2026,1700,1800,1750
"Tamil Nadu",Dharmapuri,"Dharmapuri(Uzhavar Sandhai )",Beans,"Beans (Whole)",Local,21/09/2026,10000,11000,10500
"Tamil Nadu",Dharmapuri,"Dharmapuri(Uzhavar Sandhai )",Coconut,Coconut,Local,21/09/2026,7000,7400,7200
"Tamil Nadu",Dharmapuri,"Dharmapuri(Uzhavar Sandhai )",Raddish,Raddish,Local,21/09/2026,1500,1600,1550
"Tamil Nadu",Dharmapuri,"Dharmapuri(Uzhavar Sandhai )","Chow Chow","Chow Chow",Local,21/09/2026,4200,4400,4300
"Tamil Nadu",Dharmapuri,"Dharmapuri(Uzhavar Sandhai )",Colacasia,Colacasia,Local,21/09/2026,6200,6600,6400
"Tamil Nadu",Dharmapuri,"Dharmapuri(Uzhavar Sandhai )","Amla(Nelli Kai)",Amla,Local,21/09/2026,7500,8000,7750
"Tamil Nadu",Dharmapuri,"Palacode(Uzhavar Sandhai )",Cauliflower,Ranchi,Local,21/09/2026,3000,3500,3250
"Tamil Nadu",Dharmapuri,"Palacode(Uzhavar Sandhai )",Brinjal,Other,Local,21/09/2026,2500,3000,2750
"Tamil Nadu",Dharmapuri,"Palacode(Uzhavar Sandhai )","Bhindi(Ladies Finger)",Bhindi,Local,21/09/2026,2000,2200,2100
"Tamil Nadu",Dharmapuri,"Palacode(Uzhavar Sandhai )",Amaranthus,Amaranthus,Local,21/09/2026,2000,2500,2250
"Tamil Nadu",Dharmapuri,"Palacode(Uzhavar Sandhai )",Cowpea(Veg),"Cowpea (Veg)",Local,21/09/2026,5800,6000,5900
"Tamil Nadu",Dharmapuri,"Palacode(Uzhavar Sandhai )",Ginger(Green),"Green Ginger",Local,21/09/2026,19500,20000,19750
"Tamil Nadu",Dharmapuri,"Palacode(Uzhavar Sandhai )",Ridgeguard(Tori),Ridgeguard(Tori),Local,21/09/2026,3400,3600,3500
"Tamil Nadu",Dharmapuri,"Palacode(Uzhavar Sandhai )",Lemon,Lemon,Local,21/09/2026,21000,21500,21250
"Tamil Nadu",Dharmapuri,"Pennagaram(Uzhavar Sandhai )",Onion,Bellary,Local,21/09/2026,6000,6500,6250
"Tamil Nadu",Dharmapuri,"Pennagaram(Uzhavar Sandhai )",Garlic,Garlic,Local,21/09/2026,20000,22000,21000
"Tamil Nadu",Dharmapuri,"Pennagaram(Uzhavar Sandhai )",Tomato,Deshi,Local,21/09/2026,3200,3500,3350
"Tamil Nadu",Dharmapuri,"Pennagaram(Uzhavar Sandhai )",Pumpkin,Pumpkin,Local,21/09/2026,1800,2000,1900
"Tamil Nadu",Dharmapuri,"Pennagaram(Uzhavar Sandhai )","Green Chilli","Green Chilly",Local,21/09/2026,4000,4500,4250
"Tamil Nadu",Dharmapuri,"Pennagaram(Uzhavar Sandhai )",Beetroot,Beetroot,Local,21/09/2026,5000,5500,5250
"Tamil Nadu",Dharmapuri,"Pennagaram(Uzhavar Sandhai )",Ridgeguard(Tori),Ridgeguard(Tori),Local,21/09/2026,3000,3500,3250
"Tamil Nadu",Dharmapuri,"Pennagaram(Uzhavar Sandhai )",Thondekai,Thondekai,Local,21/09/2026,5500,6000,5750
"Tamil Nadu",Dharmapuri,"Pennagaram(Uzhavar Sandhai )","Green Avare(W)","Green Avare (W)",Local,21/09/2026,6000,7000,6500
"Tamil Nadu",Dharmapuri,"Pennagaram(Uzhavar Sandhai )",Drumstick,Drumstick,Local,21/09/2026,2500,3000,2750
"Tamil Nadu",Dharmapuri,"Pennagaram(Uzhavar Sandhai )",Lemon,Lemon,Local,21/09/2026,27000,28000,27500
"Tamil Nadu",Dindigul,"Chinnalapatti(Uzhavar Sandhai )","Cluster beans","Cluster Beans",Local,21/09/2026,3600,4000,3800
"Tamil Nadu",Dindigul,"Chinnalapatti(Uzhavar Sandhai )","Bitter gourd",Other,Local,21/09/2026,6000,7000,6500
"Tamil Nadu",Dindigul,"Chinnalapatti(Uzhavar Sandhai )","Bhindi(Ladies Finger)",Bhindi,Local,21/09/2026,3600,4000,3800
"Tamil Nadu",Dindigul,"Chinnalapatti(Uzhavar Sandhai )","Green Chilli","Green Chilly",Local,21/09/2026,6000,7000,6500
"Tamil Nadu",Dindigul,"Chinnalapatti(Uzhavar Sandhai )",Beans,"Beans (Whole)",Local,21/09/2026,8000,10000,9000
"Tamil Nadu",Dindigul,"Chinnalapatti(Uzhavar Sandhai )",Beetroot,Beetroot,Local,21/09/2026,6000,8000,7000
"Tamil Nadu",Dindigul,"Chinnalapatti(Uzhavar Sandhai )",Ridgeguard(Tori),Ridgeguard(Tori),Local,21/09/2026,6000,8000,7000
"Tamil Nadu",Dindigul,"Chinnalapatti(Uzhavar Sandhai )","Chow Chow","Chow Chow",Local,21/09/2026,3600,4000,3800
"Tamil Nadu",Dindigul,"Dindigul(Uzhavar Sandhai )",Soyabean,Local,Local,21/09/2026,10000,12000,11000
"Tamil Nadu",Dindigul,"Dindigul(Uzhavar Sandhai )",Banana,Besrai,Local,21/09/2026,8000,9000,8500
"Tamil Nadu",Dindigul,"Dindigul(Uzhavar Sandhai )",Papaya,Papaya,Local,21/09/2026,4000,5000,4500
"Tamil Nadu",Dindigul,"Dindigul(Uzhavar Sandhai )","Banana - Green","Banana - Green",Local,21/09/2026,1500,2000,1750
"Tamil Nadu",Dindigul,"Dindigul(Uzhavar Sandhai )",Snakeguard,Snakeguard,Local,21/09/2026,5000,6000,5500
"Tamil Nadu",Dindigul,"Dindigul(Uzhavar Sandhai )",Capsicum,Capsicum,Local,21/09/2026,7000,8000,7500
"Tamil Nadu",Dindigul,"Dindigul(Uzhavar Sandhai )",Drumstick,Drumstick,Local,21/09/2026,3000,4000,3500
"Tamil Nadu",Dindigul,"Dindigul(Uzhavar Sandhai )",Lime,Lime,Local,21/09/2026,10000,12000,11000
"Tamil Nadu",Dindigul,"Dindigul(Uzhavar Sandhai )","Onion Green","Onion Green",Local,21/09/2026,8000,9000,8500
"Tamil Nadu",Dindigul,"Palani(Uzhavar Sandhai )",Onion,Bellary,Local,21/09/2026,5000,6500,5750
"Tamil Nadu",Dindigul,"Palani(Uzhavar Sandhai )",Amaranthus,Amaranthus,Local,21/09/2026,3000,4000,3500
"Tamil Nadu",Dindigul,"Palani(Uzhavar Sandhai )","Banana - Green","Banana - Green",Local,21/09/2026,3000,4000,3500
"Tamil Nadu",Dindigul,"Palani(Uzhavar Sandhai )",Ginger(Green),"Green Ginger",Local,21/09/2026,8000,16500,12250
"Tamil Nadu",Dindigul,"Palani(Uzhavar Sandhai )",Beetroot,Beetroot,Local,21/09/2026,3000,7000,5000
"Tamil Nadu",Dindigul,"Palani(Uzhavar Sandhai )","Chow Chow","Chow Chow",Local,21/09/2026,3000,3600,3300
"Tamil Nadu",Dindigul,"Palani(Uzhavar Sandhai )","Knool Khol","Knool Khol",Local,21/09/2026,5000,5000,5000
"Tamil Nadu",Dindigul,"Palani(Uzhavar Sandhai )",Yam(Ratalu),"Yam (Ratalu)",Local,21/09/2026,7000,7500,7250
"Tamil Nadu",Dindigul,"Palani(Uzhavar Sandhai )","Onion Green","Onion Green",Local,21/09/2026,6000,9000,7500
"Tamil Nadu",Erode,"Periyar Nagar(Uzhavar Sandhai )",Papaya,Papaya,Local,21/09/2026,3200,3600,3400
"Tamil Nadu",Erode,"Periyar Nagar(Uzhavar Sandhai )","Cluster beans","Cluster Beans",Local,21/09/2026,2500,3000,2750
"Tamil Nadu",Erode,"Periyar Nagar(Uzhavar Sandhai )","Bottle gourd","Bottle Gourd",Local,21/09/2026,1000,1200,1100
"Tamil Nadu",Erode,"Periyar Nagar(Uzhavar Sandhai )",Cowpea(Veg),"Cowpea (Veg)",Local,21/09/2026,3000,3500,3250
"Tamil Nadu",Erode,"Periyar Nagar(Uzhavar Sandhai )",Tapioca,Tapioca,Local,21/09/2026,2000,2500,2250
"Tamil Nadu",Erode,"Periyar Nagar(Uzhavar Sandhai )","Green Avare(W)","Green Avare (W)",Local,21/09/2026,6000,6500,6250
"Tamil Nadu",Kallakuruchi,"Sankarapuram(Uzhavar Sandhai )",Groundnut,"Big (With Shell)",Local,21/09/2026,6000,6000,6000
"Tamil Nadu",Kallakuruchi,"Sankarapuram(Uzhavar Sandhai )","Elephant Yam(Suran)/Amorphophallus","Elephant Yam (Suran)",Local,21/09/2026,3000,3000,3000
"Tamil Nadu",Kallakuruchi,"Sankarapuram(Uzhavar Sandhai )","Baby Corn","Baby Corn","Grade A",21/09/2026,3000,3000,3000
"Tamil Nadu",Kancheepuram,"Kundrathur(Uzhavar Sandhai )",Coconut,Coconut,Local,21/09/2026,5000,6000,5500
"Tamil Nadu",Kancheepuram,"Kundrathur(Uzhavar Sandhai )",Carrot,Pusakesar,Local,21/09/2026,4500,5000,4750
"Tamil Nadu",Kancheepuram,"Sunguvarchatram(Uzhavar Sandhai )",Brinjal,Other,Local,21/09/2026,3500,4000,3750
"Tamil Nadu",Kancheepuram,"Sunguvarchatram(Uzhavar Sandhai )",Raddish,Raddish,Local,21/09/2026,3000,3000,3000
"Tamil Nadu",Krishnagiri,"Avallapalli(Uzhavar Sandhai )",Garlic,Garlic,Local,21/09/2026,22000,24000,23000
"Tamil Nadu",Krishnagiri,"Avallapalli(Uzhavar Sandhai )",Brinjal,Round,Local,21/09/2026,2500,3000,2750
"Tamil Nadu",Krishnagiri,"Avallapalli(Uzhavar Sandhai )",Beans,"Beans (Whole)",Local,21/09/2026,6000,7000,6500
"Tamil Nadu",Krishnagiri,"Avallapalli(Uzhavar Sandhai )",Beetroot,Beetroot,Local,21/09/2026,4000,4500,4250
"Tamil Nadu",Krishnagiri,"Avallapalli(Uzhavar Sandhai )",Cucumbar(Kheera),Cucumbar,Local,21/09/2026,2000,2500,2250
"Tamil Nadu",Krishnagiri,"Avallapalli(Uzhavar Sandhai )",Ridgeguard(Tori),Ridgeguard(Tori),Local,21/09/2026,3000,3500,3250
"Tamil Nadu",Krishnagiri,"Avallapalli(Uzhavar Sandhai )",Capsicum,Capsicum,Local,21/09/2026,3500,4000,3750
"Tamil Nadu",Krishnagiri,"Avallapalli(Uzhavar Sandhai )","Knool Khol","Knool Khol",Local,21/09/2026,2500,3000,2750
"Tamil Nadu",Krishnagiri,"Avallapalli(Uzhavar Sandhai )","Tamarind Fruit","Tamarind Fruit",Local,21/09/2026,9000,10000,9500
"Tamil Nadu",Krishnagiri,"Avallapalli(Uzhavar Sandhai )",Yam(Ratalu),"Yam (Ratalu)",Local,21/09/2026,4500,5000,4750
"Tamil Nadu",Krishnagiri,"Avallapalli(Uzhavar Sandhai )",Colacasia,Colacasia,Local,21/09/2026,4500,5000,4750
"Tamil Nadu",Dharmapuri,"Karimangalam(Uzhavar Sandhai)",Banana,Karpura,Local,21/09/2026,6500,7000,6750
"Tamil Nadu",Dharmapuri,"Karimangalam(Uzhavar Sandhai)",Coriander(Leaves),"I Sort",Local,21/09/2026,4500,5000,4750
"Tamil Nadu",Dharmapuri,"Karimangalam(Uzhavar Sandhai)","Cluster beans","Cluster Beans",Local,21/09/2026,1800,2000,1900
"Tamil Nadu",Dharmapuri,"Karimangalam(Uzhavar Sandhai)","Green Chilli","Green Chilly",Local,21/09/2026,3800,4000,3900
"Tamil Nadu",Dharmapuri,"Karimangalam(Uzhavar Sandhai)",Beans,"Beans (Whole)",Local,21/09/2026,8000,9000,8500
"Tamil Nadu",Dharmapuri,"Karimangalam(Uzhavar Sandhai)",Tapioca,Tapioca,Local,21/09/2026,3300,3500,3400
"Tamil Nadu",Dharmapuri,"Karimangalam(Uzhavar Sandhai)",Carrot,Pusakesar,Local,21/09/2026,6000,6400,6200
"Tamil Nadu",Dharmapuri,"Karimangalam(Uzhavar Sandhai)","Amla(Nelli Kai)",Amla,Local,21/09/2026,8000,8500,8250
"Tamil Nadu",Dharmapuri,"Karimangalam(Uzhavar Sandhai)","Onion Green","Onion Green",Local,21/09/2026,7000,7500,7250
"Tamil Nadu",Krishnagiri,"Denkanikottai(Uzhavar Sandhai )",Coriander(Leaves),"I Sort",Local,21/09/2026,6500,7000,6750
"Tamil Nadu",Krishnagiri,"Denkanikottai(Uzhavar Sandhai )",Papaya,Papaya,Local,21/09/2026,3500,4000,3750
"Tamil Nadu",Krishnagiri,"Denkanikottai(Uzhavar Sandhai )","Bottle gourd","Bottle Gourd",Local,21/09/2026,2000,2500,2250
"Tamil Nadu",Krishnagiri,"Denkanikottai(Uzhavar Sandhai )",Cowpea(Veg),"Cowpea (Veg)",Local,21/09/2026,5500,6000,5750
"Tamil Nadu",Krishnagiri,"Denkanikottai(Uzhavar Sandhai )","Banana - Green","Banana - Green",Local,21/09/2026,4000,4500,4250
"Tamil Nadu",Krishnagiri,"Denkanikottai(Uzhavar Sandhai )",Carrot,Pusakesar,Local,21/09/2026,4500,5000,4750
"Tamil Nadu",Krishnagiri,"Denkanikottai(Uzhavar Sandhai )",Ridgeguard(Tori),Ridgeguard(Tori),Local,21/09/2026,3000,3500,3250
"Tamil Nadu",Krishnagiri,"Denkanikottai(Uzhavar Sandhai )",Thondekai,Thondekai,Local,21/09/2026,3000,3500,3250
"Tamil Nadu",Krishnagiri,"Denkanikottai(Uzhavar Sandhai )",Drumstick,Drumstick,Local,21/09/2026,4500,5000,4750
"Tamil Nadu",Krishnagiri,"Denkanikottai(Uzhavar Sandhai )","Knool Khol","Knool Khol",Local,21/09/2026,2500,3000,2750
"Tamil Nadu",Krishnagiri,"Denkanikottai(Uzhavar Sandhai )",Mint(Pudina),Mint(Pudina),Local,21/09/2026,3500,4000,3750
"Tamil Nadu",Krishnagiri,"Hosur(Uzhavar Sandhai )",Orange,Darjeeling,Local,21/09/2026,20000,24000,22000
"Tamil Nadu",Krishnagiri,"Hosur(Uzhavar Sandhai )",Tomato,Deshi,Local,21/09/2026,2000,2500,2250
"Tamil Nadu",Krishnagiri,"Hosur(Uzhavar Sandhai )",Pumpkin,Pumpkin,Local,21/09/2026,1200,1500,1350
"Tamil Nadu",Krishnagiri,"Hosur(Uzhavar Sandhai )","Bhindi(Ladies Finger)",Bhindi,Local,21/09/2026,3000,3500,3250
"Tamil Nadu",Krishnagiri,"Hosur(Uzhavar Sandhai )","Sweet Potato","Hosur Red",Local,21/09/2026,6500,7000,6750
"Tamil Nadu",Krishnagiri,"Hosur(Uzhavar Sandhai )",Cabbage,Cabbage,Local,21/09/2026,1200,1500,1350
"Tamil Nadu",Krishnagiri,"Hosur(Uzhavar Sandhai )","Green Avare(W)","Green Avare (W)",Local,21/09/2026,5500,6000,5750
"Tamil Nadu",Krishnagiri,"Hosur(Uzhavar Sandhai )","Knool Khol","Knool Khol",Local,21/09/2026,2500,3000,2750
"Tamil Nadu",Krishnagiri,"Hosur(Uzhavar Sandhai )","Indian Beans(Seam)","Indian Beans (Seam)",Local,21/09/2026,4500,5000,4750
"Tamil Nadu",Krishnagiri,"Hosur(Uzhavar Sandhai )",Lemon,Lemon,Local,21/09/2026,23000,25000,24000
"Tamil Nadu",Krishnagiri,"Hosur(Uzhavar Sandhai )","Sweet Corn ","Sweet Corn ",Local,21/09/2026,2500,3000,2750
"Tamil Nadu",Madurai,"Anaiyur(Uzhavar Sandhai )",Apple,American,Local,21/09/2026,18000,27000,22500
"Tamil Nadu",Madurai,"Anaiyur(Uzhavar Sandhai )",Potato,"Red Nanital",Local,21/09/2026,4000,5500,4750
"Tamil Nadu",Madurai,"Anaiyur(Uzhavar Sandhai )","Bottle gourd","Bottle Gourd",Local,21/09/2026,1600,2000,1800
"Tamil Nadu",Madurai,"Anaiyur(Uzhavar Sandhai )","Sweet Potato","Hosur Red",Local,21/09/2026,5500,6000,5750
"Tamil Nadu",Madurai,"Anaiyur(Uzhavar Sandhai )",Capsicum,Capsicum,Local,21/09/2026,6000,7000,6500
"Tamil Nadu",Madurai,"Anaiyur(Uzhavar Sandhai )","Green Avare(W)","Green Avare (W)",Local,21/09/2026,8000,11000,9500
"Tamil Nadu",Madurai,"Anaiyur(Uzhavar Sandhai )","Chow Chow","Chow Chow",Local,21/09/2026,2600,3000,2800
"Tamil Nadu",Madurai,"Anaiyur(Uzhavar Sandhai )","Knool Khol","Knool Khol",Local,21/09/2026,4500,4800,4650
"Tamil Nadu",Madurai,"Anaiyur(Uzhavar Sandhai )",Yam(Ratalu),"Yam (Ratalu)",Local,21/09/2026,6500,7000,6750
"Tamil Nadu",Madurai,"Anaiyur(Uzhavar Sandhai )","Onion Green","Onion Green",Local,21/09/2026,8000,9000,8500
"Tamil Nadu",Madurai,"Usilampatti(Uzhavar Sandhai )",Onion,Bellary,Local,21/09/2026,6000,6500,6250
"Tamil Nadu",Madurai,"Usilampatti(Uzhavar Sandhai )",Mint(Pudina),Mint(Pudina),Local,21/09/2026,5000,5500,5250
"Tamil Nadu",Nagapattinam,"Sirkali(Uzhavar Sandhai )","Green Chilli","Green Chilly",Local,21/09/2026,5500,6000,5750
"Tamil Nadu",Nagapattinam,"Sirkali(Uzhavar Sandhai )","Banana - Green","Banana - Green",Local,21/09/2026,2500,3000,2750
"Tamil Nadu",Nagapattinam,"Sirkali(Uzhavar Sandhai )",Raddish,Raddish,Local,21/09/2026,3600,4000,3800
"Tamil Nadu",Nagapattinam,"Sirkali(Uzhavar Sandhai )","Chow Chow","Chow Chow",Local,21/09/2026,3000,3000,3000
"Tamil Nadu",Namakkal,"Kumarapalayam(Uzhavar Sandhai )",Brinjal,Other,Local,21/09/2026,4700,5200,4950
"Tamil Nadu",Namakkal,"Kumarapalayam(Uzhavar Sandhai )",Coriander(Leaves),"I Sort",Local,21/09/2026,9000,10000,9500
"Tamil Nadu",Namakkal,"Kumarapalayam(Uzhavar Sandhai )",Chikoos(Sapota),Sapota,Local,21/09/2026,3500,4000,3750
"Tamil Nadu",Namakkal,"Kumarapalayam(Uzhavar Sandhai )",Papaya,Papaya,Local,21/09/2026,3000,3500,3250
"Tamil Nadu",Namakkal,"Kumarapalayam(Uzhavar Sandhai )","Mousambi(Sweet Lime)",Mousambi,Local,21/09/2026,3000,3500,3250
"Tamil Nadu",Namakkal,"Kumarapalayam(Uzhavar Sandhai )","Cluster beans","Cluster Beans",Local,21/09/2026,2800,3200,3000
"Tamil Nadu",Namakkal,"Kumarapalayam(Uzhavar Sandhai )","Bitter gourd",Other,Local,21/09/2026,5200,5800,5500
"Tamil Nadu",Namakkal,"Kumarapalayam(Uzhavar Sandhai )",Carrot,Pusakesar,Local,21/09/2026,6500,7000,6750
"Tamil Nadu",Namakkal,"Kumarapalayam(Uzhavar Sandhai )",Ridgeguard(Tori),Ridgeguard(Tori),Local,21/09/2026,5000,5500,5250
"Tamil Nadu",Namakkal,"Kumarapalayam(Uzhavar Sandhai )",Drumstick,Drumstick,Local,21/09/2026,2700,3200,2950
"Tamil Nadu",Namakkal,"Kumarapalayam(Uzhavar Sandhai )","Onion Green","Onion Green",Local,21/09/2026,7000,9000,8000
"Tamil Nadu",Namakkal,"Mohanur(Uzhavar Sandhai )",Potato,Other,Local,21/09/2026,2800,3500,3150
"Tamil Nadu",Namakkal,"Mohanur(Uzhavar Sandhai )",Brinjal,Other,Local,21/09/2026,4800,5600,5200
"Tamil Nadu",Namakkal,"Mohanur(Uzhavar Sandhai )",Coriander(Leaves),"I Sort",Local,21/09/2026,7400,8000,7700
"Tamil Nadu",Namakkal,"Mohanur(Uzhavar Sandhai )",Papaya,Papaya,Local,21/09/2026,3200,3600,3400
"Tamil Nadu",Namakkal,"Mohanur(Uzhavar Sandhai )",Tomato,Deshi,Local,21/09/2026,2400,3400,2900
"Tamil Nadu",Namakkal,"Mohanur(Uzhavar Sandhai )","Cluster beans","Cluster Beans",Local,21/09/2026,4400,4800,4600
"Tamil Nadu",Namakkal,"Mohanur(Uzhavar Sandhai )",Beans,"Beans (Whole)",Local,21/09/2026,8400,9000,8700
"Tamil Nadu",Namakkal,"Mohanur(Uzhavar Sandhai )",Coconut,Coconut,Local,21/09/2026,5400,6400,5900
"Tamil Nadu",Namakkal,"Mohanur(Uzhavar Sandhai )",Snakeguard,Snakeguard,Local,21/09/2026,5400,6000,5700
"Tamil Nadu",Namakkal,"Mohanur(Uzhavar Sandhai )",Raddish,Raddish,Local,21/09/2026,3400,4000,3700
"Tamil Nadu",Namakkal,"Mohanur(Uzhavar Sandhai )","Chow Chow","Chow Chow",Local,21/09/2026,4000,5000,4500
"Tamil Nadu",Namakkal,"Mohanur(Uzhavar Sandhai )","Onion Green","Onion Green",Local,21/09/2026,4000,8000,6000
"Tamil Nadu",Namakkal,"Mohanur(Uzhavar Sandhai )",Mint(Pudina),Mint(Pudina),Local,21/09/2026,5400,6000,5700
"Tamil Nadu",Namakkal,"Namakkal(Uzhavar Sandhai )",Banana,"Red Banana",Local,21/09/2026,7000,7500,7250
"Tamil Nadu",Namakkal,"Namakkal(Uzhavar Sandhai )","Water Melon","Water Melon",Local,21/09/2026,1400,1600,1500
"Tamil Nadu",Namakkal,"Namakkal(Uzhavar Sandhai )","Green Chilli","Green Chilly",Local,21/09/2026,5000,6200,5600
"Tamil Nadu",Namakkal,"Namakkal(Uzhavar Sandhai )",Ginger(Green),"Green Ginger",Local,21/09/2026,16000,18000,17000
"Tamil Nadu",Namakkal,"Namakkal(Uzhavar Sandhai )",Carrot,Pusakesar,Local,21/09/2026,4400,4800,4600
"Tamil Nadu",Namakkal,"Namakkal(Uzhavar Sandhai )",Cabbage,Cabbage,Local,21/09/2026,2000,2500,2250
"Tamil Nadu",Namakkal,"Namakkal(Uzhavar Sandhai )",Ridgeguard(Tori),Ridgeguard(Tori),Local,21/09/2026,6000,6500,6250
"Tamil Nadu",Namakkal,"Namakkal(Uzhavar Sandhai )",Thondekai,Thondekai,Local,21/09/2026,4000,4500,4250
"Tamil Nadu",Namakkal,"Namakkal(Uzhavar Sandhai )","Elephant Yam(Suran)/Amorphophallus","Elephant Yam (Suran)",Local,21/09/2026,4000,4500,4250
"Tamil Nadu",Namakkal,"Namakkal(Uzhavar Sandhai )",Lemon,Lemon,Local,21/09/2026,13000,14000,13500
"Tamil Nadu",Namakkal,"Paramathivelur(Uzhavar Sandhai )",Banana,Other,Local,21/09/2026,4500,5500,5000
"Tamil Nadu",Namakkal,"Paramathivelur(Uzhavar Sandhai )",Potato,"Red Nanital",Local,21/09/2026,2600,3000,2800
"Tamil Nadu",Namakkal,"Paramathivelur(Uzhavar Sandhai )","Cluster beans","Cluster Beans",Local,21/09/2026,3500,4000,3750
"Tamil Nadu",Namakkal,"Paramathivelur(Uzhavar Sandhai )",Ridgeguard(Tori),Ridgeguard(Tori),Local,21/09/2026,6500,7000,6750
"Tamil Nadu",Namakkal,"Paramathivelur(Uzhavar Sandhai )",Drumstick,Drumstick,Local,21/09/2026,3000,3500,3250
"Tamil Nadu",Namakkal,"Paramathivelur(Uzhavar Sandhai )",Lemon,Lemon,Local,21/09/2026,15000,16000,15500
"Tamil Nadu",Namakkal,"Rasipuram(Uzhavar Sandhai )",Pineapple,"Pine Apple",Local,21/09/2026,4500,5500,5000
"Tamil Nadu",Namakkal,"Rasipuram(Uzhavar Sandhai )",Papaya,Papaya,Local,21/09/2026,3000,3500,3250
"Tamil Nadu",Namakkal,"Rasipuram(Uzhavar Sandhai )","Bottle gourd","Bottle Gourd",Local,21/09/2026,1500,2200,1850
"Tamil Nadu",Namakkal,"Rasipuram(Uzhavar Sandhai )",Carrot,Pusakesar,Local,21/09/2026,5500,6500,6000
"Tamil Nadu",Namakkal,"Rasipuram(Uzhavar Sandhai )",Guava,"Guava Allahabad",Local,21/09/2026,6000,7000,6500
"Tamil Nadu",Namakkal,"Rasipuram(Uzhavar Sandhai )","Onion Green","Onion Green",Local,21/09/2026,6500,9500,8000
"Tamil Nadu",Thanjavur,"Tirukattupalli(Uzhavar Sandhai )","Bitter gourd","Bitter Gourd",Local,21/09/2026,5400,5400,5400
"Tamil Nadu",Thanjavur,"Tirukattupalli(Uzhavar Sandhai )",Raddish,Raddish,Local,21/09/2026,2800,2800,2800
"Tamil Nadu",Madurai,"Palanganatham(Uzhavar Sandhai )",Potato,Other,Local,21/09/2026,4500,5500,5000
"Tamil Nadu",Madurai,"Palanganatham(Uzhavar Sandhai )",Ginger(Green),"Green Ginger",Local,21/09/2026,12000,20000,16000
"Tamil Nadu",Madurai,"Palanganatham(Uzhavar Sandhai )",Carrot,Pusakesar,Local,21/09/2026,3600,4500,4050
"Tamil Nadu",Madurai,"Palanganatham(Uzhavar Sandhai )",Cabbage,Cabbage,Local,21/09/2026,2500,3000,2750
"Tamil Nadu",Madurai,"Palanganatham(Uzhavar Sandhai )",Raddish,Raddish,Local,21/09/2026,2400,2800,2600
"Tamil Nadu",Madurai,"Palanganatham(Uzhavar Sandhai )",Drumstick,Drumstick,Local,21/09/2026,5000,6000,5500
"Tamil Nadu",Madurai,"Anna nagar(Uzhavar Sandhai )",Apple,American,Local,21/09/2026,14000,17500,15750
"Tamil Nadu",Madurai,"Anna nagar(Uzhavar Sandhai )",Potato,Other,Local,21/09/2026,6400,6400,6400
"Tamil Nadu",Madurai,"Anna nagar(Uzhavar Sandhai )",Garlic,Garlic,Local,21/09/2026,16000,18000,17000
"Tamil Nadu",Madurai,"Anna nagar(Uzhavar Sandhai )","Chili Red",Bold,Local,21/09/2026,20000,20000,20000
"Tamil Nadu",Madurai,"Anna nagar(Uzhavar Sandhai )",Coriander(Leaves),"I Sort",Local,21/09/2026,3600,3600,3600
"Tamil Nadu",Madurai,"Anna nagar(Uzhavar Sandhai )","Cluster beans","Cluster Beans",Local,21/09/2026,3600,3600,3600
"Tamil Nadu",Madurai,"Anna nagar(Uzhavar Sandhai )",Pumpkin,Pumpkin,Local,21/09/2026,1600,1600,1600
"Tamil Nadu",Madurai,"Anna nagar(Uzhavar Sandhai )",Thondekai,Thondekai,Local,21/09/2026,5600,6000,5800
"Tamil Nadu",Madurai,"Anna nagar(Uzhavar Sandhai )",Capsicum,Capsicum,Local,21/09/2026,5400,5400,5400
"Tamil Nadu",Madurai,"Anna nagar(Uzhavar Sandhai )",Guava,"Guava Allahabad",Local,21/09/2026,7500,7500,7500
"Tamil Nadu",Madurai,"Anna nagar(Uzhavar Sandhai )","Tamarind Fruit","Tamarind Fruit",Local,21/09/2026,14000,14000,14000
"Tamil Nadu",Madurai,"Anna nagar(Uzhavar Sandhai )","Elephant Yam(Suran)/Amorphophallus","Elephant Yam (Suran)",Local,21/09/2026,3800,3800,3800
"Tamil Nadu",Madurai,"Anna nagar(Uzhavar Sandhai )","Indian Beans(Seam)","Indian Beans (Seam)",Local,21/09/2026,6800,7000,6900
"Tamil Nadu",Madurai,"Anna nagar(Uzhavar Sandhai )",Mint(Pudina),Mint(Pudina),Local,21/09/2026,5600,5600,5600
"Tamil Nadu",Perambalur,"Perambalur(Uzhavar Sandhai )",Cauliflower,Ranchi,Local,21/09/2026,5000,6000,5500
"Tamil Nadu",Perambalur,"Perambalur(Uzhavar Sandhai )","Bhindi(Ladies Finger)",Bhindi,Local,21/09/2026,3600,4000,3800
"Tamil Nadu",Perambalur,"Perambalur(Uzhavar Sandhai )",Carrot,Pusakesar,Local,21/09/2026,5200,5600,5400
"Tamil Nadu",Perambalur,"Perambalur(Uzhavar Sandhai )",Capsicum,Capsicum,Local,21/09/2026,6000,6000,6000
"Tamil Nadu",Perambalur,"Perambalur(Uzhavar Sandhai )","Chow Chow","Chow Chow",Local,21/09/2026,4000,4400,4200
"Tamil Nadu",Perambalur,"Perambalur(Uzhavar Sandhai )",Colacasia,Colacasia,Local,21/09/2026,5600,6000,5800
"Tamil Nadu",Salem,"Mecheri(Uzhavar Sandhai)",Coriander(Leaves),"I Sort",Local,21/09/2026,1600,2000,1800
"Tamil Nadu",Salem,"Mecheri(Uzhavar Sandhai)",Tomato,Deshi,Local,21/09/2026,2500,2800,2650
"Tamil Nadu",Salem,"Mecheri(Uzhavar Sandhai)","Cluster beans","Cluster Beans",Local,21/09/2026,3000,3500,3250
"Tamil Nadu",Salem,"Mecheri(Uzhavar Sandhai)",Snakeguard,Snakeguard,Local,21/09/2026,3500,4000,3750
"Tamil Nadu",Salem,"Mecheri(Uzhavar Sandhai)",Ridgeguard(Tori),Ridgeguard(Tori),Local,21/09/2026,4000,4500,4250
"Tamil Nadu",Salem,"Mecheri(Uzhavar Sandhai)",Raddish,Raddish,Local,21/09/2026,2000,2500,2250
"Tamil Nadu",Ranipet,"Arcot(Uzhavar Sandhai )","Bitter gourd","Bitter Gourd",Local,21/09/2026,4000,4000,4000
"Tamil Nadu",Ranipet,"Arcot(Uzhavar Sandhai )",Pumpkin,Pumpkin,Local,21/09/2026,2000,2000,2000
"Tamil Nadu",Ranipet,"Arcot(Uzhavar Sandhai )",Amaranthus,Amaranthus,Local,21/09/2026,2500,3000,2750
"Tamil Nadu",Ranipet,"Arcot(Uzhavar Sandhai )","Green Chilli","Green Chilly",Local,21/09/2026,6000,6000,6000
"Tamil Nadu",Ranipet,"Arcot(Uzhavar Sandhai )",Cucumbar(Kheera),Cucumbar,Local,21/09/2026,4000,4000,4000
"Tamil Nadu",Ranipet,"Arcot(Uzhavar Sandhai )",Capsicum,Capsicum,Local,21/09/2026,5000,5000,5000
"Tamil Nadu",Ranipet,"Arcot(Uzhavar Sandhai )","Green Avare(W)","Green Avare (W)",Local,21/09/2026,6000,6000,6000
"Tamil Nadu",Ranipet,"Arcot(Uzhavar Sandhai )",Pomegranate,Pomogranate,Local,21/09/2026,15000,15000,15000
"Tamil Nadu",Ranipet,"Arcot(Uzhavar Sandhai )",Lemon,Lemon,Local,21/09/2026,20000,20000,20000
"Tamil Nadu",Ranipet,"Arcot(Uzhavar Sandhai )",Colacasia,Colacasia,Local,21/09/2026,4000,4000,4000
"Tamil Nadu",Ranipet,"Arcot(Uzhavar Sandhai )","Amla(Nelli Kai)",Amla,Local,21/09/2026,12000,12000,12000
"Tamil Nadu",Ranipet,"Arcot(Uzhavar Sandhai )","Onion Green","Onion Green",Local,21/09/2026,9000,9000,9000
"Tamil Nadu",Ranipet,"Arcot(Uzhavar Sandhai )",Mint(Pudina),Mint(Pudina),Local,21/09/2026,4000,4000,4000
"Tamil Nadu",Ranipet,"Ranipettai(Uzhavar Sandhai )","Green Peas","Green Peas",Local,21/09/2026,18000,18000,18000
"Tamil Nadu",Ranipet,"Ranipettai(Uzhavar Sandhai )","Bottle gourd","Bottle Gourd",Local,21/09/2026,1500,1500,1500
"Tamil Nadu",Ranipet,"Ranipettai(Uzhavar Sandhai )",Amaranthus,Amaranthus,Local,21/09/2026,2500,3000,2750
"Tamil Nadu",Ranipet,"Ranipettai(Uzhavar Sandhai )","Sweet Potato","Hosur Red",Local,21/09/2026,5000,5000,5000
"Tamil Nadu",Ranipet,"Ranipettai(Uzhavar Sandhai )",Cabbage,Cabbage,Local,21/09/2026,2500,2500,2500
"Tamil Nadu",Ranipet,"Ranipettai(Uzhavar Sandhai )",Cucumbar(Kheera),Cucumbar,Local,21/09/2026,4000,4000,4000
"Tamil Nadu",Ranipet,"Ranipettai(Uzhavar Sandhai )",Raddish,Raddish,Local,21/09/2026,2000,2500,2250
"Tamil Nadu",Ranipet,"Ranipettai(Uzhavar Sandhai )","Chow Chow","Chow Chow",Local,21/09/2026,4000,4000,4000
"Tamil Nadu",Ranipet,"Ranipettai(Uzhavar Sandhai )","Tender Coconut","Tender Coconut",Local,21/09/2026,3000,4000,3500
"Tamil Nadu",Ranipet,"Ranipettai(Uzhavar Sandhai )","Indian Beans(Seam)","Indian Beans (Seam)",Local,21/09/2026,5000,5000,5000
"Tamil Nadu",Ranipet,"Ranipettai(Uzhavar Sandhai )",Colacasia,Colacasia,Local,21/09/2026,3600,4000,3800
"Tamil Nadu",Ranipet,"Ranipettai(Uzhavar Sandhai )","Onion Green","Onion Green",Local,21/09/2026,8000,8000,8000
"Tamil Nadu",Salem,"Ammapet(Uzhavar Sandhai )",Apple,American,Local,21/09/2026,16000,18000,17000
"Tamil Nadu",Salem,"Ammapet(Uzhavar Sandhai )",Orange,Darjeeling,Local,21/09/2026,9000,10000,9500
"Tamil Nadu",Salem,"Ammapet(Uzhavar Sandhai )",Chikoos(Sapota),Sapota,Local,21/09/2026,4500,5000,4750
"Tamil Nadu",Salem,"Ammapet(Uzhavar Sandhai )","Water Melon","Water Melon",Local,21/09/2026,1800,2000,1900
"Tamil Nadu",Salem,"Ammapet(Uzhavar Sandhai )",Ashgourd,Gouard,Local,21/09/2026,1800,2000,1900
"Tamil Nadu",Salem,"Ammapet(Uzhavar Sandhai )",Pumpkin,Pumpkin,Local,21/09/2026,2000,2200,2100
"Tamil Nadu",Salem,"Ammapet(Uzhavar Sandhai )","Green Chilli","Green Chilly",Local,21/09/2026,4000,4200,4100
"Tamil Nadu",Salem,"Ammapet(Uzhavar Sandhai )","Banana - Green","Banana - Green",Local,21/09/2026,2000,2400,2200
"Tamil Nadu",Salem,"Ammapet(Uzhavar Sandhai )",Coconut,Coconut,Local,21/09/2026,5500,6500,6000
"Tamil Nadu",Salem,"Ammapet(Uzhavar Sandhai )",Beetroot,Beetroot,Local,21/09/2026,5500,6000,5750
"Tamil Nadu",Salem,"Ammapet(Uzhavar Sandhai )",Cucumbar(Kheera),Cucumbar,Local,21/09/2026,4500,5000,4750
"Tamil Nadu",Salem,"Ammapet(Uzhavar Sandhai )",Ridgeguard(Tori),Ridgeguard(Tori),Local,21/09/2026,4000,4500,4250
"Tamil Nadu",Salem,"Ammapet(Uzhavar Sandhai )",Raddish,Raddish,Local,21/09/2026,2400,2600,2500
"Tamil Nadu",Salem,"Ammapet(Uzhavar Sandhai )","Tender Coconut","Tender Coconut",Local,21/09/2026,3000,4000,3500
"Tamil Nadu",Salem,"Ammapet(Uzhavar Sandhai )",Yam(Ratalu),"Yam (Ratalu)",Local,21/09/2026,6500,7000,6750
"Tamil Nadu",Salem,"Mettur(Uzhavar Sandhai )",Groundnut,"Big (With Shell)",Local,21/09/2026,6000,6500,6250
"Tamil Nadu",Salem,"Mettur(Uzhavar Sandhai )",Potato,Other,Local,21/09/2026,4000,4500,4250
"Tamil Nadu",Salem,"Mettur(Uzhavar Sandhai )","Cluster beans","Cluster Beans",Local,21/09/2026,3000,3500,3250
"Tamil Nadu",Salem,"Mettur(Uzhavar Sandhai )","Banana - Green","Banana - Green",Local,21/09/2026,2500,3000,2750
"Tamil Nadu",Salem,"Mettur(Uzhavar Sandhai )",Beans,"Beans (Whole)",Local,21/09/2026,7000,7500,7250
"Tamil Nadu",Salem,"Mettur(Uzhavar Sandhai )",Carrot,Pusakesar,Local,21/09/2026,5000,5500,5250
"Tamil Nadu",Salem,"Mettur(Uzhavar Sandhai )",Capsicum,Capsicum,Local,21/09/2026,6500,7000,6750
"Tamil Nadu",Salem,"Mettur(Uzhavar Sandhai )","Green Avare(W)",Other,Local,21/09/2026,5000,5500,5250
"Tamil Nadu",Salem,"Mettur(Uzhavar Sandhai )","Knool Khol","Knool Khol",Local,21/09/2026,4000,4500,4250
"Tamil Nadu",Salem,"Mettur(Uzhavar Sandhai )",Marigold(Calcutta),Marigold(Calcutta),Local,21/09/2026,18000,20000,19000
"Tamil Nadu",Salem,"Sooramangalam(Uzhavar Sandhai )","Mousambi(Sweet Lime)",Mousambi,Local,21/09/2026,3000,3500,3250
"Tamil Nadu",Salem,"Sooramangalam(Uzhavar Sandhai )",Pumpkin,Pumpkin,Local,21/09/2026,1500,1800,1650
"Tamil Nadu",Salem,"Sooramangalam(Uzhavar Sandhai )",Ginger(Green),"Green Ginger",Local,21/09/2026,16000,17000,16500
"Tamil Nadu",Salem,"Sooramangalam(Uzhavar Sandhai )",Lime,Lime,Local,21/09/2026,3500,4000,3750
"Tamil Nadu",Salem,"Sooramangalam(Uzhavar Sandhai )","Elephant Yam(Suran)/Amorphophallus","Elephant Yam (Suran)",Local,21/09/2026,4500,5000,4750
"Tamil Nadu",Salem,"Sooramangalam(Uzhavar Sandhai )",Rose(Local),"Rose (Local)",Local,21/09/2026,6000,7000,6500
"Tamil Nadu",Salem,"Sooramangalam(Uzhavar Sandhai )","Sweet Corn ","Sweet Corn ",Local,21/09/2026,3000,3500,3250
"Tamil Nadu",Thiruchirappalli,"Thuraiyur APMC",Banana,Besrai,Local,21/09/2026,5000,6000,5500
"Tamil Nadu",Thiruchirappalli,"Thuraiyur APMC",Onion,Bellary,Local,21/09/2026,6000,7000,6500
"Tamil Nadu",Thiruchirappalli,"Thuraiyur APMC",Cauliflower,Ranchi,Local,21/09/2026,4000,5000,4500
"Tamil Nadu",Thiruchirappalli,"Thuraiyur APMC",Coriander(Leaves),"I Sort",Local,21/09/2026,2800,3200,3000
"Tamil Nadu",Thiruchirappalli,"Thuraiyur APMC",Beans,"Beans (Whole)",Local,21/09/2026,7000,8500,7750
"Tamil Nadu",Salem,"Thammampatti (Uzhavar Sandhai )",Banana,"Red Banana",Local,21/09/2026,6500,7000,6750
"Tamil Nadu",Salem,"Thammampatti (Uzhavar Sandhai )",Papaya,Papaya,Local,21/09/2026,2500,3000,2750
"Tamil Nadu",Salem,"Thammampatti (Uzhavar Sandhai )",Ginger(Green),"Green Ginger",Local,21/09/2026,7500,18000,12750
"Tamil Nadu",Salem,"Thammampatti (Uzhavar Sandhai )",Capsicum,Capsicum,Local,21/09/2026,6000,6000,6000
"Tamil Nadu",Salem,"Thammampatti (Uzhavar Sandhai )","Onion Green","Onion Green",Local,21/09/2026,6000,7000,6500
"Tamil Nadu",Salem,"Thathakapatti(Uzhavar Sandhai )",Cauliflower,Ranchi,Local,21/09/2026,2000,2500,2250
"Tamil Nadu",Salem,"Thathakapatti(Uzhavar Sandhai )",Papaya,Papaya,Local,21/09/2026,3500,4000,3750
"Tamil Nadu",Salem,"Thathakapatti(Uzhavar Sandhai )","Cluster beans","Cluster Beans",Local,21/09/2026,3400,3600,3500
"Tamil Nadu",Salem,"Thathakapatti(Uzhavar Sandhai )",Amaranthus,Amaranthus,Local,21/09/2026,2000,2400,2200
"Tamil Nadu",Salem,"Thathakapatti(Uzhavar Sandhai )",Ginger(Green),"Green Ginger",Local,21/09/2026,16000,17000,16500
"Tamil Nadu",Salem,"Thathakapatti(Uzhavar Sandhai )","Sweet Potato","Hosur Red",Local,21/09/2026,4000,5000,4500
"Tamil Nadu",Salem,"Thathakapatti(Uzhavar Sandhai )",Raddish,Raddish,Local,21/09/2026,2500,2800,2650
"Tamil Nadu",Salem,"Thathakapatti(Uzhavar Sandhai )","Green Avare(W)","Green Avare (W)",Local,21/09/2026,6000,7000,6500
"Tamil Nadu",Salem,"Thathakapatti(Uzhavar Sandhai )",Lime,Lime,Local,21/09/2026,3500,4000,3750
"Tamil Nadu",Salem,"Thathakapatti(Uzhavar Sandhai )","Tamarind Fruit","Tamarind Fruit",Local,21/09/2026,14000,15000,14500
"Tamil Nadu",Salem,"Thathakapatti(Uzhavar Sandhai )","Custard Apple(Sharifa)","Custard Apple(Sharifa)",Local,21/09/2026,4000,5000,4500
"Tamil Nadu",Salem,"Thathakapatti(Uzhavar Sandhai )",Mint(Pudina),Mint(Pudina),Local,21/09/2026,4000,5000,4500
"Tamil Nadu",Salem,"Thathakapatti(Uzhavar Sandhai )","Sweet Corn ","Sweet Corn ",Local,21/09/2026,3500,4000,3750
"Tamil Nadu",Theni,"Chinnamanur(Uzhavar Sandhai )",Cauliflower,Ranchi,Local,21/09/2026,2000,2500,2250
"Tamil Nadu",Theni,"Chinnamanur(Uzhavar Sandhai )","Bottle gourd","Bottle Gourd",Local,21/09/2026,2000,2000,2000
"Tamil Nadu",Theni,"Chinnamanur(Uzhavar Sandhai )","Green Chilli","Green Chilly",Local,21/09/2026,4600,5000,4800
"Tamil Nadu",Theni,"Chinnamanur(Uzhavar Sandhai )",Capsicum,Capsicum,Local,21/09/2026,5000,5000,5000
"Tamil Nadu",Theni,"Chinnamanur(Uzhavar Sandhai )","Knool Khol","Knool Khol",Local,21/09/2026,3400,3400,3400
"Tamil Nadu",Theni,"Chinnamanur(Uzhavar Sandhai )",Lime,Lime,Local,21/09/2026,10500,10500,10500
"Tamil Nadu",Theni,"Chinnamanur(Uzhavar Sandhai )","Indian Beans(Seam)","Indian Beans (Seam)",Local,21/09/2026,6000,6000,6000
"Tamil Nadu",Theni,"Chinnamanur(Uzhavar Sandhai )",Turnip,Turnip,Local,21/09/2026,3600,3600,3600
"Tamil Nadu",Theni,"Kambam(Uzhavar Sandhai )",Onion,Bellary,Local,21/09/2026,6400,6500,6450
"Tamil Nadu",Theni,"Kambam(Uzhavar Sandhai )",Coriander(Leaves),"I Sort",Local,21/09/2026,3000,3000,3000
"Tamil Nadu",Theni,"Kambam(Uzhavar Sandhai )",Tomato,Deshi,Local,21/09/2026,2400,2500,2450
"Tamil Nadu",Theni,"Kambam(Uzhavar Sandhai )","Bottle gourd","Bottle Gourd",Local,21/09/2026,1400,1800,1600
"Tamil Nadu",Theni,"Kambam(Uzhavar Sandhai )",Cowpea(Veg),"Cowpea (Veg)",Local,21/09/2026,4000,5000,4500
"Tamil Nadu",Theni,"Kambam(Uzhavar Sandhai )",Beans,"Beans (Whole)",Local,21/09/2026,6500,8000,7250
"Tamil Nadu",Theni,"Kambam(Uzhavar Sandhai )",Tapioca,Tapioca,Local,21/09/2026,3000,3500,3250
"Tamil Nadu",Theni,"Kambam(Uzhavar Sandhai )",Snakeguard,Snakeguard,Local,21/09/2026,3000,3000,3000
"Tamil Nadu",Theni,"Kambam(Uzhavar Sandhai )",Ridgeguard(Tori),Ridgeguard(Tori),Local,21/09/2026,4000,4000,4000
"Tamil Nadu",Theni,"Kambam(Uzhavar Sandhai )",Raddish,Raddish,Local,21/09/2026,2000,2000,2000
"Tamil Nadu",Theni,"Kambam(Uzhavar Sandhai )","Elephant Yam(Suran)/Amorphophallus","Elephant Yam (Suran)",Local,21/09/2026,4000,4000,4000
"Tamil Nadu",Theni,"Kambam(Uzhavar Sandhai )","Indian Beans(Seam)","Indian Beans (Seam)",Local,21/09/2026,6000,6000,6000
"Tamil Nadu",Theni,"Kambam(Uzhavar Sandhai )",Lemon,Lemon,Local,21/09/2026,20000,22000,21000
"Tamil Nadu",Theni,"Kambam(Uzhavar Sandhai )","Onion Green","Onion Green",Local,21/09/2026,7000,8500,7750
"Tamil Nadu",Theni,"Kambam(Uzhavar Sandhai )",Mint(Pudina),Mint(Pudina),Local,21/09/2026,5500,5500,5500
"Tamil Nadu",Theni,"Theni(Uzhavar Sandhai )",Orange,Darjeeling,Local,21/09/2026,12000,16000,14000
"Tamil Nadu",Theni,"Theni(Uzhavar Sandhai )",Potato,Other,Local,21/09/2026,5500,5500,5500
"Tamil Nadu",Theni,"Theni(Uzhavar Sandhai )",Brinjal,Other,Local,21/09/2026,3000,3500,3250
"Tamil Nadu",Theni,"Theni(Uzhavar Sandhai )",Papaya,Papaya,Local,21/09/2026,3000,3500,3250
"Tamil Nadu",Theni,"Theni(Uzhavar Sandhai )","Cluster beans","Cluster Beans",Local,21/09/2026,3000,3000,3000
"Tamil Nadu",Theni,"Theni(Uzhavar Sandhai )",Beans,"Beans (Whole)",Local,21/09/2026,7400,8500,7950
"Tamil Nadu",Theni,"Theni(Uzhavar Sandhai )",Ginger(Green),"Green Ginger",Local,21/09/2026,7500,16000,11750
"Tamil Nadu",Theni,"Theni(Uzhavar Sandhai )",Capsicum,Capsicum,Local,21/09/2026,4800,4800,4800
"Tamil Nadu",Theni,"Theni(Uzhavar Sandhai )","Elephant Yam(Suran)/Amorphophallus","Elephant Yam (Suran)",Local,21/09/2026,3500,3500,3500
"Tamil Nadu",Theni,"Theni(Uzhavar Sandhai )",Yam(Ratalu),"Yam (Ratalu)",Local,21/09/2026,5000,5000,5000
"Tamil Nadu",Theni,"Theni(Uzhavar Sandhai )",Lemon,Lemon,Local,21/09/2026,18000,20000,19000
"Tamil Nadu",Theni,"Theni(Uzhavar Sandhai )","Onion Green","Onion Green",Local,21/09/2026,8000,8500,8250
"Tamil Nadu",Thirunelveli,"Ambasamudram(Uzhavar Sandhai )",Pumpkin,Pumpkin,Local,21/09/2026,1000,1200,1100
"Tamil Nadu",Thirunelveli,"Ambasamudram(Uzhavar Sandhai )","Banana - Green","Banana - Green",Local,21/09/2026,2500,3000,2750
"Tamil Nadu",Thirunelveli,"NGO Colony(Uzhavar Sandhai )",Banana,Besrai,Local,21/09/2026,5500,6000,5750
"Tamil Nadu",Thirunelveli,"NGO Colony(Uzhavar Sandhai )",Onion,Bellary,Local,21/09/2026,5500,6300,5900
"Tamil Nadu",Thirunelveli,"NGO Colony(Uzhavar Sandhai )",Coriander(Leaves),"I Sort",Local,21/09/2026,3500,4000,3750
"Tamil Nadu",Thirunelveli,"NGO Colony(Uzhavar Sandhai )",Coconut,Coconut,Local,21/09/2026,5500,6000,5750
"Tamil Nadu",Thirunelveli,"NGO Colony(Uzhavar Sandhai )","Green Avare(W)","Green Avare (W)",Local,21/09/2026,8000,9000,8500
"Tamil Nadu",Thirunelveli,"NGO Colony(Uzhavar Sandhai )",Drumstick,Drumstick,Local,21/09/2026,2500,3000,2750
"Tamil Nadu",Thirunelveli,"Palayamkottai(Uzhavar Sandhai )",Grapes,Annabesahai,Local,21/09/2026,10000,12000,11000
"Tamil Nadu",Thirunelveli,"Palayamkottai(Uzhavar Sandhai )",Onion,Bellary,Local,21/09/2026,5800,6300,6050
"Tamil Nadu",Thirunelveli,"Palayamkottai(Uzhavar Sandhai )",Potato,Other,Local,21/09/2026,2500,2900,2700
"Tamil Nadu",Thirunelveli,"Palayamkottai(Uzhavar Sandhai )",Coriander(Leaves),"I Sort",Local,21/09/2026,3500,4000,3750
"Tamil Nadu",Thirunelveli,"Palayamkottai(Uzhavar Sandhai )",Tomato,Deshi,Local,21/09/2026,2000,2400,2200
"Tamil Nadu",Thirunelveli,"Palayamkottai(Uzhavar Sandhai )",Cowpea(Veg),"Cowpea (Veg)",Local,21/09/2026,2800,3000,2900
"Tamil Nadu",Thirunelveli,"Palayamkottai(Uzhavar Sandhai )",Raddish,Raddish,Local,21/09/2026,3000,3500,3250
"Tamil Nadu",Thirunelveli,"Palayamkottai(Uzhavar Sandhai )","Chow Chow","Chow Chow",Local,21/09/2026,3400,3600,3500
"Tamil Nadu",Thirunelveli,"Palayamkottai(Uzhavar Sandhai )",Mango(Raw-Ripe),"Mango - Raw-Ripe",Local,21/09/2026,10000,11000,10500
"Tamil Nadu",Thirunelveli,"Palayamkottai(Uzhavar Sandhai )",Guava,"Guava Allahabad",Local,21/09/2026,6000,8000,7000
"Tamil Nadu",Thirupur,"Kangayam(Uzhavar Sandhai )",Cauliflower,Ranchi,Local,21/09/2026,3000,3400,3200
"Tamil Nadu",Thirupur,"Kangayam(Uzhavar Sandhai )",Amaranthus,Amaranthus,Local,21/09/2026,2500,2800,2650
"Tamil Nadu",Thirupur,"Kangayam(Uzhavar Sandhai )",Raddish,Raddish,Local,21/09/2026,3000,3500,3250
"Tamil Nadu",Thirupur,"Kangayam(Uzhavar Sandhai )",Drumstick,Drumstick,Local,21/09/2026,2000,2700,2350
"Tamil Nadu",Thirupur,"Kangayam(Uzhavar Sandhai )","Onion Green","Onion Green",Local,21/09/2026,6000,7500,6750
"Tamil Nadu",Thirupur,"Tiruppur (North) (Uzhavar Sandhai )",Potato,Other,Local,21/09/2026,5000,6000,5500
"Tamil Nadu",Thirupur,"Tiruppur (North) (Uzhavar Sandhai )",Cauliflower,Ranchi,Local,21/09/2026,2500,3000,2750
"Tamil Nadu",Thiruvannamalai,"Chengam(Uzhavar Sandhai )",Groundnut,"Big (With Shell)",Local,21/09/2026,7000,8000,7500
"Tamil Nadu",Thiruvannamalai,"Chengam(Uzhavar Sandhai )",Banana,Besrai,Local,21/09/2026,5000,6000,5500
"Tamil Nadu",Thiruvannamalai,"Chengam(Uzhavar Sandhai )","Bhindi(Ladies Finger)",Bhindi,Local,21/09/2026,2500,3000,2750
"Tamil Nadu",Thiruvannamalai,"Chengam(Uzhavar Sandhai )",Amaranthus,Amaranthus,Local,21/09/2026,1200,1500,1350
"Tamil Nadu",Thiruvannamalai,"Chengam(Uzhavar Sandhai )","Green Chilli","Green Chilly",Local,21/09/2026,7000,8000,7500
"Tamil Nadu",Thiruvannamalai,"Chengam(Uzhavar Sandhai )","Banana - Green","Banana - Green",Local,21/09/2026,1200,1500,1350
"Tamil Nadu",Thiruvannamalai,"Chengam(Uzhavar Sandhai )",Beans,"Beans (Whole)",Local,21/09/2026,7000,8000,7500
"Tamil Nadu",Thiruvannamalai,"Chengam(Uzhavar Sandhai )",Raddish,Raddish,Local,21/09/2026,2500,3000,2750
"Tamil Nadu",Thiruvannamalai,"Chengam(Uzhavar Sandhai )",Drumstick,Drumstick,Local,21/09/2026,5000,6000,5500
"Tamil Nadu",Thiruvannamalai,"Chengam(Uzhavar Sandhai )","Tamarind Fruit","Tamarind Fruit",Local,21/09/2026,8000,10000,9000
"Tamil Nadu",Thiruvannamalai,"Chengam(Uzhavar Sandhai )",Mint(Pudina),Mint(Pudina),Local,21/09/2026,3300,4000,3650
"Tamil Nadu",Thiruvannamalai,"Keelpennathur(Uzhavar Sandhai )",Onion,Bellary,Local,21/09/2026,5500,6000,5750
"Tamil Nadu",Thiruvannamalai,"Keelpennathur(Uzhavar Sandhai )","Banana - Green","Banana - Green",Local,21/09/2026,3500,4000,3750
"Tamil Nadu",Thiruvannamalai,"Tamarainagar(Uzhavar Sandhai )",Brinjal,Round,Local,21/09/2026,5000,6000,5500
"Tamil Nadu",Thiruvannamalai,"Tamarainagar(Uzhavar Sandhai )",Coriander(Leaves),"I Sort",Local,21/09/2026,4000,5000,4500
"Tamil Nadu",Thiruvannamalai,"Tamarainagar(Uzhavar Sandhai )",Beans,"Beans (Whole)",Local,21/09/2026,7000,8400,7700
"Tamil Nadu",Thiruvannamalai,"Tamarainagar(Uzhavar Sandhai )",Fig(Anjura/Anjeer),Anjura,Local,21/09/2026,5000,6000,5500
"Tamil Nadu",Thiruvannamalai,"Tamarainagar(Uzhavar Sandhai )",Marigold(Calcutta),Marigold(Calcutta),Local,21/09/2026,15000,20000,17500
"Tamil Nadu",Thiruvannamalai,"Vandavasi(Uzhavar Sandhai )","Cluster beans","Cluster Beans",Local,21/09/2026,4000,4800,4400
"Tamil Nadu",Thiruvannamalai,"Vandavasi(Uzhavar Sandhai )","Bottle gourd","Bottle Gourd",Local,21/09/2026,1600,2000,1800
"Tamil Nadu",Thiruvannamalai,"Vandavasi(Uzhavar Sandhai )",Amaranthus,Amaranthus,Local,21/09/2026,2500,3000,2750
"Tamil Nadu",Thiruvannamalai,"Vandavasi(Uzhavar Sandhai )","Banana - Green","Banana - Green",Local,21/09/2026,1600,2000,1800
"Tamil Nadu",Thiruvannamalai,"Vandavasi(Uzhavar Sandhai )",Raddish,Raddish,Local,21/09/2026,2000,2400,2200
"Tamil Nadu",Thiruvannamalai,"Vandavasi(Uzhavar Sandhai )",Drumstick,Drumstick,Local,21/09/2026,5000,6000,5500
"Tamil Nadu",Thiruvannamalai,"Vandavasi(Uzhavar Sandhai )",Guava,"Guava Allahabad",Local,21/09/2026,5000,6000,5500
"Tamil Nadu",Thiruvarur,"Muthupettai(Uzhavar Sandhai )",Pumpkin,Pumpkin,Local,21/09/2026,2600,2600,2600
"Tamil Nadu",Thiruvarur,"Muthupettai(Uzhavar Sandhai )",Coconut,Coconut,Local,21/09/2026,4000,4000,4000
"Tamil Nadu",Thiruvarur,"Muthupettai(Uzhavar Sandhai )",Mango(Raw-Ripe),"Mango - Raw-Ripe",Local,21/09/2026,9500,9500,9500
"Tamil Nadu",Thiruvarur,"Muthupettai(Uzhavar Sandhai )",Lime,Lime,Local,21/09/2026,3000,3000,3000
"Tamil Nadu",Thiruvarur,"Muthupettai(Uzhavar Sandhai )",Lemon,Lemon,Local,21/09/2026,20000,20000,20000
"Tamil Nadu",Coimbatore,"Sulur(Uzhavar Sandhai )",Banana,Besrai,Local,21/09/2026,6000,9000,7500
"Tamil Nadu",Coimbatore,"Sulur(Uzhavar Sandhai )",Brinjal,Round,Local,21/09/2026,3600,5000,4300
"Tamil Nadu",Coimbatore,"Sulur(Uzhavar Sandhai )",Tomato,Deshi,Local,21/09/2026,2400,2800,2600
"Tamil Nadu",Coimbatore,"Sulur(Uzhavar Sandhai )","Cluster beans","Cluster Beans",Local,21/09/2026,3400,3800,3600
"Tamil Nadu",Coimbatore,"Sulur(Uzhavar Sandhai )","Green Chilli","Green Chilly",Local,21/09/2026,5000,5800,5400
"Tamil Nadu",Coimbatore,"Sulur(Uzhavar Sandhai )",Cabbage,Cabbage,Local,21/09/2026,2200,2500,2350
"Tamil Nadu",Coimbatore,"Sulur(Uzhavar Sandhai )",Beetroot,Beetroot,Local,21/09/2026,4000,5200,4600
"Tamil Nadu",Coimbatore,"Sulur(Uzhavar Sandhai )",Cucumbar(Kheera),Cucumbar,Local,21/09/2026,4000,4500,4250
"Tamil Nadu",Coimbatore,"Sulur(Uzhavar Sandhai )",Ridgeguard(Tori),Ridgeguard(Tori),Local,21/09/2026,4000,4500,4250
"Tamil Nadu",Coimbatore,"Sulur(Uzhavar Sandhai )",Mango(Raw-Ripe),"Mango - Raw-Ripe",Local,21/09/2026,8000,9000,8500
"Tamil Nadu",Coimbatore,"Sulur(Uzhavar Sandhai )",Guava,"Guava Allahabad",Local,21/09/2026,6000,7000,6500
"Tamil Nadu",Coimbatore,"Sulur(Uzhavar Sandhai )","Elephant Yam(Suran)/Amorphophallus","Elephant Yam (Suran)",Local,21/09/2026,3600,4000,3800
"Tamil Nadu",Coimbatore,"Sulur(Uzhavar Sandhai )","Amla(Nelli Kai)",Amla,Local,21/09/2026,11000,12000,11500
"Tamil Nadu",Coimbatore,"Sulur(Uzhavar Sandhai )","Onion Green","Onion Green",Local,21/09/2026,8600,9200,8900
"Tamil Nadu",Pudukkottai,"Gandarvakottai(Uzhavar Sandhai )",Coriander(Leaves),"I Sort",Local,21/09/2026,4500,5000,4750
"Tamil Nadu",Pudukkottai,"Gandarvakottai(Uzhavar Sandhai )",Papaya,Papaya,Local,21/09/2026,3000,3500,3250
"Tamil Nadu",Pudukkottai,"Gandarvakottai(Uzhavar Sandhai )",Amaranthus,Amaranthus,Local,21/09/2026,1000,1500,1250
"Tamil Nadu",Pudukkottai,"Gandarvakottai(Uzhavar Sandhai )","Banana - Green","Banana - Green",Local,21/09/2026,2500,3000,2750
"Tamil Nadu",Pudukkottai,"Gandarvakottai(Uzhavar Sandhai )",Drumstick,Drumstick,Local,21/09/2026,4000,5000,4500
"Tamil Nadu",Cuddalore,"Panruti(Uzhavar Sandhai )",Pumpkin,Pumpkin,Local,21/09/2026,2000,2000,2000
"Tamil Nadu",Cuddalore,"Panruti(Uzhavar Sandhai )",Drumstick,Drumstick,Local,21/09/2026,4000,4000,4000
"Tamil Nadu",Cuddalore,"Panruti(Uzhavar Sandhai )",Lemon,Lemon,Local,21/09/2026,16000,16000,16000
"Tamil Nadu",Cuddalore,"Vadalur(Uzhavar Sandhai )",Banana,"Red Banana",Local,21/09/2026,8000,8000,8000
"Tamil Nadu",Cuddalore,"Vadalur(Uzhavar Sandhai )",Raddish,Raddish,Local,21/09/2026,3000,3000,3000
"Tamil Nadu",Cuddalore,"Vadalur(Uzhavar Sandhai )","Knool Khol","Knool Khol",Local,21/09/2026,3000,3000,3000
"Tamil Nadu",Dharmapuri,"AJattihalli(Uzhavar Sandhai )",Coriander(Leaves),"I Sort",Local,21/09/2026,4500,5000,4750
"Tamil Nadu",Dharmapuri,"AJattihalli(Uzhavar Sandhai )","Banana - Green","Banana - Green",Local,21/09/2026,2500,3000,2750
"Tamil Nadu",Dharmapuri,"AJattihalli(Uzhavar Sandhai )","Sweet Potato","Hosur Red",Local,21/09/2026,5000,5000,5000
"Tamil Nadu",Dharmapuri,"AJattihalli(Uzhavar Sandhai )",Ridgeguard(Tori),Ridgeguard(Tori),Local,21/09/2026,3000,3000,3000
"Tamil Nadu",Thanjavur,"Peravurani(Uzhavar Sandhai)",Banana,Besrai,Local,21/09/2026,3500,3500,3500
"Tamil Nadu",Thanjavur,"Peravurani(Uzhavar Sandhai)",Brinjal,Round,Local,21/09/2026,4400,4400,4400
"Tamil Nadu",Thanjavur,"Peravurani(Uzhavar Sandhai)",Snakeguard,Snakeguard,Local,21/09/2026,4400,4400,4400
"Tamil Nadu",Thanjavur,"Peravurani(Uzhavar Sandhai)",Raddish,Raddish,Local,21/09/2026,4400,4400,4400
"Tamil Nadu",Karur,"Pallapatti (Uzhavar Sandhai )",Brinjal,Other,Local,21/09/2026,5000,6000,5500
"Tamil Nadu",Karur,"Pallapatti (Uzhavar Sandhai )",Coriander(Leaves),"I Sort",Local,21/09/2026,4500,5000,4750
"Tamil Nadu",Karur,"Pallapatti (Uzhavar Sandhai )",Chikoos(Sapota),Sapota,Local,21/09/2026,4500,5000,4750
"Tamil Nadu",Karur,"Pallapatti (Uzhavar Sandhai )",Papaya,Papaya,Local,21/09/2026,3500,4000,3750
"Tamil Nadu",Karur,"Pallapatti (Uzhavar Sandhai )",Ashgourd,Gouard,Local,21/09/2026,2200,2500,2350
"Tamil Nadu",Karur,"Pallapatti (Uzhavar Sandhai )","Bhindi(Ladies Finger)",Bhindi,Local,21/09/2026,4500,5000,4750
"Tamil Nadu",Karur,"Pallapatti (Uzhavar Sandhai )","Green Chilli","Green Chilly",Local,21/09/2026,5000,6000,5500
"Tamil Nadu",Karur,"Pallapatti (Uzhavar Sandhai )",Lemon,Lemon,Local,21/09/2026,25000,28000,26500
"Tamil Nadu",Karur,"Velayuthampalayam(Uzhavar Sandhai )",Brinjal,Other,Local,21/09/2026,2800,3500,3150
"Tamil Nadu",Karur,"Velayuthampalayam(Uzhavar Sandhai )",Pumpkin,Pumpkin,Local,21/09/2026,2000,2500,2250
"Tamil Nadu",Karur,"Velayuthampalayam(Uzhavar Sandhai )",Raddish,Raddish,Local,21/09/2026,2400,3000,2700
"Tamil Nadu",Karur,"Vengamedu(Uzhavar Sandhai )","Bhindi(Ladies Finger)",Bhindi,Local,21/09/2026,3500,4000,3750
"Tamil Nadu",Karur,"Vengamedu(Uzhavar Sandhai )","Green Chilli","Green Chilly",Local,21/09/2026,5000,6000,5500
"Tamil Nadu",Karur,"Vengamedu(Uzhavar Sandhai )",Ridgeguard(Tori),Ridgeguard(Tori),Local,21/09/2026,4000,4500,4250
"Tamil Nadu",Theni,"Devaram(Uzhavar Sandhai )",Banana,Besrai,Local,21/09/2026,6500,6500,6500
"Tamil Nadu",Theni,"Devaram(Uzhavar Sandhai )",Cauliflower,Ranchi,Local,21/09/2026,3500,3500,3500
"Tamil Nadu",Theni,"Devaram(Uzhavar Sandhai )",Coriander(Leaves),"I Sort",Local,21/09/2026,3000,3000,3000
"Tamil Nadu",Theni,"Devaram(Uzhavar Sandhai )","Cluster beans","Cluster Beans",Local,21/09/2026,3000,3000,3000
"Tamil Nadu",Theni,"Devaram(Uzhavar Sandhai )",Pumpkin,Pumpkin,Local,21/09/2026,1800,1800,1800
"Tamil Nadu",Theni,"Devaram(Uzhavar Sandhai )",Amaranthus,Amaranthus,Local,21/09/2026,2500,2500,2500
"Tamil Nadu",Theni,"Devaram(Uzhavar Sandhai )",Raddish,Raddish,Local,21/09/2026,2000,2000,2000
"Tamil Nadu",Theni,"Devaram(Uzhavar Sandhai )","Chow Chow","Chow Chow",Local,21/09/2026,2400,2400,2400
"Tamil Nadu",Theni,"Devaram(Uzhavar Sandhai )","Indian Beans(Seam)","Indian Beans (Seam)",Local,21/09/2026,6000,6000,6000
"Tamil Nadu",Theni,"Devaram(Uzhavar Sandhai )","Onion Green","Onion Green",Local,21/09/2026,8000,8000,8000
"Tamil Nadu",Salem,"Attayampatti(Uzhavar Sandhai )",Papaya,Papaya,Local,21/09/2026,3500,3500,3500
"Tamil Nadu",Salem,"Attayampatti(Uzhavar Sandhai )","Cluster beans","Cluster Beans",Local,21/09/2026,3500,3500,3500
"Tamil Nadu",Salem,"Attayampatti(Uzhavar Sandhai )","Bottle gourd","Bottle Gourd",Local,21/09/2026,2600,3000,2800
"Tamil Nadu",Salem,"Attayampatti(Uzhavar Sandhai )","Banana - Green","Banana - Green",Local,21/09/2026,2400,2800,2600
"Tamil Nadu",Salem,"Attayampatti(Uzhavar Sandhai )",Coconut,Coconut,Local,21/09/2026,6500,6500,6500
"Tamil Nadu",Salem,"Attayampatti(Uzhavar Sandhai )",Snakeguard,Snakeguard,Local,21/09/2026,3400,3800,3600
"Tamil Nadu",Salem,"Attayampatti(Uzhavar Sandhai )",Ridgeguard(Tori),Ridgeguard(Tori),Local,21/09/2026,4000,4000,4000
"Tamil Nadu",Sivaganga,"Sivagangai (Uzhavar Sandhai )","Bottle gourd","Bottle Gourd",Local,21/09/2026,2200,2800,2500
"Tamil Nadu",Salem,"Edapadi (Uzhavar Sandhai )",Banana,"Red Banana",Local,21/09/2026,7500,8000,7750
"Tamil Nadu",Salem,"Edapadi (Uzhavar Sandhai )",Brinjal,Other,Local,21/09/2026,2800,3000,2900
"Tamil Nadu",Salem,"Edapadi (Uzhavar Sandhai )",Coriander(Leaves),"I Sort",Local,21/09/2026,1800,2000,1900
"Tamil Nadu",Salem,"Edapadi (Uzhavar Sandhai )",Tomato,Other,Local,21/09/2026,2200,2500,2350
"Tamil Nadu",Salem,"Edapadi (Uzhavar Sandhai )","Bhindi(Ladies Finger)",Bhindi,Local,21/09/2026,2400,2600,2500
"Tamil Nadu",Salem,"Edapadi (Uzhavar Sandhai )","Banana - Green","Banana - Green",Local,21/09/2026,2400,2800,2600
"Tamil Nadu",Salem,"Edapadi (Uzhavar Sandhai )",Beans,"Beans (Whole)",Local,21/09/2026,8500,9000,8750
"Tamil Nadu",Salem,"Edapadi (Uzhavar Sandhai )",Tapioca,Tapioca,Local,21/09/2026,3000,3500,3250
"Tamil Nadu",Salem,"Edapadi (Uzhavar Sandhai )",Ginger(Green),"Green Ginger",Local,21/09/2026,17500,18000,17750
"Tamil Nadu",Salem,"Edapadi (Uzhavar Sandhai )",Snakeguard,Snakeguard,Local,21/09/2026,3500,4000,3750
"Tamil Nadu",Salem,"Edapadi (Uzhavar Sandhai )",Beetroot,Beetroot,Local,21/09/2026,6500,7000,6750
"Tamil Nadu",Salem,"Elampillai(Uzhavar Sandhai )",Banana,"Red Banana",Local,21/09/2026,7000,8000,7500
"Tamil Nadu",Salem,"Elampillai(Uzhavar Sandhai )",Onion,Bellary,Local,21/09/2026,5500,6500,6000
"Tamil Nadu",Salem,"Elampillai(Uzhavar Sandhai )",Garlic,Garlic,Local,21/09/2026,25000,28000,26500
"Tamil Nadu",Salem,"Elampillai(Uzhavar Sandhai )",Cauliflower,Ranchi,Local,21/09/2026,2000,3000,2500
"Tamil Nadu",Salem,"Elampillai(Uzhavar Sandhai )",Brinjal,Other,Local,21/09/2026,3000,3500,3250
"Tamil Nadu",Salem,"Elampillai(Uzhavar Sandhai )","Banana - Green","Banana - Green",Local,21/09/2026,2500,3000,2750
"Tamil Nadu",Salem,"Elampillai(Uzhavar Sandhai )",Ginger(Green),"Green Ginger",Local,21/09/2026,16000,17500,16750
"Tamil Nadu",Salem,"Elampillai(Uzhavar Sandhai )",Carrot,Pusakesar,Local,21/09/2026,4500,5000,4750
"Tamil Nadu",Salem,"Elampillai(Uzhavar Sandhai )",Ridgeguard(Tori),Ridgeguard(Tori),Local,21/09/2026,3000,4000,3500
"Tamil Nadu",Salem,"Elampillai(Uzhavar Sandhai )",Guava,"Guava Allahabad",Local,21/09/2026,3500,4000,3750
"Tamil Nadu",Salem,"Hasthampatti(Uzhavar Sandhai )",Banana,"Red Banana",Local,21/09/2026,7500,8000,7750
"Tamil Nadu",Salem,"Hasthampatti(Uzhavar Sandhai )",Potato,Other,Local,21/09/2026,4500,5000,4750
"Tamil Nadu",Salem,"Hasthampatti(Uzhavar Sandhai )",Papaya,Papaya,Local,21/09/2026,3000,3500,3250
"Tamil Nadu",Salem,"Hasthampatti(Uzhavar Sandhai )",Ashgourd,Gouard,Local,21/09/2026,1800,2000,1900
"Tamil Nadu",Salem,"Hasthampatti(Uzhavar Sandhai )",Amaranthus,Amaranthus,Local,21/09/2026,2000,2400,2200
"Tamil Nadu",Salem,"Hasthampatti(Uzhavar Sandhai )",Cowpea(Veg),"Cowpea (Veg)",Local,21/09/2026,4500,5000,4750
"Tamil Nadu",Salem,"Hasthampatti(Uzhavar Sandhai )",Tapioca,Tapioca,Local,21/09/2026,3000,3500,3250
"Tamil Nadu",Salem,"Hasthampatti(Uzhavar Sandhai )",Ridgeguard(Tori),Ridgeguard(Tori),Local,21/09/2026,4000,4500,4250
"Tamil Nadu",Salem,"Hasthampatti(Uzhavar Sandhai )","Knool Khol","Knool Khol",Local,21/09/2026,4000,4600,4300
"Tamil Nadu",Salem,"Hasthampatti(Uzhavar Sandhai )",Mint(Pudina),Mint(Pudina),Local,21/09/2026,4000,4500,4250
"Tamil Nadu",Salem,"Jalagandapuram(Uzhavar Sandhai )",Groundnut,"Big (With Shell)",Local,21/09/2026,6500,7000,6750
"Tamil Nadu",Salem,"Jalagandapuram(Uzhavar Sandhai )",Cauliflower,Ranchi,Local,21/09/2026,2200,2500,2350
"Tamil Nadu",Salem,"Jalagandapuram(Uzhavar Sandhai )",Tomato,Other,Local,21/09/2026,2500,2800,2650
"Tamil Nadu",Salem,"Jalagandapuram(Uzhavar Sandhai )","Bottle gourd","Bottle Gourd",Local,21/09/2026,1500,2000,1750
"Tamil Nadu",Salem,"Jalagandapuram(Uzhavar Sandhai )","Bhindi(Ladies Finger)",Bhindi,Local,21/09/2026,2200,2600,2400
"Tamil Nadu",Salem,"Jalagandapuram(Uzhavar Sandhai )",Amaranthus,Amaranthus,Local,21/09/2026,2000,2400,2200
"Tamil Nadu",Salem,"Jalagandapuram(Uzhavar Sandhai )",Cowpea(Veg),"Cowpea (Veg)",Local,21/09/2026,4500,5000,4750
"Tamil Nadu",Salem,"Jalagandapuram(Uzhavar Sandhai )",Snakeguard,Snakeguard,Local,21/09/2026,3500,3800,3650
"Tamil Nadu",Salem,"Jalagandapuram(Uzhavar Sandhai )",Raddish,Raddish,Local,21/09/2026,2000,2500,2250
"Tamil Nadu",Salem,"Jalagandapuram(Uzhavar Sandhai )","Green Avare(W)",Other,Local,21/09/2026,6000,6500,6250
"Tamil Nadu",Salem,"Jalagandapuram(Uzhavar Sandhai )",Lime,Lime,Local,21/09/2026,3000,3500,3250
"Tamil Nadu",Salem,"Jalagandapuram(Uzhavar Sandhai )",Guava,"Guava Allahabad",Local,21/09/2026,6000,7000,6500
"Tamil Nadu",Sivaganga,"Singampunari(Uzhavar Sandhai )",Cauliflower,Ranchi,Local,21/09/2026,2600,3200,2900
"Tamil Nadu",Sivaganga,"Singampunari(Uzhavar Sandhai )",Brinjal,Other,Local,21/09/2026,4200,4600,4400
"Tamil Nadu",Sivaganga,"Singampunari(Uzhavar Sandhai )","Banana - Green","Banana - Green",Local,21/09/2026,2500,3000,2750
"Tamil Nadu",Sivaganga,"Singampunari(Uzhavar Sandhai )",Raddish,Raddish,Local,21/09/2026,2600,3000,2800
"Tamil Nadu",Sivaganga,"Singampunari(Uzhavar Sandhai )","Green Avare(W)",Other,Local,21/09/2026,8200,9200,8700
"Tamil Nadu",Sivaganga,"Karaikudi(Uzhavar Sandhai )","Cluster beans","Cluster Beans",Local,21/09/2026,4000,4500,4250
"Tamil Nadu",Sivaganga,"Karaikudi(Uzhavar Sandhai )","Bitter gourd",Other,Local,21/09/2026,5500,6000,5750
"Tamil Nadu",Sivaganga,"Karaikudi(Uzhavar Sandhai )",Amaranthus,Amaranthus,Local,21/09/2026,3500,4000,3750
"Tamil Nadu",Sivaganga,"Karaikudi(Uzhavar Sandhai )","Banana - Green","Banana - Green",Local,21/09/2026,3000,4000,3500
"Tamil Nadu",Sivaganga,"Karaikudi(Uzhavar Sandhai )",Ginger(Green),"Green Ginger",Local,21/09/2026,21000,21000,21000
"Tamil Nadu",Sivaganga,"Karaikudi(Uzhavar Sandhai )",Carrot,Pusakesar,Local,21/09/2026,3200,5000,4100
"Tamil Nadu",Sivaganga,"Karaikudi(Uzhavar Sandhai )",Snakeguard,Snakeguard,Local,21/09/2026,3500,4000,3750
"Tamil Nadu",Sivaganga,"Karaikudi(Uzhavar Sandhai )",Beetroot,Beetroot,Local,21/09/2026,4500,5500,5000
"Tamil Nadu",Sivaganga,"Karaikudi(Uzhavar Sandhai )","Green Avare(W)",Other,Local,21/09/2026,9000,10000,9500
"Tamil Nadu",Sivaganga,"Karaikudi(Uzhavar Sandhai )","Chow Chow","Chow Chow",Local,21/09/2026,3000,3500,3250
"Tamil Nadu",Sivaganga,"Karaikudi(Uzhavar Sandhai )",Yam(Ratalu),"Yam (Ratalu)",Local,21/09/2026,7000,7500,7250
"Tamil Nadu",Sivaganga,"Tirupatthur(Uzhavar Sandhai )",Papaya,Papaya,Local,21/09/2026,5000,5500,5250
"Tamil Nadu",Sivaganga,"Tirupatthur(Uzhavar Sandhai )","Cluster beans","Cluster Beans",Local,21/09/2026,4000,4500,4250
"Tamil Nadu",Sivaganga,"Tirupatthur(Uzhavar Sandhai )",Amaranthus,Amaranthus,Local,21/09/2026,3500,4000,3750
"Tamil Nadu",Sivaganga,"Tirupatthur(Uzhavar Sandhai )","Green Chilli","Green Chilly",Local,21/09/2026,3500,4000,3750
"Tamil Nadu",Sivaganga,"Tirupatthur(Uzhavar Sandhai )",Coconut,Coconut,Local,21/09/2026,7000,7500,7250
"Tamil Nadu",Sivaganga,"Tirupatthur(Uzhavar Sandhai )","Green Avare(W)",Other,Local,21/09/2026,8400,9500,8950
"Tamil Nadu",Sivaganga,"Tirupatthur(Uzhavar Sandhai )",Mango(Raw-Ripe),"Mango - Raw-Ripe",Local,21/09/2026,12400,13500,12950
"Tamil Nadu",Sivaganga,"Tirupatthur(Uzhavar Sandhai )","Elephant Yam(Suran)/Amorphophallus","Elephant Yam (Suran)",Local,21/09/2026,4500,5000,4750
"Tamil Nadu",Sivaganga,"Tirupatthur(Uzhavar Sandhai )",Yam(Ratalu),"Yam (Ratalu)",Local,21/09/2026,7000,7500,7250
"Tamil Nadu",Thanjavur,"Pattukottai(Uzhavar Sandhai )",Potato,"Red Nanital",Local,21/09/2026,3000,3000,3000
"Tamil Nadu",Thanjavur,"Pattukottai(Uzhavar Sandhai )",Cauliflower,Ranchi,Local,21/09/2026,4800,4800,4800
"Tamil Nadu",Thanjavur,"Pattukottai(Uzhavar Sandhai )",Tomato,Deshi,Local,21/09/2026,3400,3400,3400
"Tamil Nadu",Thanjavur,"Pattukottai(Uzhavar Sandhai )","Cluster beans","Cluster Beans",Local,21/09/2026,4000,4000,4000
"Tamil Nadu",Thanjavur,"Pattukottai(Uzhavar Sandhai )","Bitter gourd","Bitter Gourd",Local,21/09/2026,6000,6000,6000
"Tamil Nadu",Thanjavur,"Pattukottai(Uzhavar Sandhai )",Ashgourd,Gouard,Local,21/09/2026,3000,3000,3000
"Tamil Nadu",Thanjavur,"Pattukottai(Uzhavar Sandhai )",Ginger(Green),"Green Ginger",Local,21/09/2026,12000,18000,15000
"Tamil Nadu",Thanjavur,"Pattukottai(Uzhavar Sandhai )",Raddish,Raddish,Local,21/09/2026,4400,4400,4400
"Tamil Nadu",Thanjavur,"Pattukottai(Uzhavar Sandhai )","Green Avare(W)","Green Avare (W)",Local,21/09/2026,11400,11400,11400
"Tamil Nadu",Thanjavur,"Pattukottai(Uzhavar Sandhai )",Yam(Ratalu),"Yam (Ratalu)",Local,21/09/2026,7000,7000,7000
"Tamil Nadu",Thiruchirappalli,"KKNagar(Uzhavar Sandhai )",Potato,Other,Local,21/09/2026,3000,3000,3000
"Tamil Nadu",Thiruchirappalli,"KKNagar(Uzhavar Sandhai )",Garlic,Garlic,Local,21/09/2026,26000,26000,26000
"Tamil Nadu",Thiruchirappalli,"KKNagar(Uzhavar Sandhai )",Brinjal,Other,Local,21/09/2026,4600,4600,4600
"Tamil Nadu",Thiruchirappalli,"KKNagar(Uzhavar Sandhai )","Green Peas","Green Peas",Local,21/09/2026,22000,22000,22000
"Tamil Nadu",Thiruchirappalli,"KKNagar(Uzhavar Sandhai )",Papaya,Papaya,Local,21/09/2026,6000,6000,6000
"Tamil Nadu",Thiruchirappalli,"KKNagar(Uzhavar Sandhai )",Tomato,Deshi,Local,21/09/2026,3200,3200,3200
"Tamil Nadu",Thiruchirappalli,"KKNagar(Uzhavar Sandhai )","Bottle gourd","Bottle Gourd",Local,21/09/2026,2400,2400,2400
"Tamil Nadu",Thiruchirappalli,"KKNagar(Uzhavar Sandhai )",Beans,"Beans (Whole)",Local,21/09/2026,8400,8400,8400
"Tamil Nadu",Thiruchirappalli,"KKNagar(Uzhavar Sandhai )",Thondekai,Thondekai,Local,21/09/2026,6000,6000,6000
"Tamil Nadu",Thiruchirappalli,"KKNagar(Uzhavar Sandhai )",Lime,Lime,Local,21/09/2026,5000,5000,5000
"Tamil Nadu",Thiruchirappalli,"KKNagar(Uzhavar Sandhai )",Mashrooms,Mashrooms,Local,21/09/2026,22000,22000,22000
"Tamil Nadu",Thiruchirappalli,"KKNagar(Uzhavar Sandhai )",Mint(Pudina),Mint(Pudina),Local,21/09/2026,5600,5600,5600
"Tamil Nadu",Thiruchirappalli,"Lalgudi(Uzhavar Sandhai )",Brinjal,Other,Local,21/09/2026,4600,4600,4600
"Tamil Nadu",Thiruchirappalli,"Lalgudi(Uzhavar Sandhai )",Ashgourd,Gouard,Local,21/09/2026,2000,2000,2000
"Tamil Nadu",Thiruchirappalli,"Lalgudi(Uzhavar Sandhai )","Bhindi(Ladies Finger)",Bhindi,Local,21/09/2026,3600,3600,3600
"Tamil Nadu",Thiruchirappalli,"Lalgudi(Uzhavar Sandhai )","Banana - Green","Banana - Green",Local,21/09/2026,3000,3000,3000
"Tamil Nadu",Thiruchirappalli,"Lalgudi(Uzhavar Sandhai )",Beans,"Beans (Whole)",Local,21/09/2026,8400,8400,8400
"Tamil Nadu",Thiruchirappalli,"Lalgudi(Uzhavar Sandhai )","Indian Beans(Seam)","Indian Beans (Seam)",Local,21/09/2026,7000,7000,7000
"Tamil Nadu",Thiruchirappalli,"Lalgudi(Uzhavar Sandhai )",Lemon,Lemon,Local,21/09/2026,25000,25000,25000
"Tamil Nadu",Thiruchirappalli,"Lalgudi(Uzhavar Sandhai )",Colacasia,Colacasia,Local,21/09/2026,5400,5400,5400
"Tamil Nadu",Thiruchirappalli,"Lalgudi(Uzhavar Sandhai )","Onion Green","Onion Green",Local,21/09/2026,10000,10000,10000
"Tamil Nadu",Thiruchirappalli,"Manachanallur(Uzhavar Sandhai )",Banana,Besrai,Local,21/09/2026,5000,5000,5000
"Tamil Nadu",Thiruchirappalli,"Manachanallur(Uzhavar Sandhai )",Cauliflower,Ranchi,Local,21/09/2026,4000,4000,4000
"Tamil Nadu",Thiruchirappalli,"Manachanallur(Uzhavar Sandhai )","Cluster beans","Cluster Beans",Local,21/09/2026,3600,3600,3600
"Tamil Nadu",Thiruchirappalli,"Manachanallur(Uzhavar Sandhai )","Bhindi(Ladies Finger)",Bhindi,Local,21/09/2026,3600,3600,3600
"Tamil Nadu",Thiruchirappalli,"Manachanallur(Uzhavar Sandhai )",Ridgeguard(Tori),Ridgeguard(Tori),Local,21/09/2026,4000,4000,4000
"Tamil Nadu",Thiruchirappalli,"Manapparai(Uzhavar Sandhai )",Ashgourd,Gouard,Local,21/09/2026,2000,2000,2000
"Tamil Nadu",Thiruchirappalli,"Manapparai(Uzhavar Sandhai )","Bhindi(Ladies Finger)",Bhindi,Local,21/09/2026,3600,3600,3600
"Tamil Nadu",Thiruchirappalli,"Manapparai(Uzhavar Sandhai )",Amaranthus,Amaranthus,Local,21/09/2026,2000,2000,2000
"Tamil Nadu",Thiruchirappalli,"Manapparai(Uzhavar Sandhai )",Cowpea(Veg),"Cowpea (Veg)",Local,21/09/2026,3600,3600,3600
"Tamil Nadu",Thiruchirappalli,"Manapparai(Uzhavar Sandhai )",Coconut,Coconut,Local,21/09/2026,7000,7000,7000
"Tamil Nadu",Thiruchirappalli,"Manapparai(Uzhavar Sandhai )",Drumstick,Drumstick,Local,21/09/2026,4600,5000,4800
"Tamil Nadu",Thiruchirappalli,"Manapparai(Uzhavar Sandhai )",Lemon,Lemon,Local,21/09/2026,20000,20000,20000
"Tamil Nadu",Thiruchirappalli,"Manapparai(Uzhavar Sandhai )","Onion Green","Onion Green",Local,21/09/2026,9000,10000,9500
"Tamil Nadu",Thiruchirappalli,"Musiri(Uzhavar Sandhai )",Onion,Bellary,Local,21/09/2026,5500,7000,6250
"Tamil Nadu",Thiruchirappalli,"Musiri(Uzhavar Sandhai )",Potato,Other,Local,21/09/2026,2600,3000,2800
"Tamil Nadu",Thiruchirappalli,"Musiri(Uzhavar Sandhai )",Brinjal,Other,Local,21/09/2026,2000,2600,2300
"Tamil Nadu",Thiruchirappalli,"Musiri(Uzhavar Sandhai )",Tomato,Local,Local,21/09/2026,2500,3000,2750
"Tamil Nadu",Thiruchirappalli,"Musiri(Uzhavar Sandhai )",Cucumbar(Kheera),Cucumbar,Local,21/09/2026,4000,4600,4300
"Tamil Nadu",Thiruchirappalli,"Musiri(Uzhavar Sandhai )",Ridgeguard(Tori),Ridgeguard(Tori),Local,21/09/2026,4000,4600,4300
"Tamil Nadu",Thiruchirappalli,"Musiri(Uzhavar Sandhai )","Chow Chow","Chow Chow",Local,21/09/2026,3500,4000,3750
"Tamil Nadu",Thiruchirappalli,"Musiri(Uzhavar Sandhai )","Onion Green","Onion Green",Local,21/09/2026,5000,8000,6500
"Tamil Nadu",Thiruchirappalli,"Musiri(Uzhavar Sandhai )",Mint(Pudina),Mint(Pudina),Local,21/09/2026,5000,5600,5300
"Tamil Nadu",Thiruchirappalli,"Thiruverumbur(Uzhavar Sandhai )",Banana,Karpura,Local,21/09/2026,4000,5000,4500
"Tamil Nadu",Thiruchirappalli,"Thiruverumbur(Uzhavar Sandhai )",Coriander(Leaves),"I Sort",Local,21/09/2026,3200,3200,3200
"Tamil Nadu",Thiruchirappalli,"Thiruverumbur(Uzhavar Sandhai )",Cowpea(Veg),"Cowpea (Veg)",Local,21/09/2026,3000,3000,3000
"Tamil Nadu",Thiruchirappalli,"Thiruverumbur(Uzhavar Sandhai )",Beans,"Beans (Whole)",Local,21/09/2026,8400,8400,8400
"Tamil Nadu",Thiruchirappalli,"Thiruverumbur(Uzhavar Sandhai )",Snakeguard,Snakeguard,Local,21/09/2026,4000,4000,4000
"Tamil Nadu",Thiruchirappalli,"Thiruverumbur(Uzhavar Sandhai )",Raddish,Raddish,Local,21/09/2026,3000,3000,3000
"Tamil Nadu",Thiruchirappalli,"Thiruverumbur(Uzhavar Sandhai )",Thondekai,Thondekai,Local,21/09/2026,6000,6000,6000
"Tamil Nadu",Thiruchirappalli,"Thiruverumbur(Uzhavar Sandhai )","Chow Chow","Chow Chow",Local,21/09/2026,4000,4000,4000
"Tamil Nadu",Virudhunagar,"Rajapalayam(Uzhavar Sandhai )",Banana,Besrai,Local,21/09/2026,3500,4000,3750
"Tamil Nadu",Virudhunagar,"Rajapalayam(Uzhavar Sandhai )",Coriander(Leaves),"I Sort",Local,21/09/2026,4000,4500,4250
"Tamil Nadu",Virudhunagar,"Rajapalayam(Uzhavar Sandhai )",Tomato,Deshi,Local,21/09/2026,2000,2500,2250
"Tamil Nadu",Virudhunagar,"Rajapalayam(Uzhavar Sandhai )",Ashgourd,Gouard,Local,21/09/2026,1500,2000,1750
"Tamil Nadu",Virudhunagar,"Rajapalayam(Uzhavar Sandhai )",Ginger(Green),"Green Ginger",Local,21/09/2026,19000,20000,19500
"Tamil Nadu",Virudhunagar,"Rajapalayam(Uzhavar Sandhai )",Coconut,Coconut,Local,21/09/2026,5000,6000,5500
"Tamil Nadu",Virudhunagar,"Rajapalayam(Uzhavar Sandhai )",Cabbage,Cabbage,Local,21/09/2026,3000,3500,3250
"Tamil Nadu",Virudhunagar,"Rajapalayam(Uzhavar Sandhai )","Green Avare(W)","Green Avare (W)",Local,21/09/2026,9000,10000,9500
"Tamil Nadu",Virudhunagar,"Rajapalayam(Uzhavar Sandhai )",Lemon,Lemon,Local,21/09/2026,21000,22000,21500
"Tamil Nadu",Virudhunagar,"Thalavaipuram(Uzhavar Sandhai )",Potato,"Red Nanital",Local,21/09/2026,3000,3500,3250
"Tamil Nadu",Virudhunagar,"Thalavaipuram(Uzhavar Sandhai )",Tomato,Deshi,Local,21/09/2026,2000,2500,2250
"Tamil Nadu",Virudhunagar,"Thalavaipuram(Uzhavar Sandhai )","Banana - Green","Banana - Green",Local,21/09/2026,3000,3500,3250
"Tamil Nadu",Virudhunagar,"Thalavaipuram(Uzhavar Sandhai )","Elephant Yam(Suran)/Amorphophallus","Elephant Yam (Suran)",Local,21/09/2026,4500,5000,4750
"Tamil Nadu",Virudhunagar,"Thalavaipuram(Uzhavar Sandhai )",Colacasia,Colacasia,Local,21/09/2026,6000,7000,6500
"Tamil Nadu",Chengalpattu,"Nanganallur(Uzhavar Sandhai )",Onion,Bellary,Local,21/09/2026,5500,6000,5750
"Tamil Nadu",Chengalpattu,"Nanganallur(Uzhavar Sandhai )",Potato,"Red Nanital",Local,21/09/2026,3500,4000,3750
"Tamil Nadu",Chengalpattu,"Nanganallur(Uzhavar Sandhai )",Papaya,Papaya,Local,21/09/2026,5500,6000,5750
"Tamil Nadu",Chengalpattu,"Nanganallur(Uzhavar Sandhai )",Pumpkin,Pumpkin,Local,21/09/2026,3500,4000,3750
"Tamil Nadu",Chengalpattu,"Nanganallur(Uzhavar Sandhai )",Coconut,Coconut,Local,21/09/2026,7500,8000,7750
"Tamil Nadu",Chengalpattu,"Nanganallur(Uzhavar Sandhai )",Carrot,Pusakesar,Local,21/09/2026,7500,8000,7750
"Tamil Nadu",Chengalpattu,"Nanganallur(Uzhavar Sandhai )",Snakeguard,Snakeguard,Local,21/09/2026,3500,4000,3750
"Tamil Nadu",Chengalpattu,"Nanganallur(Uzhavar Sandhai )",Ridgeguard(Tori),Ridgeguard(Tori),Local,21/09/2026,4500,5000,4750
"Tamil Nadu",Chengalpattu,"Nanganallur(Uzhavar Sandhai )",Raddish,Raddish,Local,21/09/2026,3500,4000,3750
"Tamil Nadu",Chengalpattu,"Nanganallur(Uzhavar Sandhai )","Chow Chow","Chow Chow",Local,21/09/2026,3500,4000,3750
"Tamil Nadu",Chengalpattu,"Nanganallur(Uzhavar Sandhai )",Guava,"Guava Allahabad",Local,21/09/2026,5500,6000,5750
"Tamil Nadu",Chengalpattu,"Nanganallur(Uzhavar Sandhai )","Karbuja(Musk Melon)",Karbhuja,Local,21/09/2026,4500,5000,4750
"Tamil Nadu",Chengalpattu,"Nanganallur(Uzhavar Sandhai )","Sweet Corn ","Sweet Corn ",Local,21/09/2026,4500,5000,4750
"Tamil Nadu",Chengalpattu,"Pallavaram(Uzhavar Sandhai )",Onion,Bellary,Local,21/09/2026,6000,7000,6500
"Tamil Nadu",Chengalpattu,"Pallavaram(Uzhavar Sandhai )",Brinjal,Round,Local,21/09/2026,3500,4000,3750
"Tamil Nadu",Chengalpattu,"Pallavaram(Uzhavar Sandhai )","Bottle gourd","Bottle Gourd",Local,21/09/2026,3500,4000,3750
"Tamil Nadu",Chengalpattu,"Pallavaram(Uzhavar Sandhai )",Cowpea(Veg),"Cowpea (Veg)",Local,21/09/2026,4000,5000,4500
"Tamil Nadu",Chengalpattu,"Pallavaram(Uzhavar Sandhai )",Coconut,Coconut,Local,21/09/2026,6000,7000,6500
"Tamil Nadu",Chengalpattu,"Pallavaram(Uzhavar Sandhai )",Cabbage,Cabbage,Local,21/09/2026,2200,2500,2350
"Tamil Nadu",Chengalpattu,"Pallavaram(Uzhavar Sandhai )",Snakeguard,Snakeguard,Local,21/09/2026,4000,5000,4500
"Tamil Nadu",Chengalpattu,"Pallavaram(Uzhavar Sandhai )",Yam(Ratalu),"Yam (Ratalu)",Local,21/09/2026,6000,7000,6500
"Tamil Nadu",Chengalpattu,"Pallavaram(Uzhavar Sandhai )",Lemon,Lemon,Local,21/09/2026,25000,30000,27500
"Tamil Nadu","Nagercoil (Kannyiakumari)","Myladi(Uzhavar Sandhai )",Cauliflower,Ranchi,Local,21/09/2026,5000,6000,5500
"Tamil Nadu","Nagercoil (Kannyiakumari)","Myladi(Uzhavar Sandhai )",Tomato,Deshi,Local,21/09/2026,2500,2800,2650
"Tamil Nadu","Nagercoil (Kannyiakumari)","Myladi(Uzhavar Sandhai )","Green Chilli","Green Chilly",Local,21/09/2026,6000,7000,6500
"Tamil Nadu","Nagercoil (Kannyiakumari)","Myladi(Uzhavar Sandhai )","Banana - Green","Banana - Green",Local,21/09/2026,5000,6000,5500
"Tamil Nadu","Nagercoil (Kannyiakumari)","Myladi(Uzhavar Sandhai )",Tapioca,Tapioca,Local,21/09/2026,3500,4000,3750
"Tamil Nadu","Nagercoil (Kannyiakumari)","Myladi(Uzhavar Sandhai )",Cabbage,Cabbage,Local,21/09/2026,5000,5500,5250
"Tamil Nadu","Nagercoil (Kannyiakumari)","Myladi(Uzhavar Sandhai )",Snakeguard,Snakeguard,Local,21/09/2026,4500,5000,4750
"Tamil Nadu","Nagercoil (Kannyiakumari)","Myladi(Uzhavar Sandhai )","Tamarind Fruit","Tamarind Fruit",Local,21/09/2026,14000,15000,14500
"Tamil Nadu",Chengalpattu,"Jameenrayapettai(Uzhavar Sandhai )",Onion,Bellary,Local,21/09/2026,6000,7000,6500
"Tamil Nadu",Chengalpattu,"Jameenrayapettai(Uzhavar Sandhai )","Green Chilli","Green Chilly",Local,21/09/2026,5000,6000,5500
"Tamil Nadu",Chengalpattu,"Jameenrayapettai(Uzhavar Sandhai )",Cabbage,Cabbage,Local,21/09/2026,2200,2500,2350
"Tamil Nadu",Villupuram,"Ulundurpettai APMC",Onion,Bellary,Local,21/09/2026,6000,6000,6000
"Tamil Nadu",Villupuram,"Ulundurpettai APMC",Potato,"Red Nanital",Local,21/09/2026,4000,4000,4000
"Tamil Nadu",Villupuram,"Ulundurpettai APMC",Brinjal,Round,Local,21/09/2026,5000,5000,5000
"Tamil Nadu",Villupuram,"Ulundurpettai APMC",Tomato,Deshi,Local,21/09/2026,2000,2000,2000
"Tamil Nadu",Villupuram,"Ulundurpettai APMC","Bitter gourd","Bitter Gourd",Local,21/09/2026,6000,6000,6000
"Tamil Nadu",Villupuram,"Ulundurpettai APMC",Ashgourd,Gouard,Local,21/09/2026,2000,2000,2000
"Tamil Nadu",Villupuram,"Ulundurpettai APMC","Bhindi(Ladies Finger)",Bhindi,Local,21/09/2026,3000,3000,3000
"Tamil Nadu",Villupuram,"Ulundurpettai APMC","Green Chilli","Green Chilly",Local,21/09/2026,6000,6000,6000
"Tamil Nadu",Villupuram,"Ulundurpettai APMC","Green Avare(W)","Green Avare (W)",Local,21/09/2026,12000,12000,12000
"Tamil Nadu",Villupuram,"Ulundurpettai APMC",Mango(Raw-Ripe),"Mango - Raw-Ripe",Local,21/09/2026,8000,8000,8000
"Tamil Nadu",Villupuram,"Ulundurpettai APMC",Lemon,Lemon,Local,21/09/2026,5000,5000,5000
Karnataka,"Bengaluru Rural","Doddaballapur APMC",Onion,Onion,Medium,21/09/2026,4500,5500,5000
Karnataka,"Bengaluru Rural","Doddaballapur APMC","Bottle gourd","Bottle Gourd",Medium,21/09/2026,2000,2400,2200
Karnataka,"Bengaluru Rural","Doddaballapur APMC","Banana - Green","Banana - Green",Medium,21/09/2026,6000,8000,7000
Karnataka,"Bengaluru Rural","Doddaballapur APMC",Snakeguard,Snakeguard,Medium,21/09/2026,1500,2000,1700
Karnataka,"Bengaluru Rural","Doddaballapur APMC",Ridgeguard(Tori),Ridgeguard(Tori),Medium,21/09/2026,1400,2000,1700
Gujarat,"Chhota Udaipur","Hadad     APMC",Cotton,"Shanker 6 (B) 30mm FIne",FAQ,21/09/2026,8900,9100,9000
Gujarat,Gandhinagar,"Mansa(Manas Veg Yard) APMC",Brinjal,Brinjal,Local,21/09/2026,1500,1500,1500
Gujarat,Surat,"Mahuva(Anaval) APMC","Pointed gourd(Parval)",Other,Local,21/09/2026,1050,1125,1100
Gujarat,Amreli,"Babra APMC","Cummin Seed(Jeera)",Other,FAQ,21/09/2026,17100,20600,18500
Gujarat,Amreli,"Damnagar APMC","Bottle gourd","Bottle Gourd",Local,21/09/2026,2000,2000,2000
Gujarat,Rajkot,"Gondal(Veg.market Gondal) APMC",Guar,Gwar,Local,21/09/2026,1500,7000,4250
Gujarat,Rajkot,"Gondal(Veg.market Gondal) APMC",Raddish,Raddish,Local,21/09/2026,1000,2000,1500
"Tamil Nadu",Madurai,"Chokkikulam(Uzhavar Sandhai )",Groundnut,"Big (With Shell)",Local,21/09/2026,7000,8000,7500
"Tamil Nadu",Madurai,"Chokkikulam(Uzhavar Sandhai )",Banana,Besrai,Local,21/09/2026,4000,5000,4500
"Tamil Nadu",Madurai,"Chokkikulam(Uzhavar Sandhai )",Tomato,Deshi,Local,21/09/2026,2800,3000,2900
"Tamil Nadu",Madurai,"Chokkikulam(Uzhavar Sandhai )","Bitter gourd","Bitter Gourd",Local,21/09/2026,5500,6000,5750
"Tamil Nadu",Madurai,"Chokkikulam(Uzhavar Sandhai )",Ashgourd,Gouard,Local,21/09/2026,1600,1800,1700
"Tamil Nadu",Madurai,"Chokkikulam(Uzhavar Sandhai )","Green Chilli","Green Chilly",Local,21/09/2026,3600,4800,4200
"Tamil Nadu",Madurai,"Chokkikulam(Uzhavar Sandhai )",Cabbage,Cabbage,Local,21/09/2026,2600,3000,2800
"Tamil Nadu",Madurai,"Chokkikulam(Uzhavar Sandhai )",Cucumbar(Kheera),Cucumbar,Local,21/09/2026,4000,5000,4500
"Tamil Nadu",Madurai,"Chokkikulam(Uzhavar Sandhai )",Pomegranate,Pomogranate,Local,21/09/2026,20000,23000,21500
"Tamil Nadu",Madurai,"Chokkikulam(Uzhavar Sandhai )",Yam(Ratalu),"Yam (Ratalu)",Local,21/09/2026,6500,7000,6750
"Tamil Nadu",Madurai,"Chokkikulam(Uzhavar Sandhai )",Mint(Pudina),Mint(Pudina),Local,21/09/2026,5000,5500,5250
Gujarat,Surat,"Surat APMC",Brinjal,Brinjal,FAQ,21/09/2026,1500,4000,2750
Gujarat,Surat,"Surat APMC","Bottle gourd","Bottle Gourd",FAQ,21/09/2026,1000,3500,2250
Gujarat,Surat,"Surat APMC","Banana - Green",Other,FAQ,21/09/2026,700,1300,1000
Gujarat,Surat,"Surat APMC",Drumstick,Drumstick,FAQ,21/09/2026,2500,6500,4500
Gujarat,Surat,"Surat APMC",Onion,Other,FAQ,21/09/2026,2000,5500,3750
Gujarat,Surat,"Surat APMC",Papaya(Raw),Other,FAQ,21/09/2026,900,1700,1300
Gujarat,Surat,"Surat APMC","Pegeon Pea(Arhar Fali)",Other,FAQ,21/09/2026,3000,7000,5000
Gujarat,Surat,"Surat APMC","Pointed gourd(Parval)",Other,FAQ,21/09/2026,1000,3000,2000
Gujarat,Surat,"Surat APMC",Snakeguard,Other,FAQ,21/09/2026,500,1500,1000
Gujarat,Surat,"Surat APMC",Ridgeguard(Tori),Other,FAQ,21/09/2026,1000,2500,1750
Telangana,Warangal,"Warangal APMC",Capsicum,Capsicum,FAQ,21/09/2026,4000,4500,4250
Telangana,Warangal,"Warangal APMC",Cucumbar(Kheera),Cucumbar,FAQ,21/09/2026,1500,2000,1750
Haryana,Fatehabad,"Fatehabad APMC",Potato,Potato,Local,21/09/2026,800,800,800
Haryana,Fatehabad,"Fatehabad APMC",Onion,Other,Local,21/09/2026,4500,4500,4500
Haryana,Fatehabad,"Fatehabad APMC",Guava,Other,Local,21/09/2026,2000,2000,2000
Uttarakhand,Haridwar,"Roorkee APMC",Papaya,Other,Medium,21/09/2026,1600,2400,2000
Uttarakhand,Haridwar,"Roorkee APMC",Cucumbar(Kheera),Other,Local,21/09/2026,800,1200,1000
Uttarakhand,Haridwar,"Roorkee APMC",Onion,Other,Medium,21/09/2026,3000,4600,4000
Uttarakhand,Haridwar,"Roorkee APMC",Potato,Other,Medium,21/09/2026,800,1200,1000
Maharashtra,Pune,"Pune(Moshi) ","Little gourd(Kundru)",Other,Local,21/09/2026,3000,3000,3000
Maharashtra,Pune,"Pune(Moshi) ","Peas Wet",Other,Local,21/09/2026,7000,8000,7500
Maharashtra,Pune,"Pune(Moshi) ",Pomegranate,Other,Local,21/09/2026,7000,10000,8500
Maharashtra,Pune,"Pune(Moshi) ","Mousambi(Sweet Lime)",Other,Local,21/09/2026,3000,3000,3000
Maharashtra,Pune,"Pune(Moshi) ",Apple,Other,Local,21/09/2026,15000,18000,16500
Maharashtra,Pune,"Pune(Moshi) ",Cauliflower,Other,Local,21/09/2026,1000,1500,1250
Maharashtra,Ratnagiri,"APMC Ratnagiri (Nachane) ","Chilly Capsicum",Other,Local,21/09/2026,2000,3500,2500
"Jammu and Kashmir",Ganderbal,"Market Administrative Committee Zazna",Apple,Golden,"Grade A",21/09/2026,7000,9000,8000
"Jammu and Kashmir",Ganderbal,"Market Administrative Committee Zazna",Apple,"Kullu Delicious","Grade A",21/09/2026,6250,9375,8125
"Tamil Nadu",Erode,"Thalavadi(Uzhavar Sandhai )",Papaya,Papaya,Local,21/09/2026,2000,2400,2200
"Tamil Nadu",Erode,"Thalavadi(Uzhavar Sandhai )","Bhindi(Ladies Finger)",Bhindi,Local,21/09/2026,2000,2400,2200
"Tamil Nadu",Erode,"Thalavadi(Uzhavar Sandhai )",Beans,"Beans (Whole)",Local,21/09/2026,7500,8000,7750
"Tamil Nadu",Erode,"Thalavadi(Uzhavar Sandhai )",Carrot,Pusakesar,Local,21/09/2026,5500,6000,5750
"Tamil Nadu",Erode,"Thalavadi(Uzhavar Sandhai )",Snakeguard,Snakeguard,Local,21/09/2026,2000,2400,2200
"Tamil Nadu",Erode,"Thalavadi(Uzhavar Sandhai )",Cucumbar(Kheera),Cucumbar,Local,21/09/2026,2800,3200,3000
"Tamil Nadu",Erode,"Thalavadi(Uzhavar Sandhai )",Guava,"Guava Allahabad",Local,21/09/2026,5500,6000,5750
"Tamil Nadu",Erode,"Thalavadi(Uzhavar Sandhai )",Lemon,Lemon,Local,21/09/2026,10000,11000,10500
"Tamil Nadu",Cuddalore,"Viruthachalam(Uzhavar Sandhai )",Banana,Besrai,Local,21/09/2026,4000,7000,5500
"Tamil Nadu",Cuddalore,"Viruthachalam(Uzhavar Sandhai )",Papaya,Papaya,Local,21/09/2026,4000,4500,4250
"Tamil Nadu",Cuddalore,"Viruthachalam(Uzhavar Sandhai )",Pumpkin,Pumpkin,Local,21/09/2026,2000,2500,2250
"Tamil Nadu",Cuddalore,"Viruthachalam(Uzhavar Sandhai )","Bhindi(Ladies Finger)",Bhindi,Local,21/09/2026,2000,2000,2000
"Tamil Nadu",Cuddalore,"Viruthachalam(Uzhavar Sandhai )","Green Avare(W)","Green Avare (W)",Local,21/09/2026,8000,14000,11000
"Tamil Nadu",Cuddalore,"Viruthachalam(Uzhavar Sandhai )","Chow Chow","Chow Chow",Local,21/09/2026,4000,4000,4000
"Tamil Nadu",Cuddalore,"Viruthachalam(Uzhavar Sandhai )",Drumstick,Drumstick,Local,21/09/2026,4000,4000,4000
"Tamil Nadu",Cuddalore,"Viruthachalam(Uzhavar Sandhai )",Mango(Raw-Ripe),"Mango - Raw-Ripe",Local,21/09/2026,8000,15000,11500
"Tamil Nadu",Krishnagiri,"Krishnagiri(Uzhavar Sandhai )",Garlic,Garlic,Local,21/09/2026,23000,24000,23500
"Tamil Nadu",Krishnagiri,"Krishnagiri(Uzhavar Sandhai )",Pumpkin,Pumpkin,Local,21/09/2026,1500,1800,1650
"Tamil Nadu",Krishnagiri,"Krishnagiri(Uzhavar Sandhai )",Ginger(Green),"Green Ginger",Local,21/09/2026,16000,18000,17000
"Tamil Nadu",Krishnagiri,"Krishnagiri(Uzhavar Sandhai )",Coconut,Coconut,Local,21/09/2026,5000,5500,5250
"Tamil Nadu",Krishnagiri,"Krishnagiri(Uzhavar Sandhai )","Sweet Potato","Hosur Red",Local,21/09/2026,2500,2800,2650
"Tamil Nadu",Krishnagiri,"Krishnagiri(Uzhavar Sandhai )","Chow Chow","Chow Chow",Local,21/09/2026,3000,4000,3500
"Tamil Nadu",Nagapattinam,"Nagapattinam(Uzhavar Sandhai )","Cluster beans","Cluster Beans",Local,21/09/2026,3900,3900,3900
"Tamil Nadu",Nagapattinam,"Nagapattinam(Uzhavar Sandhai )","Bitter gourd","Bitter Gourd",Local,21/09/2026,5400,6500,5950
"Tamil Nadu",Nagapattinam,"Nagapattinam(Uzhavar Sandhai )","Bottle gourd","Bottle Gourd",Local,21/09/2026,3200,3200,3200
"Tamil Nadu",Nagapattinam,"Nagapattinam(Uzhavar Sandhai )","Bhindi(Ladies Finger)",Bhindi,Local,21/09/2026,5800,5800,5800
"Tamil Nadu",Nagapattinam,"Nagapattinam(Uzhavar Sandhai )",Ginger(Green),"Green Ginger",Local,21/09/2026,17000,18000,17500
"Tamil Nadu",Nagapattinam,"Nagapattinam(Uzhavar Sandhai )",Snakeguard,Snakeguard,Local,21/09/2026,3600,3600,3600
"Tamil Nadu",Pudukkottai,"Pudukottai(Uzhavar Sandhai )",Groundnut,"Big (With Shell)",Local,21/09/2026,5000,6000,5500
"Tamil Nadu",Pudukkottai,"Pudukottai(Uzhavar Sandhai )",Brinjal,Round,Local,21/09/2026,6000,7000,6500
"Tamil Nadu",Pudukkottai,"Pudukottai(Uzhavar Sandhai )",Coriander(Leaves),"I Sort",Local,21/09/2026,4000,5000,4500
"Tamil Nadu",Pudukkottai,"Pudukottai(Uzhavar Sandhai )",Amaranthus,Amaranthus,Local,21/09/2026,1500,2000,1750
"Tamil Nadu",Pudukkottai,"Pudukottai(Uzhavar Sandhai )","Green Chilli","Green Chilly",Local,21/09/2026,5000,6000,5500
"Tamil Nadu",Pudukkottai,"Pudukottai(Uzhavar Sandhai )",Guava,"Guava Allahabad",Local,21/09/2026,7000,8000,7500
"Tamil Nadu",Pudukkottai,"Pudukottai(Uzhavar Sandhai )",Colacasia,Colacasia,Local,21/09/2026,5000,6000,5500
"Tamil Nadu",Pudukkottai,"Pudukottai(Uzhavar Sandhai )","Onion Green","Onion Green",Local,21/09/2026,10000,11000,10500
"Tamil Nadu",Thanjavur,"Kumbakonam (Uzhavar Sandhai )",Garlic,Garlic,Local,21/09/2026,20000,20000,20000
"Tamil Nadu",Thanjavur,"Kumbakonam (Uzhavar Sandhai )",Ashgourd,Gouard,Local,21/09/2026,2400,2400,2400
"Tamil Nadu",Thanjavur,"Kumbakonam (Uzhavar Sandhai )","Bhindi(Ladies Finger)",Bhindi,Local,21/09/2026,4800,4800,4800
"Tamil Nadu",Thanjavur,"Kumbakonam (Uzhavar Sandhai )","Green Chilli","Green Chilly",Local,21/09/2026,6000,6000,6000
"Tamil Nadu",Thanjavur,"Kumbakonam (Uzhavar Sandhai )","Banana - Green","Banana - Green",Local,21/09/2026,4800,4800,4800
"Tamil Nadu",Thanjavur,"Kumbakonam (Uzhavar Sandhai )",Beans,"Beans (Whole)",Local,21/09/2026,7200,9600,8400
"Tamil Nadu",Thanjavur,"Kumbakonam (Uzhavar Sandhai )",Raddish,Raddish,Local,21/09/2026,3600,3600,3600
"Tamil Nadu",Thanjavur,"Kumbakonam (Uzhavar Sandhai )",Capsicum,Capsicum,Local,21/09/2026,8400,8400,8400
"Tamil Nadu",Thanjavur,"Kumbakonam (Uzhavar Sandhai )",Mango(Raw-Ripe),"Mango - Raw-Ripe",Local,21/09/2026,10800,12000,11400
"Tamil Nadu","The Nilgiris","Udhagamandalam(Uzhavar Sandhai )",Apple,American,Local,21/09/2026,15000,20000,17500
"Tamil Nadu","The Nilgiris","Udhagamandalam(Uzhavar Sandhai )",Pineapple,"Pine Apple",Local,21/09/2026,8000,9000,8500
"Tamil Nadu","The Nilgiris","Udhagamandalam(Uzhavar Sandhai )",Grapes,Annabesahai,Local,21/09/2026,10000,11000,10500
"Tamil Nadu","The Nilgiris","Udhagamandalam(Uzhavar Sandhai )","Bitter gourd","Bitter Gourd",Local,21/09/2026,4500,5000,4750
"Tamil Nadu","The Nilgiris","Udhagamandalam(Uzhavar Sandhai )","Bottle gourd","Bottle Gourd",Local,21/09/2026,2500,2800,2650
"Tamil Nadu","The Nilgiris","Udhagamandalam(Uzhavar Sandhai )","Green Chilli","Green Chilly",Local,21/09/2026,4500,5000,4750
"Tamil Nadu","The Nilgiris","Udhagamandalam(Uzhavar Sandhai )",Carrot,Pusakesar,Local,21/09/2026,3000,3500,3250
"Tamil Nadu","The Nilgiris","Udhagamandalam(Uzhavar Sandhai )",Raddish,Raddish,Local,21/09/2026,2500,3000,2750
"Tamil Nadu","The Nilgiris","Udhagamandalam(Uzhavar Sandhai )",Pomegranate,Pomogranate,Local,21/09/2026,10000,15000,12500
"Tamil Nadu","The Nilgiris","Udhagamandalam(Uzhavar Sandhai )","Elephant Yam(Suran)/Amorphophallus","Elephant Yam (Suran)",Local,21/09/2026,3500,4000,3750
"Tamil Nadu","The Nilgiris","Udhagamandalam(Uzhavar Sandhai )",Mint(Pudina),Mint(Pudina),Local,21/09/2026,5500,6000,5750
"Tamil Nadu",Theni,"Bodinayakanur(Uzhavar Sandhai )",Brinjal,Round,Local,21/09/2026,3400,3400,3400
"Tamil Nadu",Theni,"Bodinayakanur(Uzhavar Sandhai )",Papaya,Papaya,Local,21/09/2026,3000,3000,3000
"Tamil Nadu",Theni,"Bodinayakanur(Uzhavar Sandhai )",Pumpkin,Pumpkin,Local,21/09/2026,1600,1600,1600
"Tamil Nadu",Theni,"Bodinayakanur(Uzhavar Sandhai )",Snakeguard,Snakeguard,Local,21/09/2026,3000,3000,3000
"Tamil Nadu",Theni,"Bodinayakanur(Uzhavar Sandhai )",Beetroot,Beetroot,Local,21/09/2026,3600,3600,3600
"Tamil Nadu",Theni,"Bodinayakanur(Uzhavar Sandhai )",Raddish,Raddish,Local,21/09/2026,2000,2000,2000
"Tamil Nadu",Theni,"Bodinayakanur(Uzhavar Sandhai )",Thondekai,Thondekai,Local,21/09/2026,3800,3800,3800
"Tamil Nadu",Theni,"Bodinayakanur(Uzhavar Sandhai )","Onion Green","Onion Green",Local,21/09/2026,8000,8000,8000
Punjab,"Ropar (Rupnagar)","Morinda APMC","Bitter gourd","Bitter Gourd",Local,21/09/2026,2000,2500,2250
Punjab,"Ropar (Rupnagar)","Morinda APMC",Apple,Apple,Medium,21/09/2026,7000,7000,7000
Punjab,"Ropar (Rupnagar)","Morinda APMC",Capsicum,Capsicum,Medium,21/09/2026,3000,3000,3000
Punjab,"Ropar (Rupnagar)","Morinda APMC",Potato,Potato,Local,21/09/2026,1000,1000,1000
"West Bengal",Bankura,"Bishnupur(Bankura) APMC",Onion,Nasik,FAQ,21/09/2026,4800,5400,5000
"West Bengal",Bankura,"Bishnupur(Bankura) APMC",Wheat,Sonalika,FAQ,21/09/2026,2600,2800,2700
"West Bengal",Bankura,"Bishnupur(Bankura) APMC","Bottle gourd","Bottle Gourd",FAQ,21/09/2026,1200,1600,1500
"Tamil Nadu",Thiruvarur,"Tiruvarur(Uzhavar Sandhai )","Bottle gourd","Bottle Gourd",Local,21/09/2026,3000,3000,3000
"Tamil Nadu",Thiruvarur,"Tiruvarur(Uzhavar Sandhai )",Ashgourd,Gouard,Local,21/09/2026,3000,3000,3000
"Tamil Nadu",Virudhunagar,"Aruppukottai(Uzhavar Sandhai )","Bhindi(Ladies Finger)",Bhindi,Local,21/09/2026,3500,4000,3750
"Tamil Nadu",Virudhunagar,"Aruppukottai(Uzhavar Sandhai )","Green Chilli","Green Chilly",Local,21/09/2026,5500,6000,5750
"Tamil Nadu",Virudhunagar,"Aruppukottai(Uzhavar Sandhai )","Banana - Green","Banana - Green",Local,21/09/2026,3000,3500,3250
"Tamil Nadu",Virudhunagar,"Aruppukottai(Uzhavar Sandhai )","Chow Chow","Chow Chow",Local,21/09/2026,3000,3500,3250
"Tamil Nadu",Virudhunagar,"Aruppukottai(Uzhavar Sandhai )",Guava,"Guava Allahabad",Local,21/09/2026,4500,5000,4750
"Tamil Nadu",Virudhunagar,"Aruppukottai(Uzhavar Sandhai )","Tender Coconut","Tender Coconut",Local,21/09/2026,4500,5000,4750
"Tamil Nadu",Virudhunagar,"Aruppukottai(Uzhavar Sandhai )",Yam(Ratalu),"Yam (Ratalu)",Local,21/09/2026,6500,7000,6750
"Tamil Nadu",Virudhunagar,"Aruppukottai(Uzhavar Sandhai )",Mint(Pudina),Mint(Pudina),Local,21/09/2026,6500,7000,6750
"Tamil Nadu",Villupuram,"Gingee(Uzhavar Sandhai )",Banana,Karpura,Local,21/09/2026,5000,6000,5500
"Tamil Nadu",Villupuram,"Gingee(Uzhavar Sandhai )","Cluster beans","Cluster Beans",Local,21/09/2026,3500,3500,3500
"Tamil Nadu",Villupuram,"Gingee(Uzhavar Sandhai )","Bhindi(Ladies Finger)",Bhindi,Local,21/09/2026,2500,2500,2500
"Tamil Nadu",Villupuram,"Gingee(Uzhavar Sandhai )",Ginger(Green),"Green Ginger",Local,21/09/2026,13000,13000,13000
"Tamil Nadu",Villupuram,"Gingee(Uzhavar Sandhai )",Coconut,Coconut,Local,21/09/2026,6000,6000,6000
"Tamil Nadu",Villupuram,"Gingee(Uzhavar Sandhai )",Carrot,Pusakesar,Local,21/09/2026,6000,6000,6000
"Tamil Nadu",Villupuram,"Gingee(Uzhavar Sandhai )",Snakeguard,Snakeguard,Local,21/09/2026,3000,3000,3000
"Tamil Nadu",Villupuram,"Gingee(Uzhavar Sandhai )",Yam(Ratalu),"Yam (Ratalu)",Local,21/09/2026,6000,6000,6000
"Tamil Nadu",Villupuram,"Gingee(Uzhavar Sandhai )",Colacasia,Colacasia,Local,21/09/2026,6000,6000,6000
"Tamil Nadu",Thiruvarur,"Valangaiman APMC","Bitter gourd","Bitter Gourd",Local,21/09/2026,6000,6000,6000
"Tamil Nadu",Thiruvarur,"Valangaiman APMC",Amaranthus,Amaranthus,Local,21/09/2026,2000,2000,2000
"Tamil Nadu",Thiruvarur,"Valangaiman APMC",Mango(Raw-Ripe),"Mango - Raw-Ripe",Local,21/09/2026,10000,10000,10000
"Tamil Nadu",Thiruvarur,"Valangaiman APMC","Onion Green","Onion Green",Local,21/09/2026,9000,9000,9000
"Madhya Pradesh",Shivpuri,"Karera(F&V) APMC",Banana,Banana-Organic,Local,21/09/2026,1500,2200,2000
Telangana,Khammam,"Sattupalli (Ramalayam),RBZ",Tomato,Tomato,FAQ,21/09/2026,2600,2900,2800
"Tamil Nadu",Madurai,"Thirumangalam(Uzhavar Sandhai )",Papaya,Papaya,Local,21/09/2026,4500,5000,4750
"Tamil Nadu",Madurai,"Thirumangalam(Uzhavar Sandhai )","Bottle gourd","Bottle Gourd",Local,21/09/2026,1600,2000,1800
"Tamil Nadu",Madurai,"Thirumangalam(Uzhavar Sandhai )",Ashgourd,Gouard,Local,21/09/2026,1600,1800,1700
"Tamil Nadu",Madurai,"Thirumangalam(Uzhavar Sandhai )",Amaranthus,Amaranthus,Local,21/09/2026,3000,3600,3300
"Tamil Nadu",Madurai,"Thirumangalam(Uzhavar Sandhai )",Guava,"Guava Allahabad",Local,21/09/2026,6000,7000,6500
"Tamil Nadu",Madurai,"Thirumangalam(Uzhavar Sandhai )",Lemon,Lemon,Local,21/09/2026,30000,32000,31000
"Tamil Nadu",Madurai,"Melur(Uzhavar Sandhai )",Onion,Bellary,Local,21/09/2026,6000,6500,6250
"Tamil Nadu",Madurai,"Melur(Uzhavar Sandhai )",Papaya,Papaya,Local,21/09/2026,4500,5000,4750
"Tamil Nadu",Madurai,"Melur(Uzhavar Sandhai )",Tomato,Deshi,Local,21/09/2026,2800,3000,2900
"Tamil Nadu",Madurai,"Melur(Uzhavar Sandhai )","Cluster beans","Cluster Beans",Local,21/09/2026,3600,4000,3800
"Tamil Nadu",Madurai,"Melur(Uzhavar Sandhai )",Coconut,Coconut,Local,21/09/2026,6800,7000,6900
"Tamil Nadu",Madurai,"Melur(Uzhavar Sandhai )","Green Avare(W)","Green Avare (W)",Local,21/09/2026,10000,11000,10500
"Tamil Nadu",Madurai,"Melur(Uzhavar Sandhai )",Guava,"Guava Allahabad",Local,21/09/2026,6000,7000,6500
"Tamil Nadu",Madurai,"Melur(Uzhavar Sandhai )",Lemon,Lemon,Local,21/09/2026,30000,32000,31000
"Tamil Nadu",Madurai,"Melur(Uzhavar Sandhai )",Colacasia,Colacasia,Local,21/09/2026,5000,6000,5500
"Tamil Nadu",Madurai,"Melur(Uzhavar Sandhai )",Mint(Pudina),Mint(Pudina),Local,21/09/2026,5000,5500,5250
"Tamil Nadu",Karur,"Gandhigramam(Uzhavar Sandhai)",Banana,"Red Banana",Local,21/09/2026,5000,6000,5500
"Tamil Nadu",Karur,"Gandhigramam(Uzhavar Sandhai)",Cauliflower,Ranchi,Local,21/09/2026,4000,4500,4250
"Tamil Nadu",Karur,"Gandhigramam(Uzhavar Sandhai)","Bottle gourd","Bottle Gourd",Local,21/09/2026,2000,2500,2250
"Tamil Nadu",Karur,"Gandhigramam(Uzhavar Sandhai)",Tapioca,Tapioca,Local,21/09/2026,3000,3500,3250
"Tamil Nadu",Karur,"Gandhigramam(Uzhavar Sandhai)",Cucumbar(Kheera),Cucumbar,Local,21/09/2026,4000,8000,6000
"Tamil Nadu",Karur,"Gandhigramam(Uzhavar Sandhai)",Ridgeguard(Tori),Ridgeguard(Tori),Local,21/09/2026,4000,4500,4250
"Tamil Nadu",Karur,"Gandhigramam(Uzhavar Sandhai)","Green Avare(W)",Other,Local,21/09/2026,10000,12000,11000
"Tamil Nadu",Salem,"Vazhapadi(Uzhavar Sandhai)",Onion,Bellary,Local,21/09/2026,6000,6500,6250
"Tamil Nadu",Salem,"Vazhapadi(Uzhavar Sandhai)","Bitter gourd","Bitter Gourd",Local,21/09/2026,5000,5500,5250
"Tamil Nadu",Salem,"Vazhapadi(Uzhavar Sandhai)",Coconut,Coconut,Local,21/09/2026,6000,6000,6000
"Tamil Nadu",Salem,"Vazhapadi(Uzhavar Sandhai)","Sweet Potato","Hosur Red",Local,21/09/2026,4500,4500,4500
"Tamil Nadu",Salem,"Vazhapadi(Uzhavar Sandhai)",Snakeguard,Snakeguard,Local,21/09/2026,2500,3000,2750
"Tamil Nadu",Salem,"Vazhapadi(Uzhavar Sandhai)",Lemon,Lemon,Local,21/09/2026,10000,10000,10000
"Tamil Nadu",Pudukkottai,"Aranthangi(Uzhavar Sandhai )","Bitter gourd",Other,Local,21/09/2026,5000,6000,5500
"Tamil Nadu",Pudukkottai,"Aranthangi(Uzhavar Sandhai )",Ashgourd,Gouard,Local,21/09/2026,1000,1500,1250
"Tamil Nadu",Pudukkottai,"Aranthangi(Uzhavar Sandhai )","Bhindi(Ladies Finger)",Bhindi,Local,21/09/2026,2500,3000,2750
"Tamil Nadu",Pudukkottai,"Aranthangi(Uzhavar Sandhai )",Amaranthus,Amaranthus,Local,21/09/2026,1500,2000,1750
"Tamil Nadu",Pudukkottai,"Aranthangi(Uzhavar Sandhai )","Green Chilli","Green Chilly",Local,21/09/2026,4500,5000,4750
"Tamil Nadu",Pudukkottai,"Aranthangi(Uzhavar Sandhai )",Tapioca,Tapioca,Local,21/09/2026,2500,3000,2750
"Tamil Nadu",Pudukkottai,"Aranthangi(Uzhavar Sandhai )",Coconut,Coconut,Local,21/09/2026,3500,4000,3750
"Tamil Nadu",Nagapattinam,"Vedaranyam(Uzhavar Sandhai)",Tomato,Deshi,Local,21/09/2026,3600,3600,3600
"Tamil Nadu",Nagapattinam,"Vedaranyam(Uzhavar Sandhai)","Green Avare(W)","Green Avare (W)",Local,21/09/2026,6000,8000,7000
"Tamil Nadu",Nagapattinam,"Vedaranyam(Uzhavar Sandhai)","Onion Green","Onion Green",Local,21/09/2026,9000,9000,9000
"Tamil Nadu",Vellore,"Perampet(Uzhavar Sandhai)",Potato,"Red Nanital",Local,21/09/2026,3000,3000,3000
"Tamil Nadu",Vellore,"Perampet(Uzhavar Sandhai)",Papaya,Papaya,Local,21/09/2026,2000,3500,2750
"Tamil Nadu",Vellore,"Perampet(Uzhavar Sandhai)",Ashgourd,Gouard,Local,21/09/2026,2400,2400,2400
"Tamil Nadu",Vellore,"Perampet(Uzhavar Sandhai)",Pumpkin,Pumpkin,Local,21/09/2026,2400,2400,2400
"Tamil Nadu",Vellore,"Perampet(Uzhavar Sandhai)",Beans,"Beans (Whole)",Local,21/09/2026,7000,7600,7300
"Tamil Nadu",Vellore,"Perampet(Uzhavar Sandhai)",Coconut,Coconut,Local,21/09/2026,3000,3000,3000
"Tamil Nadu",Vellore,"Perampet(Uzhavar Sandhai)",Guava,"Guava Allahabad",Local,21/09/2026,4500,5000,4750
"Tamil Nadu",Vellore,"Perampet(Uzhavar Sandhai)","Elephant Yam(Suran)/Amorphophallus","Elephant Yam (Suran)",Local,21/09/2026,5000,5000,5000
"Andhra Pradesh",Srikakulam,"Etcherla APMC",Maize,"Deshi White",Local,21/09/2026,2400,2400,2400
"Tamil Nadu",Karur,"Kulithalai(Uzhavar Sandhai )",Banana,Other,Local,21/09/2026,5000,6500,5750
"Tamil Nadu",Karur,"Kulithalai(Uzhavar Sandhai )",Potato,Other,Local,21/09/2026,4000,5000,4500
"Tamil Nadu",Karur,"Kulithalai(Uzhavar Sandhai )",Coriander(Leaves),"I Sort",Local,21/09/2026,3000,3500,3250
"Tamil Nadu",Karur,"Kulithalai(Uzhavar Sandhai )",Chikoos(Sapota),Sapota,Local,21/09/2026,4000,5000,4500
"Tamil Nadu",Karur,"Kulithalai(Uzhavar Sandhai )",Tomato,Other,Local,21/09/2026,2500,3000,2750
"Tamil Nadu",Karur,"Kulithalai(Uzhavar Sandhai )",Pumpkin,Pumpkin,Local,21/09/2026,2000,3000,2500
"Tamil Nadu",Karur,"Kulithalai(Uzhavar Sandhai )",Beetroot,Beetroot,Local,21/09/2026,3000,4000,3500
"Tamil Nadu",Karur,"Kulithalai(Uzhavar Sandhai )",Cucumbar(Kheera),Cucumbar,Local,21/09/2026,5500,6500,6000
"Tamil Nadu",Karur,"Kulithalai(Uzhavar Sandhai )",Colacasia,Colacasia,Local,21/09/2026,5000,6000,5500
"Tamil Nadu",Karur,"Kulithalai(Uzhavar Sandhai )",Turnip,Turnip,Local,21/09/2026,4200,5000,4600
"Tamil Nadu",Karur,"Kulithalai(Uzhavar Sandhai )","Amla(Nelli Kai)",Amla,Local,21/09/2026,6000,8000,7000
"Tamil Nadu",Thirupur,"Dharapuram(Uzhavar Sandhai )",Onion,Bellary,Local,21/09/2026,6500,7000,6750
"Tamil Nadu",Thirupur,"Dharapuram(Uzhavar Sandhai )",Cauliflower,Ranchi,Local,21/09/2026,3000,3500,3250
"Tamil Nadu",Thirupur,"Dharapuram(Uzhavar Sandhai )",Papaya,Papaya,Local,21/09/2026,2500,3000,2750
"Tamil Nadu",Thirupur,"Dharapuram(Uzhavar Sandhai )",Tomato,Deshi,Local,21/09/2026,2000,2500,2250
"Tamil Nadu",Thirupur,"Dharapuram(Uzhavar Sandhai )",Amaranthus,Amaranthus,Local,21/09/2026,2000,2500,2250
"Tamil Nadu",Thirupur,"Dharapuram(Uzhavar Sandhai )",Cowpea(Veg),"Cowpea (Veg)",Local,21/09/2026,3500,4000,3750
"Tamil Nadu",Thirupur,"Dharapuram(Uzhavar Sandhai )",Coconut,Coconut,Local,21/09/2026,5000,6000,5500
"Tamil Nadu",Thirupur,"Dharapuram(Uzhavar Sandhai )",Beetroot,Beetroot,Local,21/09/2026,3500,7000,5250
"Tamil Nadu",Thirupur,"Dharapuram(Uzhavar Sandhai )","Green Avare(W)","Green Avare (W)",Local,21/09/2026,6000,7000,6500
"Tamil Nadu",Thirupur,"Dharapuram(Uzhavar Sandhai )",Drumstick,Drumstick,Local,21/09/2026,2500,3000,2750
"Tamil Nadu",Thirupur,"Palladam(Uzhavar Sandhai )",Cauliflower,Ranchi,Local,21/09/2026,3500,4000,3750
"Tamil Nadu",Thirupur,"Palladam(Uzhavar Sandhai )","Bottle gourd","Bottle Gourd",Local,21/09/2026,1500,2000,1750
"Tamil Nadu",Thirupur,"Palladam(Uzhavar Sandhai )","Bhindi(Ladies Finger)",Bhindi,Local,21/09/2026,4000,5000,4500
"Tamil Nadu",Thirupur,"Palladam(Uzhavar Sandhai )",Beans,"Beans (Whole)",Local,21/09/2026,6500,7000,6750
"Tamil Nadu",Thirupur,"Palladam(Uzhavar Sandhai )",Carrot,Pusakesar,Local,21/09/2026,3500,4000,3750
"Tamil Nadu",Thirupur,"Palladam(Uzhavar Sandhai )",Raddish,Raddish,Local,21/09/2026,2500,3000,2750
"Tamil Nadu",Thirupur,"Palladam(Uzhavar Sandhai )","Green Avare(W)",Other,Local,21/09/2026,6000,7000,6500
"Andhra Pradesh","YSR Kadapa","Simhadhripuram APMC",Maize,Hybrid/Local,FAQ,21/09/2026,2250,2650,2450
"Tamil Nadu",Kallakuruchi,"Kallakurichi(Uzhavar Sandhai )",Papaya,Papaya,Local,21/09/2026,3500,3500,3500
"Tamil Nadu",Kallakuruchi,"Kallakurichi(Uzhavar Sandhai )",Tapioca,Tapioca,Local,21/09/2026,3000,3000,3000
"Tamil Nadu",Kallakuruchi,"Kallakurichi(Uzhavar Sandhai )",Marigold(Calcutta),Marigold(Calcutta),Local,21/09/2026,35000,35000,35000
"Tamil Nadu",Kallakuruchi,"Kallakurichi(Uzhavar Sandhai )","Baby Corn","Baby Corn","Grade A",21/09/2026,3000,3000,3000
Bihar,Muzaffarpur,"Bhagwanpur Mandi APMC",Cabbage,Cabbage,"Grade A",21/09/2026,2560,2560,2560
Bihar,Muzaffarpur,"Bhagwanpur Mandi APMC",Potato,"Red Nanital","Grade A",21/09/2026,1300,1300,1300
Haryana,Panipat,"Panipat APMC",Cucumbar(Kheera),Other,Local,21/09/2026,700,2000,1350
Haryana,Panipat,"Panipat APMC",Onion,Onion,Local,21/09/2026,1000,5000,2500
"Andhra Pradesh",Vijayanagaram,"Chipurupalli APMC",Maize,Local,FAQ,21/09/2026,4800,4800,4800
"Andhra Pradesh",Srikakulam,"Hiramandalam APMC",Paddy(Common),Masuri,Local,21/09/2026,2400,2400,2400
"Andhra Pradesh",Vijayanagaram,"Merakamudidam APMC",Maize,Local,Local,21/09/2026,1800,2000,1950
"Andhra Pradesh",Palnadu,"Macharla APMC",Paddy(Common),"B P T","Grade Range-1",21/09/2026,3100,3100,3100
"Andhra Pradesh",Vijayanagaram,"Kothavalasa APMC",Paddy(Common),1001,Local,21/09/2026,2369,2369,2369
"Andhra Pradesh",Ananthapuramu,"Gooti APMC",Cotton,Bramha,"Grade Range-1",21/09/2026,6633,9900,9539
"Andhra Pradesh",Ananthapuramu,"Gooti APMC","Red gram/Arhar/Tur(whole)",Local,"Grade Range-1",21/09/2026,5600,7670,6780
"Andhra Pradesh",Eluru,"Polavaram APMC",Maize,Local,Local,21/09/2026,2415,2415,2415
"Uttar Pradesh",Balrampur,"Panchpedwa APMC","Banana - Green","Banana - Green",FAQ,21/09/2026,1300,1500,1400
"Andhra Pradesh",Dr.B.R.A.Konaseema,"Razole APMC",Coconut,Medium,FAQ,21/09/2026,17500,18000,17500
"Andhra Pradesh",NTR,"Tiruvuru APMC",Maize,Hybrid,Local,21/09/2026,2400,2400,2400
"Tamil Nadu",Salem,"Athur(Uzhavar Sandhai )",Banana,"Red Banana",Local,21/09/2026,7000,7500,7250
"Tamil Nadu",Salem,"Athur(Uzhavar Sandhai )",Onion,Bellary,Local,21/09/2026,5500,6500,6000
"Tamil Nadu",Salem,"Athur(Uzhavar Sandhai )",Pumpkin,Pumpkin,Local,21/09/2026,1800,2000,1900
"Tamil Nadu",Salem,"Athur(Uzhavar Sandhai )","Bhindi(Ladies Finger)",Bhindi,Local,21/09/2026,2500,3000,2750
"Tamil Nadu",Salem,"Athur(Uzhavar Sandhai )",Coconut,Coconut,Local,21/09/2026,6000,6500,6250
"Tamil Nadu",Salem,"Athur(Uzhavar Sandhai )",Carrot,Pusakesar,Local,21/09/2026,4500,5000,4750
"Tamil Nadu",Salem,"Athur(Uzhavar Sandhai )",Capsicum,Capsicum,Local,21/09/2026,7000,7500,7250
"Tamil Nadu",Salem,"Athur(Uzhavar Sandhai )","Knool Khol","Knool Khol",Local,21/09/2026,4500,5000,4750
"Tamil Nadu",Salem,"Athur(Uzhavar Sandhai )","Elephant Yam(Suran)/Amorphophallus","Elephant Yam (Suran)",Local,21/09/2026,3000,3500,3250
"Tamil Nadu",Salem,"Athur(Uzhavar Sandhai )",Lemon,Lemon,Local,21/09/2026,9000,10000,9500
"Tamil Nadu",Salem,"Athur(Uzhavar Sandhai )",Mint(Pudina),Mint(Pudina),Local,21/09/2026,4500,5000,4750
"Tamil Nadu",Salem,"Athur(Uzhavar Sandhai )",Rose(Local),"Rose (Local)",Local,21/09/2026,14000,16000,15000
Telangana,Karimnagar,"V.Saidapur APMC",Paddy(Common),MTU-1010,FAQ,21/09/2026,2389,2389,2389
"Tamil Nadu",Theni,"Periyakulam(Uzhavar Sandhai )",Ginger(Green),"Green Ginger",Local,21/09/2026,9000,16000,12500
"Tamil Nadu",Theni,"Periyakulam(Uzhavar Sandhai )",Coconut,Coconut,Local,21/09/2026,5400,5600,5500
"Tamil Nadu",Theni,"Periyakulam(Uzhavar Sandhai )",Cabbage,Cabbage,Local,21/09/2026,2600,2800,2700
"Tamil Nadu",Theni,"Periyakulam(Uzhavar Sandhai )","Indian Beans(Seam)","Indian Beans (Seam)",Local,21/09/2026,5400,5800,5600
"Tamil Nadu",Theni,"Periyakulam(Uzhavar Sandhai )","Onion Green","Onion Green",Local,21/09/2026,8000,8500,8250
"Tamil Nadu",Virudhunagar,"Srivilliputhur(Uzhavar Sandhai )",Potato,"Red Nanital",Local,21/09/2026,3000,3500,3250
"Tamil Nadu",Virudhunagar,"Srivilliputhur(Uzhavar Sandhai )",Chikoos(Sapota),Sapota,Local,21/09/2026,3500,4000,3750
"Tamil Nadu",Virudhunagar,"Srivilliputhur(Uzhavar Sandhai )",Ashgourd,Gouard,Local,21/09/2026,2500,3000,2750
"Tamil Nadu",Virudhunagar,"Srivilliputhur(Uzhavar Sandhai )",Thondekai,Thondekai,Local,21/09/2026,5000,6000,5500
"Tamil Nadu",Virudhunagar,"Srivilliputhur(Uzhavar Sandhai )",Guava,"Guava Allahabad",Local,21/09/2026,4500,5000,4750
"Tamil Nadu",Virudhunagar,"Srivilliputhur(Uzhavar Sandhai )","Elephant Yam(Suran)/Amorphophallus","Elephant Yam (Suran)",Local,21/09/2026,4500,5000,4750
"Uttar Pradesh",Badaun,"Shahaswan APMC",Cauliflower,Cauliflower,Medium,21/09/2026,2800,3200,3000
"Uttar Pradesh",Badaun,"Shahaswan APMC","Banana - Green","Banana - Green",Medium,21/09/2026,1400,1550,1500
"Uttar Pradesh",Hathras,"Shadabad APMC","Bottle gourd","Bottle Gourd",Small,21/09/2026,800,900,850
"Uttar Pradesh",Hathras,"Shadabad APMC",Brinjal,Brinjal,Small,21/09/2026,600,700,650
Punjab,Ludhiana,"Sahnewal APMC",Potato,Potato,FAQ,21/09/2026,700,700,700
Nagaland,Tsemenyu,"Tsemenyu APMC",Pumpkin,pumpkin-Organic,Local,21/09/2026,4000,4000,4000
Odisha,Kalahandi,"Mukhiguda APMC",Brinjal,Brinjal,"Grade B",21/09/2026,2500,3500,3000
Tripura,"North Tripura","Dasda APMC",Onion,Onion,FAQ,21/09/2026,5200,5400,5300
Nagaland,Kohima,"Kohima APMC",Cabbage,Cabbage,Local,21/09/2026,5000,5000,5000
"Tamil Nadu",Coimbatore,"Vadavalli(Uzhavar Sandhai )",Potato,Other,Local,21/09/2026,4500,5000,4750
"Tamil Nadu",Coimbatore,"Vadavalli(Uzhavar Sandhai )",Garlic,Garlic,Local,21/09/2026,22000,23600,22800
"Tamil Nadu",Coimbatore,"Vadavalli(Uzhavar Sandhai )",Cauliflower,Ranchi,Local,21/09/2026,4000,4600,4300
"Tamil Nadu",Coimbatore,"Vadavalli(Uzhavar Sandhai )","Mousambi(Sweet Lime)",Mousambi,Local,21/09/2026,4000,4500,4250
"Tamil Nadu",Coimbatore,"Vadavalli(Uzhavar Sandhai )","Cluster beans","Cluster Beans",Local,21/09/2026,3400,3800,3600
"Tamil Nadu",Coimbatore,"Vadavalli(Uzhavar Sandhai )","Bottle gourd","Bottle Gourd",Local,21/09/2026,3000,3500,3250
"Tamil Nadu",Coimbatore,"Vadavalli(Uzhavar Sandhai )",Amaranthus,Amaranthus,Local,21/09/2026,5400,6500,5950
"Tamil Nadu",Coimbatore,"Vadavalli(Uzhavar Sandhai )","Green Chilli","Green Chilly",Local,21/09/2026,4500,5000,4750
"Tamil Nadu",Coimbatore,"Vadavalli(Uzhavar Sandhai )",Coconut,Coconut,Local,21/09/2026,5500,6000,5750
"Tamil Nadu",Coimbatore,"Vadavalli(Uzhavar Sandhai )",Cabbage,Cabbage,Local,21/09/2026,2000,2400,2200
"Tamil Nadu",Coimbatore,"Vadavalli(Uzhavar Sandhai )","Chow Chow","Chow Chow",Local,21/09/2026,3000,3400,3200
"Tamil Nadu",Coimbatore,"Vadavalli(Uzhavar Sandhai )",Drumstick,Drumstick,Local,21/09/2026,3000,3600,3300
"Uttar Pradesh",Bulandshahar,"Gulavati APMC","Bhindi(Ladies Finger)",Bhindi,FAQ,21/09/2026,3000,3200,3100
Haryana,Hissar,"Barwala(Hisar) APMC",Ridgeguard(Tori),Ridgeguard(Tori),Local,21/09/2026,2000,3000,2500
Haryana,Hissar,"Barwala(Hisar) APMC",Onion,Onion,Local,21/09/2026,4000,5000,4500
Haryana,Hissar,"Barwala(Hisar) APMC",Garlic,Garlic,Local,21/09/2026,10000,10000,10000
Haryana,Kaithal,"Dhand APMC",Onion,Other,Medium,21/09/2026,4500,5500,5300
"Tamil Nadu",Coimbatore,"Udumalpet APMC","Green Chilli","Green Chilly",Local,21/09/2026,3500,5200,4350
"Tamil Nadu",Coimbatore,"Udumalpet APMC",Beans,"Beans (Whole)",Local,21/09/2026,9000,9500,9250
"Tamil Nadu",Coimbatore,"Udumalpet APMC",Cabbage,Cabbage,Local,21/09/2026,3000,3500,3250
"Tamil Nadu",Coimbatore,"Udumalpet APMC",Beetroot,Beetroot,Local,21/09/2026,4000,7500,5750
"Tamil Nadu",Coimbatore,"Udumalpet APMC",Thondekai,Thondekai,Local,21/09/2026,4000,4500,4250
"Tamil Nadu",Coimbatore,"Udumalpet APMC",Mango(Raw-Ripe),"Mango - Raw-Ripe",Local,21/09/2026,14000,15000,14500
"Tamil Nadu",Coimbatore,"Udumalpet APMC","Elephant Yam(Suran)/Amorphophallus","Elephant Yam (Suran)",Local,21/09/2026,6000,7000,6500
"Tamil Nadu",Coimbatore,"Udumalpet APMC","Onion Green","Onion Green",Local,21/09/2026,8500,10500,9500
"Andhra Pradesh",Kakinada,"Karapa APMC",Paddy(Common),1001,FAQ,21/09/2026,2363,2369,2365
"Himachal Pradesh",Kangra,"SMY Nagrota Bagwan",Pear(Marasebu),Other,Medium,21/09/2026,5000,7000,6000
"Himachal Pradesh",Kangra,"SMY Nagrota Bagwan","Bitter gourd","Bitter Gourd",FAQ,21/09/2026,2300,2800,2500
"Tamil Nadu",Erode,"Gobichettipalayam(Uzhavar Sandhai )",Onion,Bellary,Local,21/09/2026,6500,7000,6750
"Tamil Nadu",Erode,"Gobichettipalayam(Uzhavar Sandhai )",Ashgourd,Gouard,Local,21/09/2026,2500,3000,2750
"Tamil Nadu",Erode,"Gobichettipalayam(Uzhavar Sandhai )","Green Avare(W)","Green Avare (W)",Local,21/09/2026,5500,5800,5650
"Tamil Nadu",Erode,"Gobichettipalayam(Uzhavar Sandhai )",Drumstick,Drumstick,Local,21/09/2026,3600,4000,3800
"Tamil Nadu",Erode,"Gobichettipalayam(Uzhavar Sandhai )","Elephant Yam(Suran)/Amorphophallus","Elephant Yam (Suran)",Local,21/09/2026,2600,2800,2700
"Himachal Pradesh",Shimla,"SMY Rohroo","Bhindi(Ladies Finger)",Bhindi,"Grade B",21/09/2026,3200,3500,3350
"Himachal Pradesh",Shimla,"SMY Rohroo",Tomato,Deshi,"Grade B",21/09/2026,3000,3200,3100
"Himachal Pradesh",Shimla,"SMY Rohroo",Cauliflower,Cauliflower,"Grade B",21/09/2026,5000,5500,5250
"Himachal Pradesh",Shimla,"SMY Rohroo",Capsicum,Capsicum,"Grade B",21/09/2026,2800,3600,3300
"Himachal Pradesh",Shimla,"SMY Rohroo",Ginger(Green),"Green Ginger","Grade B",21/09/2026,7000,8000,7500
"Himachal Pradesh",Shimla,"SMY Rohroo","Green Chilli","Green Chilly","Grade B",21/09/2026,4800,5000,4900
Punjab,Jalandhar,"Mehatpur APMC","Green Chilli","Green Chilly",Local,21/09/2026,2800,3000,2900
Gujarat,"Gir Somnath","Talalagir APMC","Bhindi(Ladies Finger)",Bhindi,FAQ,21/09/2026,700,1050,850
Gujarat,"Gir Somnath","Talalagir APMC","Green Chilli","Green Chilly",FAQ,21/09/2026,1500,1950,1680
"Tamil Nadu",Pudukkottai,"Ponnamaravathi(Uzhavar Sandhai)",Banana,Besrai,Local,21/09/2026,6500,7000,6750
"Tamil Nadu",Pudukkottai,"Ponnamaravathi(Uzhavar Sandhai)",Brinjal,Round,Local,21/09/2026,6500,7000,6750
"Tamil Nadu",Pudukkottai,"Ponnamaravathi(Uzhavar Sandhai)",Papaya,Papaya,Local,21/09/2026,2500,3000,2750
"Tamil Nadu",Pudukkottai,"Ponnamaravathi(Uzhavar Sandhai)",Tomato,Deshi,Local,21/09/2026,2500,3000,2750
"Tamil Nadu",Pudukkottai,"Ponnamaravathi(Uzhavar Sandhai)","Bitter gourd","Bitter Gourd",Local,21/09/2026,6500,7000,6750
"Tamil Nadu",Pudukkottai,"Ponnamaravathi(Uzhavar Sandhai)",Coconut,Coconut,Local,21/09/2026,3500,4000,3750
"Tamil Nadu",Nagapattinam,"Mayiladuthurai(Uzhavar Sandhai )","Bitter gourd","Bitter Gourd",Local,21/09/2026,5500,6000,5750
"Tamil Nadu",Nagapattinam,"Mayiladuthurai(Uzhavar Sandhai )","Green Chilli","Green Chilly",Local,21/09/2026,5500,6000,5750
"Tamil Nadu",Nagapattinam,"Mayiladuthurai(Uzhavar Sandhai )","Banana - Green","Banana - Green",Local,21/09/2026,3600,4000,3800
"Tamil Nadu",Nagapattinam,"Mayiladuthurai(Uzhavar Sandhai )",Snakeguard,Snakeguard,Local,21/09/2026,3600,4000,3800
"Tamil Nadu",Nagapattinam,"Mayiladuthurai(Uzhavar Sandhai )",Beetroot,Beetroot,Local,21/09/2026,4500,5000,4750
"Tamil Nadu",Nagapattinam,"Mayiladuthurai(Uzhavar Sandhai )",Ridgeguard(Tori),Ridgeguard(Tori),Local,21/09/2026,5500,6000,5750
"Tamil Nadu",Nagapattinam,"Mayiladuthurai(Uzhavar Sandhai )","Tender Coconut","Tender Coconut",Local,21/09/2026,2000,2500,2250
"Tamil Nadu",Ramanathapuram,"Kamuthi(Uzhavar Sandhai )",Tomato,Deshi,Local,21/09/2026,3000,3500,3250
"Tamil Nadu",Ramanathapuram,"Paramakudi(Uzhavar Sandhai )",Potato,"Red Nanital",Local,21/09/2026,4500,5000,4750
"Tamil Nadu",Ramanathapuram,"Paramakudi(Uzhavar Sandhai )",Brinjal,Round,Local,21/09/2026,6000,7000,6500
"Tamil Nadu",Ramanathapuram,"Paramakudi(Uzhavar Sandhai )","Cluster beans","Cluster Beans",Local,21/09/2026,3500,4000,3750
"Tamil Nadu",Ramanathapuram,"Paramakudi(Uzhavar Sandhai )","Bitter gourd","Bitter Gourd",Local,21/09/2026,5500,6000,5750
"Tamil Nadu",Ramanathapuram,"Paramakudi(Uzhavar Sandhai )","Bottle gourd","Bottle Gourd",Local,21/09/2026,1800,2000,1900
"Tamil Nadu",Ramanathapuram,"Paramakudi(Uzhavar Sandhai )",Amaranthus,Amaranthus,Local,21/09/2026,3800,4000,3900
"Tamil Nadu",Ramanathapuram,"Paramakudi(Uzhavar Sandhai )","Banana - Green","Banana - Green",Local,21/09/2026,3000,3500,3250
"Tamil Nadu",Ramanathapuram,"Paramakudi(Uzhavar Sandhai )",Beans,"Beans (Whole)",Local,21/09/2026,7500,8000,7750
"Tamil Nadu",Ramanathapuram,"Paramakudi(Uzhavar Sandhai )",Ginger(Green),"Green Ginger",Local,21/09/2026,15000,16000,15500
"Tamil Nadu",Ramanathapuram,"Paramakudi(Uzhavar Sandhai )",Carrot,Pusakesar,Local,21/09/2026,6000,7000,6500
"Tamil Nadu",Ramanathapuram,"Paramakudi(Uzhavar Sandhai )","Elephant Yam(Suran)/Amorphophallus","Elephant Yam (Suran)",Local,21/09/2026,7000,7500,7250
"Tamil Nadu",Pudukkottai,"Alangudi(Uzhavar Sandhai )",Banana,Poovan,Local,21/09/2026,4500,5000,4750
"Tamil Nadu",Pudukkottai,"Alangudi(Uzhavar Sandhai )",Tomato,Other,Local,21/09/2026,3000,3500,3250
"Tamil Nadu",Pudukkottai,"Alangudi(Uzhavar Sandhai )",Pumpkin,Pumpkin,Local,21/09/2026,1000,1500,1250
"Tamil Nadu",Pudukkottai,"Alangudi(Uzhavar Sandhai )","Green Chilli","Green Chilly",Local,21/09/2026,5000,6000,5500
"Tamil Nadu",Pudukkottai,"Alangudi(Uzhavar Sandhai )",Ridgeguard(Tori),Ridgeguard(Tori),Local,21/09/2026,5000,6000,5500
"Tamil Nadu",Thiruvannamalai,"Arani(Uzhavar Sandhai )","Bitter gourd","Bitter Gourd",Local,21/09/2026,4000,4800,4400
"Tamil Nadu",Thiruvannamalai,"Arani(Uzhavar Sandhai )",Beans,"Beans (Whole)",Local,21/09/2026,8000,9600,8800
"Tamil Nadu",Thiruvannamalai,"Arani(Uzhavar Sandhai )",Thondekai,Thondekai,Local,21/09/2026,3500,4000,3750
"Tamil Nadu",Thiruvannamalai,"Arani(Uzhavar Sandhai )",Lemon,Lemon,Local,21/09/2026,10000,12000,11000
"Tamil Nadu",Thiruvannamalai,"Polur(Uzhavar Sandhai )",Potato,"Red Nanital",Local,21/09/2026,3300,4000,3650
"Tamil Nadu",Thiruvannamalai,"Polur(Uzhavar Sandhai )",Cauliflower,Ranchi,Local,21/09/2026,2500,3000,2750
"Tamil Nadu",Thiruvannamalai,"Polur(Uzhavar Sandhai )",Brinjal,Round,Local,21/09/2026,5000,6000,5500
"Tamil Nadu",Thiruvannamalai,"Polur(Uzhavar Sandhai )","Bitter gourd","Bitter Gourd",Local,21/09/2026,4000,4800,4400
"Tamil Nadu",Thiruvannamalai,"Polur(Uzhavar Sandhai )","Bhindi(Ladies Finger)",Bhindi,Local,21/09/2026,3500,4200,3850
"Tamil Nadu",Thiruvannamalai,"Polur(Uzhavar Sandhai )",Amaranthus,Amaranthus,Local,21/09/2026,1600,2000,1800
"Tamil Nadu",Thiruvannamalai,"Polur(Uzhavar Sandhai )","Banana - Green","Banana - Green",Local,21/09/2026,1600,2000,1800
"Tamil Nadu",Thiruvannamalai,"Polur(Uzhavar Sandhai )",Carrot,Pusakesar,Local,21/09/2026,5000,6000,5500
"Tamil Nadu",Thiruvannamalai,"Polur(Uzhavar Sandhai )",Ridgeguard(Tori),Ridgeguard(Tori),Local,21/09/2026,3500,4200,3850
"Tamil Nadu",Thiruvannamalai,"Polur(Uzhavar Sandhai )","Knool Khol","Knool Khol",Local,21/09/2026,3500,4200,3850
"Tamil Nadu",Thiruvannamalai,"Polur(Uzhavar Sandhai )","Tender Coconut","Tender Coconut",Local,21/09/2026,1500,2000,1750
"Tamil Nadu",Thiruvannamalai,"Polur(Uzhavar Sandhai )",Lemon,Lemon,Local,21/09/2026,16000,20000,18000
"Tamil Nadu",Thiruvannamalai,"Tiruvannamalai(Uzhavar Sandhai )",Potato,"Red Nanital",Local,21/09/2026,3500,4000,3750
"Tamil Nadu",Thiruvannamalai,"Tiruvannamalai(Uzhavar Sandhai )","Bitter gourd","Bitter Gourd",Local,21/09/2026,4000,5000,4500
"Tamil Nadu",Thiruvannamalai,"Tiruvannamalai(Uzhavar Sandhai )",Coconut,Coconut,Local,21/09/2026,4000,5000,4500
"Tamil Nadu",Thiruvannamalai,"Tiruvannamalai(Uzhavar Sandhai )","Sweet Potato","Hosur Red",Local,21/09/2026,4000,5000,4500
"Tamil Nadu",Thiruvannamalai,"Tiruvannamalai(Uzhavar Sandhai )",Ridgeguard(Tori),Ridgeguard(Tori),Local,21/09/2026,4000,5000,4500
"Tamil Nadu",Thiruvannamalai,"Tiruvannamalai(Uzhavar Sandhai )",Mango(Raw-Ripe),"Mango - Raw-Ripe",Local,21/09/2026,12000,15000,13500
"Tamil Nadu",Thiruvannamalai,"Tiruvannamalai(Uzhavar Sandhai )","Tender Coconut","Tender Coconut",Local,21/09/2026,2500,3000,2750
"Tamil Nadu",Thiruvannamalai,"Tiruvannamalai(Uzhavar Sandhai )",Mashrooms,Mashrooms,Local,21/09/2026,22000,25000,23500
"Tamil Nadu",Thiruvannamalai,"Tiruvannamalai(Uzhavar Sandhai )","Amla(Nelli Kai)",Amla,Local,21/09/2026,10000,12000,11000
"Tamil Nadu",Thiruvannamalai,"Tiruvannamalai(Uzhavar Sandhai )","Sweet Corn ","Sweet Corn ",Local,21/09/2026,3500,4000,3750
"Tamil Nadu",Thiruvarur,"Tiruthuraipoondi(Uzhavar Sandhai )",Amaranthus,Amaranthus,Local,21/09/2026,1500,3000,2250
"Tamil Nadu",Thiruvarur,"Tiruthuraipoondi(Uzhavar Sandhai )",Tapioca,Tapioca,Local,21/09/2026,4400,4400,4400
"Tamil Nadu",Thiruvarur,"Tiruthuraipoondi(Uzhavar Sandhai )",Lemon,Lemon,Local,21/09/2026,23000,23000,23000
"Tamil Nadu",Thiruvarur,"Tiruthuraipoondi(Uzhavar Sandhai )","Amla(Nelli Kai)",Amla,Local,21/09/2026,8000,8000,8000
"Tamil Nadu",Tuticorin,"Kovilpatti(Uzhavar Sandhai )",Tomato,Local,Local,21/09/2026,2500,3000,2750
"Tamil Nadu",Tuticorin,"Kovilpatti(Uzhavar Sandhai )","Cluster beans","Cluster Beans",Local,21/09/2026,3500,4000,3750
"Tamil Nadu",Tuticorin,"Kovilpatti(Uzhavar Sandhai )","Bitter gourd",Other,Local,21/09/2026,10000,11000,10500
"Tamil Nadu",Tuticorin,"Kovilpatti(Uzhavar Sandhai )","Bottle gourd","Bottle Gourd",Local,21/09/2026,3000,3500,3250
"Tamil Nadu",Tuticorin,"Kovilpatti(Uzhavar Sandhai )",Guava,"Guava Allahabad",Local,21/09/2026,5000,5500,5250
"Tamil Nadu",Vellore,"Gudiyatham(Uzhavar Sandhai )",Groundnut,"Big (With Shell)",Local,21/09/2026,7600,7600,7600
"Tamil Nadu",Vellore,"Gudiyatham(Uzhavar Sandhai )",Banana,"Red Banana",Local,21/09/2026,8000,8000,8000
"Tamil Nadu",Vellore,"Gudiyatham(Uzhavar Sandhai )",Garlic,Garlic,Local,21/09/2026,24000,24000,24000
"Tamil Nadu",Vellore,"Gudiyatham(Uzhavar Sandhai )",Tomato,Other,Local,21/09/2026,2000,2400,2200
"Tamil Nadu",Vellore,"Gudiyatham(Uzhavar Sandhai )","Bottle gourd","Bottle Gourd",Local,21/09/2026,1500,1800,1650
"Tamil Nadu",Vellore,"Gudiyatham(Uzhavar Sandhai )",Ashgourd,Gouard,Local,21/09/2026,2400,2400,2400
"Tamil Nadu",Vellore,"Gudiyatham(Uzhavar Sandhai )",Cucumbar(Kheera),Cucumbar,Local,21/09/2026,3600,3600,3600
"Tamil Nadu",Vellore,"Gudiyatham(Uzhavar Sandhai )","Green Avare(W)","Green Avare (W)",Local,21/09/2026,6600,6600,6600
"Tamil Nadu",Vellore,"Gudiyatham(Uzhavar Sandhai )",Lemon,Lemon,Local,21/09/2026,14000,14000,14000
"Tamil Nadu",Vellore,"Kahithapattarai(Uzhavar Sandhai )","Bitter gourd","Bitter Gourd",Local,21/09/2026,2500,3600,3050
"Tamil Nadu",Vellore,"Kahithapattarai(Uzhavar Sandhai )","Bottle gourd","Bottle Gourd",Local,21/09/2026,1500,1500,1500
"Tamil Nadu",Vellore,"Kahithapattarai(Uzhavar Sandhai )",Ashgourd,Gouard,Local,21/09/2026,2000,2000,2000
"Tamil Nadu",Vellore,"Kahithapattarai(Uzhavar Sandhai )","Bhindi(Ladies Finger)",Bhindi,Local,21/09/2026,3000,3000,3000
"Tamil Nadu",Vellore,"Kahithapattarai(Uzhavar Sandhai )","Green Chilli","Green Chilly",Local,21/09/2026,4600,4600,4600
"Tamil Nadu",Vellore,"Kahithapattarai(Uzhavar Sandhai )",Carrot,Pusakesar,Local,21/09/2026,3600,3600,3600
"Tamil Nadu",Villupuram,"Villupuram(Uzhavar Sandhai )",Tomato,Deshi,Local,21/09/2026,2500,2500,2500
"Tamil Nadu",Villupuram,"Villupuram(Uzhavar Sandhai )",Ashgourd,Gouard,Local,21/09/2026,2500,2500,2500
"Tamil Nadu",Villupuram,"Villupuram(Uzhavar Sandhai )",Beans,"Beans (Whole)",Local,21/09/2026,11000,11000,11000
"Tamil Nadu",Villupuram,"Villupuram(Uzhavar Sandhai )","Sweet Potato","Hosur Red",Local,21/09/2026,6000,6000,6000
"Tamil Nadu",Villupuram,"Villupuram(Uzhavar Sandhai )",Ridgeguard(Tori),Ridgeguard(Tori),Local,21/09/2026,6000,6000,6000
"Tamil Nadu",Villupuram,"Villupuram(Uzhavar Sandhai )",Guava,"Guava Allahabad",Local,21/09/2026,4000,4000,4000
"Tamil Nadu",Villupuram,"Villupuram(Uzhavar Sandhai )",Yam(Ratalu),"Yam (Ratalu)",Local,21/09/2026,6500,6500,6500
"Tamil Nadu",Villupuram,"Villupuram(Uzhavar Sandhai )",Lemon,Lemon,Local,21/09/2026,16000,16000,16000
Haryana,Rewari,"Rewari APMC",Apple,Apple,Medium,21/09/2026,5000,25000,15000
Haryana,Rewari,"Rewari APMC",Potato,Other,Medium,21/09/2026,800,1600,1200
"Jammu and Kashmir",Rajouri,"Rajouri (Phaliana) (F&V)","Round gourd",Other,"Grade B",21/09/2026,2000,2000,2000
"Andhra Pradesh",Krishna,"Gannavaram APMC",Paddy(Common),1001,Local,21/09/2026,2441,2441,2441
"Tamil Nadu",Thiruvannamalai,"Cheyyar(Uzhavar Sandhai )",Brinjal,Other,Local,21/09/2026,4000,4800,4400
"Tamil Nadu",Thiruvannamalai,"Cheyyar(Uzhavar Sandhai )","Green Chilli","Green Chilly",Local,21/09/2026,5000,6000,5500
"Uttar Pradesh",Raebarelli,"Lalganj APMC","Bottle gourd","Bottle Gourd",FAQ,21/09/2026,1400,1600,1500
Punjab,Gurdaspur,"Dinanagar APMC",Brinjal,Brinjal,Medium,21/09/2026,2200,2500,2400
Punjab,Gurdaspur,"Dinanagar APMC",Tomato,Tomato,Medium,21/09/2026,2800,3000,2900
Punjab,Gurdaspur,"Dinanagar APMC",Capsicum,Capsicum,Medium,21/09/2026,4800,5000,4900
Punjab,Gurdaspur,"Dinanagar APMC",Colacasia,Colacasia,Medium,21/09/2026,1800,2000,1900
Punjab,Hoshiarpur,"Garh Shankar APMC",Papaya,Papaya,Medium,21/09/2026,3200,3200,3200
Punjab,Hoshiarpur,"Garh Shankar APMC",Pomegranate,Other,Medium,21/09/2026,7000,7000,7000
Punjab,Hoshiarpur,"Garh Shankar APMC",Banana,Other,Medium,21/09/2026,3500,3500,3500
Punjab,Hoshiarpur,"Garh Shankar APMC",Cabbage,Cabbage,FAQ,21/09/2026,1800,1800,1800
Punjab,Hoshiarpur,"Garh Shankar APMC",Cucumbar(Kheera),Cucumbar,FAQ,21/09/2026,2400,2400,2400
Punjab,Hoshiarpur,"Garh Shankar APMC",Tomato,Tomato,FAQ,21/09/2026,2200,2200,2200
Punjab,Ludhiana,"Doraha APMC",Spinach,Spinach,Local,21/09/2026,2000,2000,2000
Punjab,Ludhiana,"Doraha APMC",Raddish,Raddish,Local,21/09/2026,1500,3000,2500
Punjab,Moga,"Nihal Singh Wala APMC",Potato,Potato,FAQ,21/09/2026,750,750,750
Odisha,Mayurbhanja,"Betnoti APMC",Papaya(Raw),Other,FAQ,21/09/2026,1800,2200,2000
Keralam,Idukki,"Munnar Market","Black pepper",Other,FAQ,21/09/2026,68000,68000,68000
Keralam,Idukki,"Munnar Market",Seetapal,Other,Medium,21/09/2026,10000,10000,10000
Keralam,Idukki,"Munnar Market",Pineapple,Other,Medium,21/09/2026,6000,6000,6000
Keralam,Alappuzha,"Chengannur Market",Cabbage,Other,FAQ,21/09/2026,2900,3200,3000
Keralam,Alappuzha,"Chengannur Market",Brinjal,Brinjal,"Grade A",21/09/2026,4000,4300,4200
Keralam,Alappuzha,"Chengannur Market","Cluster beans","Cluster Beans",FAQ,21/09/2026,6200,6500,6300
Keralam,Alappuzha,"Chengannur Market",Cowpea(Veg),Other,FAQ,21/09/2026,4800,5200,5000
Keralam,Alappuzha,"Chengannur Market",Onion,Onion,FAQ,21/09/2026,5800,6100,6000
Keralam,Alappuzha,"Chengannur Market",Cucumbar(Kheera),Other,FAQ,21/09/2026,2500,3000,2800
Keralam,Alappuzha,"Chengannur Market",Pumpkin,Other,FAQ,21/09/2026,1900,2200,2000
"Tamil Nadu",Coimbatore,"Sundarapuram(Uzhavar Sandhai )",Garlic,Garlic,Local,21/09/2026,23000,24000,23500
"Tamil Nadu",Coimbatore,"Sundarapuram(Uzhavar Sandhai )","Bottle gourd","Bottle Gourd",Local,21/09/2026,2500,3000,2750
"Tamil Nadu",Coimbatore,"Sundarapuram(Uzhavar Sandhai )","Green Chilli","Green Chilly",Local,21/09/2026,4800,5500,5150
"Tamil Nadu",Coimbatore,"Sundarapuram(Uzhavar Sandhai )",Coconut,Coconut,Local,21/09/2026,5500,5800,5650
"Tamil Nadu",Coimbatore,"Sundarapuram(Uzhavar Sandhai )",Carrot,Pusakesar,Local,21/09/2026,4000,4500,4250
"Tamil Nadu",Coimbatore,"Sundarapuram(Uzhavar Sandhai )",Cucumbar(Kheera),Cucumbar,Local,21/09/2026,4000,4500,4250
"Tamil Nadu",Coimbatore,"Sundarapuram(Uzhavar Sandhai )",Capsicum,Capsicum,Local,21/09/2026,5500,6000,5750
"Tamil Nadu",Coimbatore,"Sundarapuram(Uzhavar Sandhai )","Chow Chow","Chow Chow",Local,21/09/2026,3200,3600,3400
"Tamil Nadu",Coimbatore,"Sundarapuram(Uzhavar Sandhai )","Elephant Yam(Suran)/Amorphophallus","Elephant Yam (Suran)",Local,21/09/2026,3600,4000,3800
"Tamil Nadu",Coimbatore,"Sundarapuram(Uzhavar Sandhai )","Sweet Corn ","Sweet Corn ",Local,21/09/2026,3500,4000,3750
Haryana,Gurgaon,"Gurgaon APMC","Bhindi(Ladies Finger)",Other,"Grade A",21/09/2026,1500,2500,2000
Haryana,Gurgaon,"Gurgaon APMC",Brinjal,Brinjal,"Grade A",21/09/2026,1000,1400,1200
Haryana,Gurgaon,"Gurgaon APMC",Onion,Other,"Grade A",21/09/2026,4000,5000,4500
Haryana,Rohtak,Meham,Pomegranate,Pomogranate,Medium,21/09/2026,8000,8000,8000
"Andhra Pradesh","YSR Kadapa","Yerraguntla APMC",Onion,Local,FAQ,21/09/2026,2600,3000,2800
"Uttar Pradesh","Khiri (Lakhimpur)","Maigalganj APMC","Banana - Green","Banana - Green",FAQ,21/09/2026,1660,1700,1680
"Uttar Pradesh","Khiri (Lakhimpur)","Maigalganj APMC","Bottle gourd","Bottle Gourd",FAQ,21/09/2026,880,920,900
Punjab,Gurdaspur,"Kalanaur APMC",Pumpkin,Pumpkin,"Grade A",21/09/2026,1300,1300,1300
Punjab,Bhatinda,"Rampuraphul(Nabha Mandi) APMC","Bhindi(Ladies Finger)",Bhindi,"Grade A",21/09/2026,2000,3000,2500
Punjab,Bhatinda,"Rampuraphul(Nabha Mandi) APMC",Carrot,Other,"Grade A",21/09/2026,1500,2500,2000
Punjab,Bhatinda,"Rampuraphul(Nabha Mandi) APMC",Cucumbar(Kheera),Cucumbar,"Grade A",21/09/2026,2500,3500,3000
Punjab,Bhatinda,"Rampuraphul(Nabha Mandi) APMC",Potato,Other,"Grade A",21/09/2026,500,600,550
Punjab,Bhatinda,"Rampuraphul(Nabha Mandi) APMC",Banana,Other,"Grade A",21/09/2026,2000,2700,2500
Punjab,Bhatinda,"Rampuraphul(Nabha Mandi) APMC",Guava,Other,"Grade A",21/09/2026,2000,3000,2500
"Himachal Pradesh",Kangra,"SMY Baijnath",Ginger(Green),"Green Ginger","Grade B",21/09/2026,9000,11000,10000
"Himachal Pradesh",Kangra,"SMY Baijnath",Apple,Apple,"Grade B",21/09/2026,3000,10000,8000
"Himachal Pradesh",Kangra,"SMY Jaisinghpur","Bitter gourd","Bitter Gourd",FAQ,21/09/2026,2800,3500,3200
"Himachal Pradesh",Kangra,"SMY Jaisinghpur",Potato,Potato,FAQ,21/09/2026,1400,2600,2000
"Himachal Pradesh",Kangra,"SMY Jaisinghpur",Banana,Other,Medium,21/09/2026,4800,5200,5000
"Himachal Pradesh",Kangra,"SMY Jaisinghpur","Sponge gourd","Sponge gourd",FAQ,21/09/2026,2800,3200,3000
"Himachal Pradesh",Kangra,"SMY Jaisinghpur",Papaya,Other,Medium,21/09/2026,5000,5500,5200
"Himachal Pradesh",Kangra,"SMY Jaisinghpur",Onion,Other,FAQ,21/09/2026,5200,5500,5400
"Himachal Pradesh",Kangra,"SMY Jaisinghpur",Cauliflower,Cauliflower,FAQ,21/09/2026,4800,5500,5200
"Tamil Nadu",Erode,"Sathiyamagalam(Uzhavar Sandhai )","Cluster beans","Cluster Beans",Local,21/09/2026,3000,3600,3300
"Tamil Nadu",Erode,"Sathiyamagalam(Uzhavar Sandhai )","Bottle gourd","Bottle Gourd",Local,21/09/2026,1500,2000,1750
"Tamil Nadu",Erode,"Sathiyamagalam(Uzhavar Sandhai )",Amaranthus,Amaranthus,Local,21/09/2026,3500,4000,3750
"Tamil Nadu",Erode,"Sathiyamagalam(Uzhavar Sandhai )",Cowpea(Veg),"Cowpea (Veg)",Local,21/09/2026,2000,2400,2200
"Tamil Nadu",Erode,"Sathiyamagalam(Uzhavar Sandhai )",Carrot,Pusakesar,Local,21/09/2026,5400,5800,5600
"Tamil Nadu",Erode,"Sathiyamagalam(Uzhavar Sandhai )","Sweet Corn ","Sweet Corn ",Local,21/09/2026,2500,3000,2750
"Tamil Nadu",Coimbatore,"Mettupalayam(Uzhavar Sandhai )",Brinjal,Round,Local,21/09/2026,2000,2600,2300
"Tamil Nadu",Coimbatore,"Mettupalayam(Uzhavar Sandhai )","Green Peas","Green Peas",Local,21/09/2026,14000,15000,14500
"Tamil Nadu",Coimbatore,"Mettupalayam(Uzhavar Sandhai )","Bottle gourd","Bottle Gourd",Local,21/09/2026,2000,2500,2250
"Tamil Nadu",Coimbatore,"Mettupalayam(Uzhavar Sandhai )",Ashgourd,Gouard,Local,21/09/2026,1500,2000,1750
"Tamil Nadu",Coimbatore,"Mettupalayam(Uzhavar Sandhai )",Pumpkin,Pumpkin,Local,21/09/2026,1500,1800,1650
"Tamil Nadu",Coimbatore,"Mettupalayam(Uzhavar Sandhai )",Beans,"Beans (Whole)",Local,21/09/2026,6000,6800,6400
"Tamil Nadu",Coimbatore,"Mettupalayam(Uzhavar Sandhai )",Tapioca,Tapioca,Local,21/09/2026,2500,3000,2750
"Tamil Nadu",Coimbatore,"Mettupalayam(Uzhavar Sandhai )",Thondekai,Thondekai,Local,21/09/2026,3000,3600,3300
"Tamil Nadu",Coimbatore,"Mettupalayam(Uzhavar Sandhai )",Lime,Lime,Local,21/09/2026,11000,13000,12000
"Tamil Nadu",Coimbatore,"Mettupalayam(Uzhavar Sandhai )",Mashrooms,Mashrooms,Local,21/09/2026,18000,20000,19000
"Tamil Nadu",Coimbatore,"Mettupalayam(Uzhavar Sandhai )",Turnip,Turnip,Local,21/09/2026,4500,5000,4750
"Tamil Nadu",Coimbatore,"Mettupalayam(Uzhavar Sandhai )","Amla(Nelli Kai)",Amla,Local,21/09/2026,9000,10000,9500
"Tamil Nadu",Coimbatore,"Mettupalayam(Uzhavar Sandhai )","Onion Green","Onion Green",Local,21/09/2026,8500,9200,8850
"Tamil Nadu",Namakkal,"Tiruchengode APMC",Cauliflower,Ranchi,Local,21/09/2026,3500,4000,3750
"Tamil Nadu",Namakkal,"Tiruchengode APMC",Papaya,Papaya,Local,21/09/2026,3000,3500,3250
"Tamil Nadu",Namakkal,"Tiruchengode APMC",Ashgourd,Gouard,Local,21/09/2026,1800,2000,1900
"Tamil Nadu",Namakkal,"Tiruchengode APMC",Amaranthus,Amaranthus,Local,21/09/2026,3500,4000,3750
"Tamil Nadu",Namakkal,"Tiruchengode APMC","Sweet Potato","Hosur Red",Local,21/09/2026,5400,6000,5700
"Tamil Nadu",Namakkal,"Tiruchengode APMC",Snakeguard,Snakeguard,Local,21/09/2026,4500,5000,4750
"Tamil Nadu",Namakkal,"Tiruchengode APMC",Cucumbar(Kheera),Cucumbar,Local,21/09/2026,8000,9000,8500
"Tamil Nadu",Namakkal,"Tiruchengode APMC",Thondekai,Thondekai,Local,21/09/2026,6200,7000,6600
"Tamil Nadu",Namakkal,"Tiruchengode APMC",Drumstick,Drumstick,Local,21/09/2026,3000,3500,3250
"Tamil Nadu",Namakkal,"Tiruchengode APMC",Yam(Ratalu),"Yam (Ratalu)",Local,21/09/2026,7000,8000,7500
Telangana,Siddipet,"Vantamamidi APMC","Green Chilli","Green Chilly",Local,21/09/2026,1500,1500,1500
Telangana,Karimnagar,"Weekly Market Area,RBZ APMC",Beetroot,Beetroot,Local,21/09/2026,2000,3500,2000
"Tamil Nadu",Ariyalur,"Jeyankondam (Uzhavar Sandhai )","Bhindi(Ladies Finger)",Bhindi,Local,21/09/2026,3500,4000,3750
"Tamil Nadu",Coimbatore,"RSPuram(Uzhavar Sandhai )",Apple,American,Local,21/09/2026,20000,28000,24000
"Tamil Nadu",Coimbatore,"RSPuram(Uzhavar Sandhai )",Potato,Other,Local,21/09/2026,5000,5500,5250
"Tamil Nadu",Coimbatore,"RSPuram(Uzhavar Sandhai )","Mousambi(Sweet Lime)",Mousambi,Local,21/09/2026,4000,4500,4250
"Tamil Nadu",Coimbatore,"RSPuram(Uzhavar Sandhai )","Banana - Green","Banana - Green",Local,21/09/2026,3500,4200,3850
"Tamil Nadu",Coimbatore,"RSPuram(Uzhavar Sandhai )",Ginger(Green),"Green Ginger",Local,21/09/2026,14800,15800,15300
"Tamil Nadu",Coimbatore,"RSPuram(Uzhavar Sandhai )",Cucumbar(Kheera),Cucumbar,Local,21/09/2026,4400,4800,4600
"Tamil Nadu",Coimbatore,"RSPuram(Uzhavar Sandhai )",Ridgeguard(Tori),Ridgeguard(Tori),Local,21/09/2026,4200,4500,4350
"Tamil Nadu",Coimbatore,"RSPuram(Uzhavar Sandhai )","Karbuja(Musk Melon)",Karbhuja,Local,21/09/2026,4400,4800,4600
"Tamil Nadu",Coimbatore,"RSPuram(Uzhavar Sandhai )",Mashrooms,Mashrooms,Local,21/09/2026,20000,25000,22500
"Tamil Nadu",Coimbatore,"RSPuram(Uzhavar Sandhai )","Amla(Nelli Kai)",Amla,Local,21/09/2026,11000,12200,11600
"Tamil Nadu",Coimbatore,"RSPuram(Uzhavar Sandhai )","Sweet Corn ","Sweet Corn ",Local,21/09/2026,3500,4000,3750
"Tamil Nadu",Coimbatore,"Singanallur(Uzhavar Sandhai )",Grapes,Annabesahai,Local,21/09/2026,10000,11000,10500
"Tamil Nadu",Coimbatore,"Singanallur(Uzhavar Sandhai )",Garlic,Garlic,Local,21/09/2026,23000,24000,23500
"Tamil Nadu",Coimbatore,"Singanallur(Uzhavar Sandhai )",Cauliflower,Ranchi,Local,21/09/2026,4500,5000,4750
"Tamil Nadu",Coimbatore,"Singanallur(Uzhavar Sandhai )",Brinjal,Round,Local,21/09/2026,4000,5000,4500
"Tamil Nadu",Coimbatore,"Singanallur(Uzhavar Sandhai )","Sweet Potato","Hosur Red",Local,21/09/2026,5500,6000,5750
"Tamil Nadu",Coimbatore,"Singanallur(Uzhavar Sandhai )",Beetroot,Beetroot,Local,21/09/2026,4500,5200,4850
"Tamil Nadu",Coimbatore,"Singanallur(Uzhavar Sandhai )",Cucumbar(Kheera),Cucumbar,Local,21/09/2026,4000,4500,4250
"Tamil Nadu",Coimbatore,"Singanallur(Uzhavar Sandhai )",Capsicum,Capsicum,Local,21/09/2026,5500,6000,5750
"Tamil Nadu",Coimbatore,"Singanallur(Uzhavar Sandhai )","Chow Chow","Chow Chow",Local,21/09/2026,3000,3500,3250
"Tamil Nadu",Coimbatore,"Singanallur(Uzhavar Sandhai )","Knool Khol","Knool Khol",Local,21/09/2026,3500,4200,3850
"Tamil Nadu",Coimbatore,"Singanallur(Uzhavar Sandhai )",Pomegranate,Pomogranate,Local,21/09/2026,16000,17000,16500
"Tamil Nadu",Coimbatore,"Singanallur(Uzhavar Sandhai )","Amla(Nelli Kai)",Amla,Local,21/09/2026,11000,12000,11500
"Tamil Nadu",Coimbatore,"Pollachi(Uzhavar Sandhai )",Banana,"Red Banana",Local,21/09/2026,8000,9000,8500
"Tamil Nadu",Coimbatore,"Pollachi(Uzhavar Sandhai )",Onion,Bellary,Local,21/09/2026,5500,6400,5950
"Tamil Nadu",Coimbatore,"Pollachi(Uzhavar Sandhai )",Potato,"Red Nanital",Local,21/09/2026,4000,6500,5250
"Tamil Nadu",Coimbatore,"Pollachi(Uzhavar Sandhai )",Papaya,Papaya,Local,21/09/2026,4000,4500,4250
"Tamil Nadu",Coimbatore,"Pollachi(Uzhavar Sandhai )",Ginger(Green),"Green Ginger",Local,21/09/2026,16000,18000,17000
"Tamil Nadu",Coimbatore,"Pollachi(Uzhavar Sandhai )",Mashrooms,Mashrooms,Local,21/09/2026,18000,20000,19000
"Uttar Pradesh",Shamli,"Kairana APMC","Bitter gourd","Bitter Gourd",FAQ,21/09/2026,2500,2600,2550
Telangana,"Ranga Reddy","Vanasthalipuram,RBZ ","Ladies Finger","Ladies Finger","Grade A",21/09/2026,4000,4000,4000
Telangana,"Ranga Reddy","Vanasthalipuram,RBZ ","Cluster beans","Cluster Beans","Grade A",21/09/2026,4000,4000,4000
Telangana,"Ranga Reddy","Vanasthalipuram,RBZ ",Colacasia,Colacasia,"Grade A",21/09/2026,2800,2800,2800
Telangana,"Ranga Reddy","Vanasthalipuram,RBZ ","Other green and fresh vegetables",Other,"Grade A",21/09/2026,2000,2000,2000
"Tamil Nadu",Karur,"Karur(Uzhavar Sandhai )",Banana,"Red Banana",Local,21/09/2026,5000,6000,5500
"Tamil Nadu",Karur,"Karur(Uzhavar Sandhai )",Onion,Bellary,Local,21/09/2026,6000,6500,6250
"Tamil Nadu",Karur,"Karur(Uzhavar Sandhai )",Potato,Other,Local,21/09/2026,5500,6000,5750
"Tamil Nadu",Karur,"Karur(Uzhavar Sandhai )",Pumpkin,Pumpkin,Local,21/09/2026,2000,2500,2250
"Tamil Nadu",Karur,"Karur(Uzhavar Sandhai )",Beetroot,Beetroot,Local,21/09/2026,6500,7000,6750
"Tamil Nadu",Karur,"Karur(Uzhavar Sandhai )","Elephant Yam(Suran)/Amorphophallus","Elephant Yam (Suran)",Local,21/09/2026,4500,5000,4750
"Tamil Nadu",Karur,"Karur(Uzhavar Sandhai )",Lemon,Lemon,Local,21/09/2026,29500,30000,29750
"Tamil Nadu",Coimbatore,"Kurichi(Uzhavar Sandhai )","Bitter gourd",Other,Local,21/09/2026,4500,5200,4850
"Tamil Nadu",Coimbatore,"Kurichi(Uzhavar Sandhai )",Ridgeguard(Tori),Ridgeguard(Tori),Local,21/09/2026,4000,4500,4250
"Tamil Nadu",Coimbatore,"Kurichi(Uzhavar Sandhai )","Green Avare(W)","Green Avare (W)",Local,21/09/2026,6000,6500,6250
"Tamil Nadu",Coimbatore,"Kurichi(Uzhavar Sandhai )","Elephant Yam(Suran)/Amorphophallus","Elephant Yam (Suran)",Local,21/09/2026,3600,4000,3800
"Tamil Nadu",Cuddalore,"Chidambaram(Uzhavar Sandhai )",Tomato,Local,Local,21/09/2026,3000,3000,3000
"Tamil Nadu",Cuddalore,"Cuddalore(Uzhavar Sandhai )",Banana,Besrai,Local,21/09/2026,4000,8000,6000
"Tamil Nadu",Cuddalore,"Cuddalore(Uzhavar Sandhai )",Onion,Bellary,Local,21/09/2026,6000,7000,6500
"Tamil Nadu",Cuddalore,"Cuddalore(Uzhavar Sandhai )",Cauliflower,Ranchi,Local,21/09/2026,4000,4000,4000
"Tamil Nadu",Cuddalore,"Cuddalore(Uzhavar Sandhai )","Bitter gourd","Bitter Gourd",Local,21/09/2026,6000,7000,6500
"Tamil Nadu",Cuddalore,"Cuddalore(Uzhavar Sandhai )","Bhindi(Ladies Finger)",Bhindi,Local,21/09/2026,3000,3000,3000
"Tamil Nadu",Cuddalore,"Cuddalore(Uzhavar Sandhai )",Ginger(Green),"Green Ginger",Local,21/09/2026,18000,18000,18000
"Tamil Nadu",Cuddalore,"Cuddalore(Uzhavar Sandhai )","Sweet Potato","Hosur Red",Local,21/09/2026,8000,10000,9000
"Tamil Nadu",Cuddalore,"Cuddalore(Uzhavar Sandhai )","Green Avare(W)","Green Avare (W)",Local,21/09/2026,8500,8500,8500
"Tamil Nadu",Cuddalore,"Cuddalore(Uzhavar Sandhai )",Yam(Ratalu),"Yam (Ratalu)",Local,21/09/2026,6000,6000,6000
Bihar,Khagaria,"Khagaria APMC",Tomato,Deshi,"Grade A",21/09/2026,2416.666425,2616.666405,2493.333084
Bihar,Khagaria,"Khagaria APMC","Sponge gourd","Sponge gourd","Grade A",21/09/2026,1199.99988,1399.99986,1266.66654
"Tamil Nadu","Nagercoil (Kannyiakumari)","Vadaseri APMC",Banana,"Nendra Bale",Local,21/09/2026,6000,6500,6250
"Tamil Nadu","Nagercoil (Kannyiakumari)","Vadaseri APMC",Onion,Bellary,Local,21/09/2026,7000,7500,7250
"Tamil Nadu","Nagercoil (Kannyiakumari)","Vadaseri APMC",Cauliflower,Ranchi,Local,21/09/2026,5500,6000,5750
"Tamil Nadu","Nagercoil (Kannyiakumari)","Vadaseri APMC",Coriander(Leaves),"I Sort",Local,21/09/2026,4500,5000,4750
"Tamil Nadu","Nagercoil (Kannyiakumari)","Vadaseri APMC","Bottle gourd","Bottle Gourd",Local,21/09/2026,2200,2500,2350
"Tamil Nadu","Nagercoil (Kannyiakumari)","Vadaseri APMC",Amaranthus,Amaranthus,Local,21/09/2026,1500,2000,1750
"Tamil Nadu","Nagercoil (Kannyiakumari)","Vadaseri APMC",Tapioca,Tapioca,Local,21/09/2026,3500,4000,3750
"Tamil Nadu","Nagercoil (Kannyiakumari)","Vadaseri APMC",Coconut,Coconut,Local,21/09/2026,6100,6300,6200
"Tamil Nadu","Nagercoil (Kannyiakumari)","Vadaseri APMC",Drumstick,Drumstick,Local,21/09/2026,4500,5000,4750
"Tamil Nadu","Nagercoil (Kannyiakumari)","Vadaseri APMC","Amla(Nelli Kai)",Amla,Local,21/09/2026,9000,10000,9500
"Tamil Nadu",Pudukkottai,"Karambakkudi(Uzhavar Sandhai )",Coriander(Leaves),"I Sort",Local,21/09/2026,5000,6000,5500
"Tamil Nadu",Pudukkottai,"Karambakkudi(Uzhavar Sandhai )",Papaya,Papaya,Local,21/09/2026,3500,4000,3750
"Tamil Nadu",Pudukkottai,"Karambakkudi(Uzhavar Sandhai )","Green Chilli","Green Chilly",Local,21/09/2026,5000,6000,5500
"Tamil Nadu",Pudukkottai,"Karambakkudi(Uzhavar Sandhai )",Snakeguard,Snakeguard,Local,21/09/2026,3000,3500,3250
"Tamil Nadu",Vellore,"Vellore APMC","Bottle gourd","Bottle Gourd",Local,21/09/2026,2500,2500,2500
"Tamil Nadu",Vellore,"Vellore APMC","Bhindi(Ladies Finger)",Bhindi,Local,21/09/2026,3500,3500,3500
"Tamil Nadu",Vellore,"Vellore APMC",Beans,"Beans (Whole)",Local,21/09/2026,8500,8500,8500
"Tamil Nadu",Vellore,"Vellore APMC","Green Avare(W)","Green Avare (W)",Local,21/09/2026,6500,6500,6500
"Tamil Nadu",Vellore,"Vellore APMC","Chow Chow","Chow Chow",Local,21/09/2026,3000,3000,3000
Bihar,Supaul,"Supaul APMC",Carrot,Carrot,"Grade A",21/09/2026,4200,5000,4500
"Tamil Nadu",Dharmapuri,"Harur(Uzhavar Sandhai )",Garlic,Garlic,Local,21/09/2026,20000,25000,22500
"Tamil Nadu",Dharmapuri,"Harur(Uzhavar Sandhai )",Cauliflower,Ranchi,Local,21/09/2026,3500,4000,3750
"Tamil Nadu",Dharmapuri,"Harur(Uzhavar Sandhai )",Amaranthus,Amaranthus,Local,21/09/2026,2500,3000,2750
"Tamil Nadu",Dharmapuri,"Harur(Uzhavar Sandhai )",Ginger(Green),"Green Ginger",Local,21/09/2026,12000,17000,14500
"Tamil Nadu",Dharmapuri,"Harur(Uzhavar Sandhai )",Carrot,Pusakesar,Local,21/09/2026,6000,6500,6250
"Tamil Nadu",Krishnagiri,"Kaveripattinam(Uzhavar Sandhai )",Tomato,Local,Local,21/09/2026,3000,3000,3000
"Tamil Nadu",Krishnagiri,"Kaveripattinam(Uzhavar Sandhai )","Cluster beans","Cluster Beans",Local,21/09/2026,4000,4000,4000
"Tamil Nadu",Krishnagiri,"Kaveripattinam(Uzhavar Sandhai )",Pumpkin,Pumpkin,Local,21/09/2026,2000,2000,2000
"Tamil Nadu",Krishnagiri,"Kaveripattinam(Uzhavar Sandhai )",Amaranthus,Amaranthus,Local,21/09/2026,2000,2500,2250
"Tamil Nadu",Krishnagiri,"Kaveripattinam(Uzhavar Sandhai )","Banana - Green","Banana - Green",Local,21/09/2026,2500,3000,2750
"Tamil Nadu",Krishnagiri,"Kaveripattinam(Uzhavar Sandhai )",Beans,"Beans (Whole)",Local,21/09/2026,10000,10000,10000
"Tamil Nadu",Krishnagiri,"Kaveripattinam(Uzhavar Sandhai )",Carrot,Pusakesar,Local,21/09/2026,6000,6000,6000
"Tamil Nadu",Krishnagiri,"Kaveripattinam(Uzhavar Sandhai )",Snakeguard,Snakeguard,Local,21/09/2026,3000,3000,3000
"Tamil Nadu","The Nilgiris","Coonoor(Uzhavar Sandhai )",Cowpea(Veg),"Cowpea (Veg)",Local,21/09/2026,3500,3800,3650
"Tamil Nadu","The Nilgiris","Coonoor(Uzhavar Sandhai )",Cabbage,Cabbage,Local,21/09/2026,2800,3000,2900
"Tamil Nadu","The Nilgiris","Coonoor(Uzhavar Sandhai )",Raddish,Raddish,Local,21/09/2026,2800,3000,2900
"Tamil Nadu","The Nilgiris","Coonoor(Uzhavar Sandhai )","Green Avare(W)",Other,Local,21/09/2026,6000,6200,6100
"Tamil Nadu","The Nilgiris","Coonoor(Uzhavar Sandhai )","Chow Chow","Chow Chow",Local,21/09/2026,2600,3000,2800
"Tamil Nadu","The Nilgiris","Coonoor(Uzhavar Sandhai )","Knool Khol","Knool Khol",Local,21/09/2026,3600,4000,3800
"Tamil Nadu","The Nilgiris","Coonoor(Uzhavar Sandhai )","Elephant Yam(Suran)/Amorphophallus","Elephant Yam (Suran)",Local,21/09/2026,4000,4400,4200
"Tamil Nadu","The Nilgiris","Gudalur(Uzhavar Sandhai )",Onion,Bellary,Local,21/09/2026,6000,6500,6250
"Tamil Nadu","The Nilgiris","Gudalur(Uzhavar Sandhai )",Pumpkin,Pumpkin,Local,21/09/2026,1800,2000,1900
"Tamil Nadu","The Nilgiris","Gudalur(Uzhavar Sandhai )",Beans,"Beans (Whole)",Local,21/09/2026,6000,7000,6500
"Tamil Nadu","The Nilgiris","Gudalur(Uzhavar Sandhai )",Snakeguard,Snakeguard,Local,21/09/2026,3500,4000,3750
"Tamil Nadu","The Nilgiris","Gudalur(Uzhavar Sandhai )",Lemon,Lemon,Local,21/09/2026,24000,25000,24500
"Tamil Nadu","The Nilgiris","Gudalur(Uzhavar Sandhai )",Mint(Pudina),Mint(Pudina),Local,21/09/2026,5000,6000,5500
"Himachal Pradesh",Kangra,"SMY Palampur",Pear(Marasebu),Other,Medium,21/09/2026,10000,10000,10000
"Himachal Pradesh",Kangra,"SMY Palampur",Guava,Guava,Medium,21/09/2026,12000,14000,13000
"Himachal Pradesh",Kangra,"SMY Palampur",Pineapple,"Pine Apple",Medium,21/09/2026,4800,5000,4900
"Himachal Pradesh",Kangra,"SMY Palampur",Onion,Onion,FAQ,21/09/2026,5000,5400,5200
"Himachal Pradesh",Kangra,"SMY Palampur",Garlic,Average,FAQ,21/09/2026,18000,20000,19000
"Himachal Pradesh",Kangra,"SMY Palampur",Spinach,Spinach,FAQ,21/09/2026,4500,5000,4800
"Himachal Pradesh",Kangra,"SMY Palampur","Bitter gourd","Bitter Gourd",FAQ,21/09/2026,2500,3000,2800
Haryana,Sirsa,"Dabwali APMC",Cotton,American,FAQ,21/09/2026,8500,9150,8900
Punjab,Tarntaran,"Patti APMC",Banana,Other,"Grade B",21/09/2026,1,1,1
Punjab,Tarntaran,"Patti APMC","Bhindi(Ladies Finger)",Other,Local,21/09/2026,0.02,0.02,0.02
Punjab,Tarntaran,"Patti APMC",Carrot,Other,Local,21/09/2026,200,200,200
Punjab,Tarntaran,"Patti APMC",Cucumbar(Kheera),Cucumbar,Local,21/09/2026,0.04,0.04,0.04
Uttarakhand,Dehradoon,"Vikasnagar APMC",Papaya,Papaya,Medium,21/09/2026,1800,2000,2000
Uttarakhand,Dehradoon,"Vikasnagar APMC","French Beans(Frasbean)",Other,Medium,21/09/2026,1500,1500,1500
Uttarakhand,Dehradoon,"Vikasnagar APMC",Pumpkin,Pumpkin,Medium,21/09/2026,600,900,900
Uttarakhand,Dehradoon,"Vikasnagar APMC",Cucumbar(Kheera),Other,Medium,21/09/2026,800,800,800
Punjab,Mohali,"Lalru APMC","Bitter gourd",Other,Local,21/09/2026,3000,3000,3000
Punjab,Mohali,"Lalru APMC",Brinjal,Other,Local,21/09/2026,2800,2800,2800
Punjab,Mohali,"Lalru APMC",Ginger(Green),"Green Ginger",Local,21/09/2026,6500,6500,6500
Punjab,Mohali,"Lalru APMC",Garlic,Average,Local,21/09/2026,15000,15000,15000
Punjab,Mohali,"Lalru APMC",Potato,Other,Local,21/09/2026,900,900,900
"Uttar Pradesh",Mau(Maunathbhanjan),"Kopaganj APMC",Banana,Medium,"Grade B",21/09/2026,3999,4100,4000
"Uttar Pradesh",Mau(Maunathbhanjan),"Kopaganj APMC","Bottle gourd","Bottle Gourd",FAQ,21/09/2026,1390,1450,1400
Haryana,Hissar,"Hansi APMC",Cauliflower,Other,FAQ,21/09/2026,4000,5000,4500
Haryana,Hissar,"Hansi APMC",Cabbage,Other,FAQ,21/09/2026,2500,3000,2750
Haryana,Hissar,"Hansi APMC","Bhindi(Ladies Finger)",Other,FAQ,21/09/2026,1800,2000,1900
Haryana,Hissar,"Hansi APMC",Cucumbar(Kheera),Other,FAQ,21/09/2026,2000,3000,2500
Haryana,Hissar,"Hansi APMC",Tomato,Other,FAQ,21/09/2026,2500,3000,2750
Punjab,Amritsar,"Rayya APMC",Onion,Other,FAQ,21/09/2026,1400,1400,1400
Keralam,Kollam,"Chathanoor Market",Brinjal,Other,FAQ,21/09/2026,4000,5000,4500
Keralam,Kollam,"Chathanoor Market",Cucumbar(Kheera),Other,FAQ,21/09/2026,3500,4500,4000
Keralam,Kollam,"Chathanoor Market",Drumstick,Other,FAQ,21/09/2026,4000,5000,4500
Keralam,Kollam,"Chathanoor Market",Banana,Poovan,Medium,21/09/2026,6500,7500,7000
"Andhra Pradesh",Prakasam,"Santhamaguluru APMC",Maize,Hybrid,FAQ,21/09/2026,2400,2480,2450
"Andhra Pradesh",Prakasam,"Santhamaguluru APMC",Paddy(Common),"B P T",FAQ,21/09/2026,2500,2580,2550
"Madhya Pradesh",Mandsaur,"Garoth(F&V) APMC",Brinjal,Brinjal,Local,21/09/2026,1400,1500,1450
Haryana,Rewari,"Kosli APMC",Raddish,Other,FAQ,21/09/2026,1000,1000,1000
Karnataka,Bagalkot,"Hungund APMC","Sunflower/Sunflower Seed",Local,FAQ,21/09/2026,7400,7700,7500
Haryana,Sonipat,"Ganaur APMC",Tomato,Tomato,FAQ,21/09/2026,2500,3000,2800
Haryana,Sonipat,"Ganaur APMC",Raddish,Raddish,Medium,21/09/2026,2000,3000,2500
Haryana,Sonipat,"Ganaur APMC",Banana,"Banana - Ripe",Medium,21/09/2026,3000,4000,3500
Haryana,Sonipat,"Ganaur APMC",Pumpkin,Pumpkin,Medium,21/09/2026,2500,3000,2800
Haryana,Sonipat,"Ganaur APMC",Apple,Apple,Medium,21/09/2026,12000,15000,14000
Haryana,Kurukshetra,"Ladwa APMC","Water Melon","Water Melon",Medium,21/09/2026,2000,3000,2500
Haryana,Kurukshetra,"Ladwa APMC","Bottle gourd","Bottle Gourd",Medium,21/09/2026,800,2000,1500
Haryana,Kurukshetra,"Ladwa APMC",Cauliflower,Cauliflower,Medium,21/09/2026,7000,8000,8000
Haryana,Kurukshetra,"Ladwa APMC",Carrot,Carrot,Medium,21/09/2026,5000,6000,6000
Punjab,Gurdaspur,"Quadian APMC",Banana,Other,"Grade A",21/09/2026,2300,2500,2400
Punjab,Gurdaspur,"Quadian APMC",Papaya,Other,"Grade A",21/09/2026,3500,3700,3600
Punjab,Gurdaspur,"Quadian APMC",Cabbage,Other,"Grade A",21/09/2026,1000,1200,1100
Punjab,Gurdaspur,"Quadian APMC",Brinjal,Other,"Grade A",21/09/2026,900,1100,1000
Punjab,Hoshiarpur,"GarhShankar (Kotfatuhi) APMC",Cucumbar(Kheera),Other,FAQ,21/09/2026,2800,2800,2800
Rajasthan,Hanumangarh,"Rawatsar APMC",Tomato,Deshi,FAQ,21/09/2026,1000,2000,1700
Rajasthan,Hanumangarh,"Rawatsar APMC",Onion,"1st Sort",FAQ,21/09/2026,1500,2200,1800
Rajasthan,Jalore,"Jalore APMC",Capsicum,Other,Local,21/09/2026,3000,3500,3300
Rajasthan,Jalore,"Jalore APMC",Cauliflower,Cauliflower,Local,21/09/2026,2000,2400,2200
Rajasthan,Jalore,"Jalore APMC","Cluster beans",Other,Local,21/09/2026,3500,4000,3800
Rajasthan,Jalore,"Jalore APMC",Beetroot,Other,Local,21/09/2026,1800,2000,1900
Keralam,Kottayam,"Pala Market","Bitter gourd","Bitter Gourd",FAQ,21/09/2026,6200,7000,6600
Keralam,Kottayam,"Pala Market",Potato,Other,FAQ,21/09/2026,3300,3800,3500
Keralam,Kottayam,"Pala Market","Little gourd(Kundru)",Other,FAQ,21/09/2026,4000,5000,4500
Keralam,Kottayam,"Pala Market",Tomato,Other,FAQ,21/09/2026,3300,4000,3600
Odisha,Bolangir,"Kantabaji APMC",Tomato,Other,"Grade B",21/09/2026,2000,2800,2400
Keralam,Alappuzha,"Harippad Market",Beetroot,Beetroot,FAQ,21/09/2026,6000,6500,6000
Keralam,Alappuzha,"Harippad Market",Cabbage,Cabbage,FAQ,21/09/2026,5000,5500,5000
Keralam,Alappuzha,"Harippad Market",Capsicum,Capsicum,FAQ,21/09/2026,9000,9500,9000
Keralam,Thiruvananthapuram,"Neyyatinkara Market","Bhindi(Ladies Finger)",Bhindi,FAQ,21/09/2026,3400,4000,3600
Keralam,Thiruvananthapuram,"Neyyatinkara Market",Beetroot,Beetroot,FAQ,21/09/2026,5400,6000,5600
Punjab,Moga,"Baghapurana APMC",Brinjal,Brinjal,"Grade B",21/09/2026,2000,2500,2200
Punjab,Moga,"Moga APMC",Guava,Guava,Local,21/09/2026,3500,4500,4000
Punjab,Moga,"Moga APMC",Potato,Red,Medium,21/09/2026,600,630,610
Keralam,Ernakulam,"Perumbavoor Market","Bitter gourd","Bitter Gourd",Medium,21/09/2026,4500,5200,4800
Keralam,Ernakulam,"Perumbavoor Market",Carrot,Carrot,Medium,21/09/2026,7000,8000,7500
Keralam,Ernakulam,"Perumbavoor Market",Cabbage,Cabbage,Medium,21/09/2026,3500,4200,3800
Keralam,Ernakulam,"Perumbavoor Market","Green Chilli","Green Chilly",Medium,21/09/2026,4500,5500,5000
Keralam,Ernakulam,"Perumbavoor Market",Lemon,Lemon,Medium,21/09/2026,8000,9000,8500
"Tamil Nadu",Thirupur,"Tiruppur (South) (Uzhavar Sandhai )","Bitter gourd",Other,Local,21/09/2026,4000,6000,5000
"Tamil Nadu",Thirupur,"Tiruppur (South) (Uzhavar Sandhai )",Ashgourd,Gouard,Local,21/09/2026,1200,1500,1350
"Tamil Nadu",Thirupur,"Tiruppur (South) (Uzhavar Sandhai )","Green Chilli","Green Chilly",Local,21/09/2026,3300,4000,3650
"Tamil Nadu",Thirupur,"Tiruppur (South) (Uzhavar Sandhai )",Ginger(Green),"Green Ginger",Local,21/09/2026,12000,15000,13500
"Tamil Nadu",Thirupur,"Tiruppur (South) (Uzhavar Sandhai )",Beetroot,Beetroot,Local,21/09/2026,4000,5000,4500
"Tamil Nadu",Erode,"Perundurai(Uzhavar Sandhai )",Banana,Besrai,Local,21/09/2026,3000,3500,3250
"Tamil Nadu",Erode,"Perundurai(Uzhavar Sandhai )","Cluster beans","Cluster Beans",Local,21/09/2026,3000,3400,3200
"Tamil Nadu",Erode,"Perundurai(Uzhavar Sandhai )","Green Chilli","Green Chilly",Local,21/09/2026,6500,6800,6650
"Tamil Nadu",Erode,"Perundurai(Uzhavar Sandhai )",Tapioca,Tapioca,Local,21/09/2026,2000,2500,2250
"Tamil Nadu",Erode,"Perundurai(Uzhavar Sandhai )",Coconut,Coconut,Local,21/09/2026,5000,5500,5250
"Tamil Nadu",Erode,"Perundurai(Uzhavar Sandhai )",Carrot,Pusakesar,Local,21/09/2026,5500,6000,5750
"Tamil Nadu",Erode,"Perundurai(Uzhavar Sandhai )",Cabbage,Cabbage,Local,21/09/2026,2500,2800,2650
"Tamil Nadu",Erode,"Perundurai(Uzhavar Sandhai )",Beetroot,Beetroot,Local,21/09/2026,5500,6000,5750
"Tamil Nadu",Erode,"Perundurai(Uzhavar Sandhai )","Chow Chow","Chow Chow",Local,21/09/2026,2600,3000,2800
"Tamil Nadu",Dharmapuri,"Dharmapuri(Uzhavar Sandhai )",Potato,"Red Nanital",Local,21/09/2026,2600,2800,2700
"Tamil Nadu",Dharmapuri,"Dharmapuri(Uzhavar Sandhai )",Cauliflower,Ranchi,Local,21/09/2026,3300,3500,3400
"Tamil Nadu",Dharmapuri,"Dharmapuri(Uzhavar Sandhai )",Coriander(Leaves),"I Sort",Local,21/09/2026,4600,5000,4800
"Tamil Nadu",Dharmapuri,"Dharmapuri(Uzhavar Sandhai )","Bottle gourd","Bottle Gourd",Local,21/09/2026,1700,1800,1750
"Tamil Nadu",Dharmapuri,"Dharmapuri(Uzhavar Sandhai )",Pumpkin,Pumpkin,Local,21/09/2026,1400,1500,1450
"Tamil Nadu",Dharmapuri,"Dharmapuri(Uzhavar Sandhai )",Tapioca,Tapioca,Local,21/09/2026,2800,3000,2900
"Tamil Nadu",Dharmapuri,"Dharmapuri(Uzhavar Sandhai )",Ridgeguard(Tori),Ridgeguard(Tori),Local,21/09/2026,2800,3000,2900
"Tamil Nadu",Dharmapuri,"Dharmapuri(Uzhavar Sandhai )",Thondekai,Thondekai,Local,21/09/2026,4200,4500,4350
"Tamil Nadu",Dharmapuri,"Dharmapuri(Uzhavar Sandhai )",Capsicum,Capsicum,Local,21/09/2026,6600,7000,6800
"Tamil Nadu",Dharmapuri,"Dharmapuri(Uzhavar Sandhai )",Lemon,Lemon,Local,21/09/2026,22000,23000,22500
"Tamil Nadu",Dharmapuri,"Dharmapuri(Uzhavar Sandhai )","Sweet Corn ","Sweet Corn ",Local,21/09/2026,2800,3000,2900
"Tamil Nadu",Dharmapuri,"Palacode(Uzhavar Sandhai )",Groundnut,"Big (With Shell)",Local,21/09/2026,6600,7000,6800
"Tamil Nadu",Dharmapuri,"Palacode(Uzhavar Sandhai )",Tomato,Local,Local,21/09/2026,2200,2400,2300
"Tamil Nadu",Dharmapuri,"Palacode(Uzhavar Sandhai )","Cluster beans","Cluster Beans",Local,21/09/2026,3000,3500,3250
"Tamil Nadu",Dharmapuri,"Palacode(Uzhavar Sandhai )","Bitter gourd",Other,Local,21/09/2026,4000,4200,4100
"Tamil Nadu",Dharmapuri,"Palacode(Uzhavar Sandhai )",Ashgourd,Gouard,Local,21/09/2026,1200,1500,1350
"Tamil Nadu",Dharmapuri,"Palacode(Uzhavar Sandhai )",Pumpkin,Pumpkin,Local,21/09/2026,1800,2000,1900
"Tamil Nadu",Dharmapuri,"Palacode(Uzhavar Sandhai )",Beans,"Beans (Whole)",Local,21/09/2026,8000,8500,8250
"Tamil Nadu",Dharmapuri,"Palacode(Uzhavar Sandhai )",Beetroot,Beetroot,Local,21/09/2026,5000,5500,5250
"Tamil Nadu",Dharmapuri,"Palacode(Uzhavar Sandhai )",Raddish,Raddish,Local,21/09/2026,1400,1600,1500
"Tamil Nadu",Dharmapuri,"Palacode(Uzhavar Sandhai )","Knool Khol","Knool Khol",Local,21/09/2026,4200,4500,4350
"Tamil Nadu",Dharmapuri,"Palacode(Uzhavar Sandhai )","Tamarind Fruit","Tamarind Fruit",Local,21/09/2026,10500,11000,10750
"Tamil Nadu",Dharmapuri,"Palacode(Uzhavar Sandhai )",Mint(Pudina),Mint(Pudina),Local,21/09/2026,5000,5500,5250
"Tamil Nadu",Dharmapuri,"Pennagaram(Uzhavar Sandhai )",Amaranthus,Amaranthus,Local,21/09/2026,2200,2500,2350
"Tamil Nadu",Dharmapuri,"Pennagaram(Uzhavar Sandhai )",Carrot,Pusakesar,Local,21/09/2026,7000,7500,7250
"Tamil Nadu",Dindigul,"Chinnalapatti(Uzhavar Sandhai )",Potato,"Red Nanital",Local,21/09/2026,4000,5000,4500
"Tamil Nadu",Dindigul,"Chinnalapatti(Uzhavar Sandhai )","Banana - Green","Banana - Green",Local,21/09/2026,3600,4000,3800
"Tamil Nadu",Dindigul,"Chinnalapatti(Uzhavar Sandhai )",Carrot,Pusakesar,Local,21/09/2026,4800,5000,4900
"Tamil Nadu",Dindigul,"Chinnalapatti(Uzhavar Sandhai )","Indian Beans(Seam)","Indian Beans (Seam)",Local,21/09/2026,7600,8000,7800
"Tamil Nadu",Dindigul,"Chinnalapatti(Uzhavar Sandhai )","Onion Green","Onion Green",Local,21/09/2026,8000,9000,8500
"Tamil Nadu",Dindigul,"Dindigul(Uzhavar Sandhai )",Potato,Other,Local,21/09/2026,4000,5000,4500
"Tamil Nadu",Dindigul,"Dindigul(Uzhavar Sandhai )",Garlic,Garlic,Local,21/09/2026,25000,28000,26500
"Tamil Nadu",Dindigul,"Dindigul(Uzhavar Sandhai )","Green Peas","Green Peas",Local,21/09/2026,12000,14000,13000
"Tamil Nadu",Dindigul,"Dindigul(Uzhavar Sandhai )",Ashgourd,Gouard,Local,21/09/2026,2000,3000,2500
"Tamil Nadu",Dindigul,"Dindigul(Uzhavar Sandhai )",Pumpkin,Pumpkin,Local,21/09/2026,1500,2000,1750
"Tamil Nadu",Dindigul,"Dindigul(Uzhavar Sandhai )","Bhindi(Ladies Finger)",Bhindi,Local,21/09/2026,3000,4000,3500
"Tamil Nadu",Dindigul,"Dindigul(Uzhavar Sandhai )","Green Chilli","Green Chilly",Local,21/09/2026,7000,8000,7500
"Tamil Nadu",Dindigul,"Dindigul(Uzhavar Sandhai )",Beans,"Beans (Whole)",Local,21/09/2026,8000,10000,9000
"Tamil Nadu",Dindigul,"Dindigul(Uzhavar Sandhai )",Ginger(Green),"Green Ginger",Local,21/09/2026,18000,20000,19000
"Tamil Nadu",Dindigul,"Dindigul(Uzhavar Sandhai )",Coconut,Coconut,Local,21/09/2026,6000,7000,6500
"Tamil Nadu",Dindigul,"Dindigul(Uzhavar Sandhai )",Cabbage,Cabbage,Local,21/09/2026,3000,4000,3500
"Tamil Nadu",Dindigul,"Dindigul(Uzhavar Sandhai )",Beetroot,Beetroot,Local,21/09/2026,7000,8000,7500
"Tamil Nadu",Dindigul,"Dindigul(Uzhavar Sandhai )","Chow Chow","Chow Chow",Local,21/09/2026,3000,4000,3500
"Tamil Nadu",Dindigul,"Dindigul(Uzhavar Sandhai )","Indian Beans(Seam)","Indian Beans (Seam)",Local,21/09/2026,7000,8000,7500
"Tamil Nadu",Dindigul,"Dindigul(Uzhavar Sandhai )",Mashrooms,Mashrooms,Local,21/09/2026,20000,22500,21250
"Tamil Nadu",Dindigul,"Palani(Uzhavar Sandhai )",Banana,"Red Banana",Local,21/09/2026,9000,10000,9500
"Tamil Nadu",Dindigul,"Palani(Uzhavar Sandhai )",Brinjal,Other,Local,21/09/2026,4000,5000,4500
"Tamil Nadu",Dindigul,"Palani(Uzhavar Sandhai )",Coriander(Leaves),"I Sort",Local,21/09/2026,5000,5500,5250
"Tamil Nadu",Dindigul,"Palani(Uzhavar Sandhai )",Pumpkin,Pumpkin,Local,21/09/2026,1200,1400,1300
"Tamil Nadu",Dindigul,"Palani(Uzhavar Sandhai )","Bhindi(Ladies Finger)",Bhindi,Local,21/09/2026,2400,2800,2600
"Tamil Nadu",Dindigul,"Palani(Uzhavar Sandhai )","Green Chilli","Green Chilly",Local,21/09/2026,4000,5000,4500
"Tamil Nadu",Dindigul,"Palani(Uzhavar Sandhai )",Cabbage,Cabbage,Local,21/09/2026,2500,3000,2750
"Tamil Nadu",Dindigul,"Palani(Uzhavar Sandhai )",Drumstick,Drumstick,Local,21/09/2026,3000,3400,3200
"Tamil Nadu",Dindigul,"Palani(Uzhavar Sandhai )","Elephant Yam(Suran)/Amorphophallus","Elephant Yam (Suran)",Local,21/09/2026,4000,5000,4500
"Tamil Nadu",Dindigul,"Palani(Uzhavar Sandhai )","Sweet Corn ","Sweet Corn ",Local,21/09/2026,4000,5000,4500
"Tamil Nadu",Erode,"Periyar Nagar(Uzhavar Sandhai )",Brinjal,Round,Local,21/09/2026,2400,2800,2600
"Tamil Nadu",Erode,"Periyar Nagar(Uzhavar Sandhai )","Bitter gourd","Bitter Gourd",Local,21/09/2026,3500,4000,3750
"Tamil Nadu",Erode,"Periyar Nagar(Uzhavar Sandhai )",Ashgourd,Gouard,Local,21/09/2026,1500,2000,1750
"Tamil Nadu",Erode,"Periyar Nagar(Uzhavar Sandhai )",Pumpkin,Pumpkin,Local,21/09/2026,1800,2000,1900
"Tamil Nadu",Erode,"Periyar Nagar(Uzhavar Sandhai )",Amaranthus,Amaranthus,Local,21/09/2026,4000,4500,4250
"Tamil Nadu",Erode,"Periyar Nagar(Uzhavar Sandhai )",Snakeguard,Snakeguard,Local,21/09/2026,3300,3600,3450
"Tamil Nadu",Erode,"Periyar Nagar(Uzhavar Sandhai )","Tender Coconut","Tender Coconut",Local,21/09/2026,3500,4000,3750
"Tamil Nadu",Erode,"Periyar Nagar(Uzhavar Sandhai )","Onion Green","Onion Green",Local,21/09/2026,7000,7500,7250
"Tamil Nadu",Erode,"Periyar Nagar(Uzhavar Sandhai )",Mint(Pudina),Mint(Pudina),Local,21/09/2026,4400,4600,4500
"Tamil Nadu",Kallakuruchi,"Sankarapuram(Uzhavar Sandhai )",Potato,"Red Nanital",Local,21/09/2026,3500,3500,3500
"Tamil Nadu",Kallakuruchi,"Sankarapuram(Uzhavar Sandhai )",Papaya,Papaya,Local,21/09/2026,3500,3500,3500
"Tamil Nadu",Kallakuruchi,"Sankarapuram(Uzhavar Sandhai )",Tomato,Deshi,Local,21/09/2026,2500,2500,2500
"Tamil Nadu",Kallakuruchi,"Sankarapuram(Uzhavar Sandhai )","Cluster beans","Cluster Beans",Local,21/09/2026,5000,5000,5000
"Tamil Nadu",Kallakuruchi,"Sankarapuram(Uzhavar Sandhai )",Ginger(Green),"Green Ginger",Local,21/09/2026,18000,18000,18000
"Tamil Nadu",Kallakuruchi,"Sankarapuram(Uzhavar Sandhai )",Snakeguard,Snakeguard,Local,21/09/2026,4000,4000,4000
"Tamil Nadu",Kallakuruchi,"Sankarapuram(Uzhavar Sandhai )",Drumstick,Drumstick,Local,21/09/2026,5000,5000,5000
"Tamil Nadu",Kallakuruchi,"Sankarapuram(Uzhavar Sandhai )",Guava,"Guava Allahabad",Local,21/09/2026,7000,7000,7000
"Tamil Nadu",Kallakuruchi,"Sankarapuram(Uzhavar Sandhai )","Custard Apple(Sharifa)","Custard Apple(Sharifa)",Local,21/09/2026,5000,5000,5000
"Tamil Nadu",Kancheepuram,"Kundrathur(Uzhavar Sandhai )",Banana,Karpura,Local,21/09/2026,5000,5000,5000
"Tamil Nadu",Kancheepuram,"Kundrathur(Uzhavar Sandhai )",Brinjal,Other,Local,21/09/2026,3500,4000,3750
"Tamil Nadu",Kancheepuram,"Kundrathur(Uzhavar Sandhai )",Tomato,Other,Local,21/09/2026,2800,3000,2900
"Tamil Nadu",Kancheepuram,"Kundrathur(Uzhavar Sandhai )",Amaranthus,Amaranthus,Local,21/09/2026,3000,3000,3000
"Tamil Nadu",Kancheepuram,"Kundrathur(Uzhavar Sandhai )","Green Chilli","Green Chilly",Local,21/09/2026,5000,6000,5500
"Tamil Nadu",Kancheepuram,"Kundrathur(Uzhavar Sandhai )","Banana - Green","Banana - Green",Local,21/09/2026,3000,3000,3000
"Tamil Nadu",Kancheepuram,"Sunguvarchatram(Uzhavar Sandhai )",Onion,Bellary,Local,21/09/2026,5000,6000,5500
"Tamil Nadu",Kancheepuram,"Sunguvarchatram(Uzhavar Sandhai )","Bottle gourd","Bottle Gourd",Local,21/09/2026,3000,3000,3000
"Tamil Nadu",Kancheepuram,"Sunguvarchatram(Uzhavar Sandhai )",Ashgourd,Gouard,Local,21/09/2026,2000,2000,2000
"Tamil Nadu",Kancheepuram,"Sunguvarchatram(Uzhavar Sandhai )","Banana - Green","Banana - Green",Local,21/09/2026,3000,3000,3000
"Tamil Nadu",Kancheepuram,"Sunguvarchatram(Uzhavar Sandhai )",Cabbage,Cabbage,Local,21/09/2026,3000,3000,3000
"Tamil Nadu",Kancheepuram,"Sunguvarchatram(Uzhavar Sandhai )",Snakeguard,Snakeguard,Local,21/09/2026,4000,4000,4000
"Tamil Nadu",Kancheepuram,"Sunguvarchatram(Uzhavar Sandhai )","Onion Green","Onion Green",Local,21/09/2026,7000,8000,7500
"Tamil Nadu",Krishnagiri,"Avallapalli(Uzhavar Sandhai )",Tomato,Deshi,Local,21/09/2026,2000,2500,2250
"Tamil Nadu",Krishnagiri,"Avallapalli(Uzhavar Sandhai )","Banana - Green","Banana - Green",Local,21/09/2026,3500,4000,3750
"Tamil Nadu",Krishnagiri,"Avallapalli(Uzhavar Sandhai )","Sweet Potato","Hosur Red",Local,21/09/2026,6000,7000,6500
"Tamil Nadu",Krishnagiri,"Avallapalli(Uzhavar Sandhai )",Lemon,Lemon,Local,21/09/2026,23000,25000,24000
"Tamil Nadu",Krishnagiri,"Avallapalli(Uzhavar Sandhai )",Mint(Pudina),Mint(Pudina),Local,21/09/2026,3500,4000,3750
"Tamil Nadu",Dharmapuri,"Karimangalam(Uzhavar Sandhai)",Papaya,Papaya,Local,21/09/2026,3300,3500,3400
"Tamil Nadu",Dharmapuri,"Karimangalam(Uzhavar Sandhai)",Coconut,Coconut,Local,21/09/2026,7000,7500,7250
"Tamil Nadu",Dharmapuri,"Karimangalam(Uzhavar Sandhai)",Raddish,Raddish,Local,21/09/2026,1800,2000,1900
"Tamil Nadu",Dharmapuri,"Karimangalam(Uzhavar Sandhai)",Thondekai,Thondekai,Local,21/09/2026,4500,5000,4750
"Tamil Nadu",Dharmapuri,"Karimangalam(Uzhavar Sandhai)","Green Avare(W)",Other,Local,21/09/2026,4500,5000,4750
"Tamil Nadu",Dharmapuri,"Karimangalam(Uzhavar Sandhai)",Mint(Pudina),Mint(Pudina),Local,21/09/2026,7500,8000,7750
"Tamil Nadu",Krishnagiri,"Denkanikottai(Uzhavar Sandhai )",Banana,"Elakki Bale",Local,21/09/2026,6500,7000,6750
"Tamil Nadu",Krishnagiri,"Denkanikottai(Uzhavar Sandhai )",Potato,"Red Nanital",Local,21/09/2026,2000,2500,2250
"Tamil Nadu",Krishnagiri,"Denkanikottai(Uzhavar Sandhai )",Garlic,Garlic,Local,21/09/2026,20000,24000,22000
"Tamil Nadu",Krishnagiri,"Denkanikottai(Uzhavar Sandhai )",Amaranthus,Amaranthus,Local,21/09/2026,3500,4000,3750
"Tamil Nadu",Krishnagiri,"Denkanikottai(Uzhavar Sandhai )",Beans,"Beans (Whole)",Local,21/09/2026,6500,7000,6750
"Tamil Nadu",Krishnagiri,"Denkanikottai(Uzhavar Sandhai )",Cucumbar(Kheera),Cucumbar,Local,21/09/2026,2000,2500,2250
"Tamil Nadu",Krishnagiri,"Denkanikottai(Uzhavar Sandhai )",Raddish,Raddish,Local,21/09/2026,1000,1500,1250
"Tamil Nadu",Krishnagiri,"Denkanikottai(Uzhavar Sandhai )","Chow Chow","Chow Chow",Local,21/09/2026,2000,2500,2250
"Tamil Nadu",Krishnagiri,"Hosur(Uzhavar Sandhai )",Groundnut,"Big (With Shell)",Local,21/09/2026,9000,10000,9500
"Tamil Nadu",Krishnagiri,"Hosur(Uzhavar Sandhai )",Apple,American,Local,21/09/2026,24000,26000,25000
"Tamil Nadu",Krishnagiri,"Hosur(Uzhavar Sandhai )",Potato,"Red Nanital",Local,21/09/2026,2000,2500,2250
"Tamil Nadu",Krishnagiri,"Hosur(Uzhavar Sandhai )","Bitter gourd","Bitter Gourd",Local,21/09/2026,4500,5000,4750
"Tamil Nadu",Krishnagiri,"Hosur(Uzhavar Sandhai )",Ashgourd,Gouard,Local,21/09/2026,2500,3000,2750
"Tamil Nadu",Krishnagiri,"Hosur(Uzhavar Sandhai )",Tapioca,Tapioca,Local,21/09/2026,4500,5000,4750
"Tamil Nadu",Krishnagiri,"Hosur(Uzhavar Sandhai )",Cucumbar(Kheera),Cucumbar,Local,21/09/2026,2000,2500,2250
"Tamil Nadu",Krishnagiri,"Hosur(Uzhavar Sandhai )",Ridgeguard(Tori),Ridgeguard(Tori),Local,21/09/2026,3000,3500,3250
"Tamil Nadu",Krishnagiri,"Hosur(Uzhavar Sandhai )",Capsicum,Capsicum,Local,21/09/2026,3500,4000,3750
"Tamil Nadu",Krishnagiri,"Hosur(Uzhavar Sandhai )","Tender Coconut","Tender Coconut",Local,21/09/2026,4500,5000,4750
"Tamil Nadu",Krishnagiri,"Hosur(Uzhavar Sandhai )","Elephant Yam(Suran)/Amorphophallus","Elephant Yam (Suran)",Local,21/09/2026,4500,5000,4750
"Tamil Nadu",Krishnagiri,"Hosur(Uzhavar Sandhai )",Mashrooms,Mashrooms,Local,21/09/2026,18000,20000,19000
"Tamil Nadu",Krishnagiri,"Hosur(Uzhavar Sandhai )",Rose(Local),"Rose (Local)",Local,21/09/2026,8000,10000,9000
"Tamil Nadu",Madurai,"Anaiyur(Uzhavar Sandhai )",Groundnut,"Big (With Shell)",Local,21/09/2026,7000,8000,7500
"Tamil Nadu",Madurai,"Anaiyur(Uzhavar Sandhai )",Grapes,Annabesahai,Local,21/09/2026,11000,12000,11500
"Tamil Nadu",Madurai,"Anaiyur(Uzhavar Sandhai )",Cauliflower,Ranchi,Local,21/09/2026,2500,3000,2750
"Tamil Nadu",Madurai,"Anaiyur(Uzhavar Sandhai )",Coriander(Leaves),"I Sort",Local,21/09/2026,5000,5500,5250
"Tamil Nadu",Madurai,"Anaiyur(Uzhavar Sandhai )",Ashgourd,Gouard,Local,21/09/2026,1600,1800,1700
"Tamil Nadu",Madurai,"Anaiyur(Uzhavar Sandhai )","Betal Leaves",Mysore,Local,21/09/2026,24000,28000,26000
"Tamil Nadu",Madurai,"Anaiyur(Uzhavar Sandhai )",Snakeguard,Snakeguard,Local,21/09/2026,3000,3600,3300
"Tamil Nadu",Madurai,"Anaiyur(Uzhavar Sandhai )",Beetroot,Beetroot,Local,21/09/2026,8000,9000,8500
"Tamil Nadu",Madurai,"Anaiyur(Uzhavar Sandhai )",Drumstick,Drumstick,Local,21/09/2026,6800,7000,6900
"Tamil Nadu",Madurai,"Usilampatti(Uzhavar Sandhai )",Coriander(Leaves),"I Sort",Local,21/09/2026,5000,5500,5250
"Tamil Nadu",Madurai,"Usilampatti(Uzhavar Sandhai )",Snakeguard,Snakeguard,Local,21/09/2026,3600,4000,3800
"Tamil Nadu",Madurai,"Usilampatti(Uzhavar Sandhai )",Drumstick,Drumstick,Local,21/09/2026,5000,6000,5500
"Tamil Nadu",Nagapattinam,"Sirkali(Uzhavar Sandhai )",Groundnut,"Big (With Shell)",Local,21/09/2026,5500,6000,5750
"Tamil Nadu",Nagapattinam,"Sirkali(Uzhavar Sandhai )",Onion,Bellary,Local,21/09/2026,5500,6000,5750
"Tamil Nadu",Nagapattinam,"Sirkali(Uzhavar Sandhai )",Cauliflower,Ranchi,Local,21/09/2026,5000,5000,5000
"Tamil Nadu",Nagapattinam,"Sirkali(Uzhavar Sandhai )",Brinjal,Round,Local,21/09/2026,5000,5500,5250
"Tamil Nadu",Nagapattinam,"Sirkali(Uzhavar Sandhai )",Tomato,Deshi,Local,21/09/2026,2500,3000,2750
"Tamil Nadu",Nagapattinam,"Sirkali(Uzhavar Sandhai )","Cluster beans","Cluster Beans",Local,21/09/2026,4500,5000,4750
"Tamil Nadu",Nagapattinam,"Sirkali(Uzhavar Sandhai )","Bitter gourd","Bitter Gourd",Local,21/09/2026,5500,6000,5750
"Tamil Nadu",Nagapattinam,"Sirkali(Uzhavar Sandhai )",Ashgourd,Gouard,Local,21/09/2026,2500,3000,2750
"Tamil Nadu",Nagapattinam,"Sirkali(Uzhavar Sandhai )",Amaranthus,Amaranthus,Local,21/09/2026,1500,2000,1750
"Tamil Nadu",Nagapattinam,"Sirkali(Uzhavar Sandhai )","Sweet Potato","Hosur Red",Local,21/09/2026,5500,6000,5750
"Tamil Nadu",Nagapattinam,"Sirkali(Uzhavar Sandhai )",Beetroot,Beetroot,Local,21/09/2026,4500,5000,4750
"Tamil Nadu",Nagapattinam,"Sirkali(Uzhavar Sandhai )","Tamarind Fruit","Tamarind Fruit",Local,21/09/2026,15000,15000,15000
"Tamil Nadu",Namakkal,"Kumarapalayam(Uzhavar Sandhai )","Water Melon","Water Melon",Local,21/09/2026,1000,1500,1250
"Tamil Nadu",Namakkal,"Kumarapalayam(Uzhavar Sandhai )","Bhindi(Ladies Finger)",Bhindi,Local,21/09/2026,2200,3000,2600
"Tamil Nadu",Namakkal,"Kumarapalayam(Uzhavar Sandhai )","Green Chilli","Green Chilly",Local,21/09/2026,5400,6000,5700
"Tamil Nadu",Namakkal,"Kumarapalayam(Uzhavar Sandhai )",Cabbage,Cabbage,Local,21/09/2026,2600,3000,2800
"Tamil Nadu",Namakkal,"Kumarapalayam(Uzhavar Sandhai )",Raddish,Raddish,Local,21/09/2026,2700,3500,3100
"Tamil Nadu",Namakkal,"Kumarapalayam(Uzhavar Sandhai )","Tender Coconut","Tender Coconut",Local,21/09/2026,3000,3500,3250
"Tamil Nadu",Namakkal,"Kumarapalayam(Uzhavar Sandhai )",Lemon,Lemon,Local,21/09/2026,14000,16000,15000
"Tamil Nadu",Namakkal,"Mohanur(Uzhavar Sandhai )","Bottle gourd","Bottle Gourd",Local,21/09/2026,1400,2000,1700
"Tamil Nadu",Namakkal,"Mohanur(Uzhavar Sandhai )",Amaranthus,Amaranthus,Local,21/09/2026,5400,6000,5700
"Tamil Nadu",Namakkal,"Mohanur(Uzhavar Sandhai )",Guava,"Guava Allahabad",Local,21/09/2026,5400,6000,5700
"Tamil Nadu",Namakkal,"Mohanur(Uzhavar Sandhai )","Tender Coconut","Tender Coconut",Local,21/09/2026,3200,3600,3400
"Tamil Nadu",Namakkal,"Namakkal(Uzhavar Sandhai )",Garlic,Garlic,Local,21/09/2026,20000,28000,24000
"Tamil Nadu",Namakkal,"Namakkal(Uzhavar Sandhai )","Bhindi(Ladies Finger)",Bhindi,Local,21/09/2026,3200,3600,3400
"Tamil Nadu",Namakkal,"Namakkal(Uzhavar Sandhai )",Cowpea(Veg),"Cowpea (Veg)",Local,21/09/2026,4500,5000,4750
"Tamil Nadu",Namakkal,"Namakkal(Uzhavar Sandhai )",Tapioca,Tapioca,Local,21/09/2026,3000,3500,3250
"Tamil Nadu",Namakkal,"Namakkal(Uzhavar Sandhai )",Coconut,Coconut,Local,21/09/2026,5800,6400,6100
"Tamil Nadu",Namakkal,"Namakkal(Uzhavar Sandhai )",Beetroot,Beetroot,Local,21/09/2026,5500,6000,5750
"Tamil Nadu",Namakkal,"Namakkal(Uzhavar Sandhai )","Green Avare(W)",Other,Local,21/09/2026,9000,10000,9500
"Tamil Nadu",Namakkal,"Namakkal(Uzhavar Sandhai )","Chow Chow","Chow Chow",Local,21/09/2026,3000,3400,3200
"Tamil Nadu",Namakkal,"Namakkal(Uzhavar Sandhai )",Mint(Pudina),Mint(Pudina),Local,21/09/2026,4500,5000,4750
"Tamil Nadu",Namakkal,"Paramathivelur(Uzhavar Sandhai )",Cauliflower,Ranchi,Local,21/09/2026,3600,4000,3800
"Tamil Nadu",Namakkal,"Paramathivelur(Uzhavar Sandhai )",Papaya,Papaya,Local,21/09/2026,3500,4000,3750
"Tamil Nadu",Namakkal,"Paramathivelur(Uzhavar Sandhai )",Tomato,Deshi,Local,21/09/2026,3000,3400,3200
"Tamil Nadu",Namakkal,"Paramathivelur(Uzhavar Sandhai )","Bottle gourd","Bottle Gourd",Local,21/09/2026,1500,2000,1750
"Tamil Nadu",Namakkal,"Paramathivelur(Uzhavar Sandhai )","Bhindi(Ladies Finger)",Bhindi,Local,21/09/2026,4000,4500,4250
"Tamil Nadu",Namakkal,"Paramathivelur(Uzhavar Sandhai )",Carrot,Pusakesar,Local,21/09/2026,6000,6500,6250
"Tamil Nadu",Namakkal,"Paramathivelur(Uzhavar Sandhai )",Raddish,Raddish,Local,21/09/2026,4000,4500,4250
"Tamil Nadu",Namakkal,"Paramathivelur(Uzhavar Sandhai )","Green Avare(W)","Green Avare (W)",Local,21/09/2026,8500,9000,8750
"Tamil Nadu",Namakkal,"Rasipuram(Uzhavar Sandhai )",Tomato,Other,Local,21/09/2026,2800,3200,3000
"Tamil Nadu",Namakkal,"Rasipuram(Uzhavar Sandhai )","Bhindi(Ladies Finger)",Bhindi,Local,21/09/2026,3600,4200,3900
"Tamil Nadu",Namakkal,"Rasipuram(Uzhavar Sandhai )",Amaranthus,Amaranthus,Local,21/09/2026,4500,5000,4750
"Tamil Nadu",Namakkal,"Rasipuram(Uzhavar Sandhai )","Tender Coconut","Tender Coconut",Local,21/09/2026,3500,4000,3750
"Tamil Nadu",Thanjavur,"Tirukattupalli(Uzhavar Sandhai )",Potato,"Red Nanital",Local,21/09/2026,3000,4000,3500
"Tamil Nadu",Thanjavur,"Tirukattupalli(Uzhavar Sandhai )","Bhindi(Ladies Finger)",Bhindi,Local,21/09/2026,4000,4000,4000
"Tamil Nadu",Thanjavur,"Tirukattupalli(Uzhavar Sandhai )","Green Chilli","Green Chilly",Local,21/09/2026,5000,5000,5000
"Tamil Nadu",Thanjavur,"Tirukattupalli(Uzhavar Sandhai )",Beans,"Beans (Whole)",Local,21/09/2026,7600,7600,7600
"Tamil Nadu",Thanjavur,"Tirukattupalli(Uzhavar Sandhai )",Coconut,Coconut,Local,21/09/2026,6000,6000,6000
"Tamil Nadu",Thanjavur,"Tirukattupalli(Uzhavar Sandhai )",Snakeguard,Snakeguard,Local,21/09/2026,4000,5000,4500
"Tamil Nadu",Madurai,"Palanganatham(Uzhavar Sandhai )",Apple,American,Local,21/09/2026,20000,27000,23500
"Tamil Nadu",Madurai,"Palanganatham(Uzhavar Sandhai )",Onion,Bellary,Local,21/09/2026,6000,6500,6250
"Tamil Nadu",Madurai,"Palanganatham(Uzhavar Sandhai )",Papaya,Papaya,Local,21/09/2026,4500,5000,4750
"Tamil Nadu",Madurai,"Palanganatham(Uzhavar Sandhai )","Bhindi(Ladies Finger)",Bhindi,Local,21/09/2026,2500,3000,2750
"Tamil Nadu",Madurai,"Palanganatham(Uzhavar Sandhai )","Green Chilli","Green Chilly",Local,21/09/2026,4000,4800,4400
"Tamil Nadu",Madurai,"Palanganatham(Uzhavar Sandhai )","Banana - Green","Banana - Green",Local,21/09/2026,1500,2000,1750
"Tamil Nadu",Madurai,"Palanganatham(Uzhavar Sandhai )",Coconut,Coconut,Local,21/09/2026,6800,7000,6900
"Tamil Nadu",Madurai,"Palanganatham(Uzhavar Sandhai )",Ridgeguard(Tori),Ridgeguard(Tori),Local,21/09/2026,4000,4500,4250
"Tamil Nadu",Madurai,"Palanganatham(Uzhavar Sandhai )",Pomegranate,Pomogranate,Local,21/09/2026,20000,23000,21500
"Tamil Nadu",Madurai,"Palanganatham(Uzhavar Sandhai )",Yam(Ratalu),"Yam (Ratalu)",Local,21/09/2026,6000,7000,6500
"Tamil Nadu",Madurai,"Palanganatham(Uzhavar Sandhai )",Lemon,Lemon,Local,21/09/2026,30000,32000,31000
"Tamil Nadu",Madurai,"Anna nagar(Uzhavar Sandhai )",Grapes,Annabesahai,Local,21/09/2026,10500,10500,10500
"Tamil Nadu",Madurai,"Anna nagar(Uzhavar Sandhai )","Bhindi(Ladies Finger)",Bhindi,Local,21/09/2026,3600,4000,3800
"Tamil Nadu",Madurai,"Anna nagar(Uzhavar Sandhai )","Green Chilli","Green Chilly",Local,21/09/2026,4400,4400,4400
"Tamil Nadu",Madurai,"Anna nagar(Uzhavar Sandhai )",Beans,"Beans (Whole)",Local,21/09/2026,8400,8400,8400
"Tamil Nadu",Madurai,"Anna nagar(Uzhavar Sandhai )",Ginger(Green),"Green Ginger",Local,21/09/2026,18000,18000,18000
"Tamil Nadu",Madurai,"Anna nagar(Uzhavar Sandhai )","Sweet Potato","Hosur Red",Local,21/09/2026,4600,5000,4800
"Tamil Nadu",Madurai,"Anna nagar(Uzhavar Sandhai )",Cucumbar(Kheera),Cucumbar,Local,21/09/2026,5000,5000,5000
"Tamil Nadu",Madurai,"Anna nagar(Uzhavar Sandhai )",Raddish,Raddish,Local,21/09/2026,3000,3400,3200
"Tamil Nadu",Madurai,"Anna nagar(Uzhavar Sandhai )",Drumstick,Drumstick,Local,21/09/2026,4600,5000,4800
"Tamil Nadu",Madurai,"Anna nagar(Uzhavar Sandhai )","Tender Coconut","Tender Coconut",Local,21/09/2026,4000,4500,4250
"Tamil Nadu",Madurai,"Anna nagar(Uzhavar Sandhai )",Colacasia,Colacasia,Local,21/09/2026,5400,5400,5400
"Tamil Nadu",Madurai,"Anna nagar(Uzhavar Sandhai )","Onion Green","Onion Green",Local,21/09/2026,8000,9000,8500
"Tamil Nadu",Perambalur,"Perambalur(Uzhavar Sandhai )",Groundnut,"Big (With Shell)",Local,21/09/2026,8000,9000,8500
"Tamil Nadu",Perambalur,"Perambalur(Uzhavar Sandhai )",Grapes,Annabesahai,Local,21/09/2026,10000,12000,11000
"Tamil Nadu",Perambalur,"Perambalur(Uzhavar Sandhai )",Potato,Other,Local,21/09/2026,3000,3200,3100
"Tamil Nadu",Perambalur,"Perambalur(Uzhavar Sandhai )","Bitter gourd","Bitter Gourd",Local,21/09/2026,6000,6400,6200
"Tamil Nadu",Perambalur,"Perambalur(Uzhavar Sandhai )",Pumpkin,Pumpkin,Local,21/09/2026,1600,2000,1800
"Tamil Nadu",Perambalur,"Perambalur(Uzhavar Sandhai )","Banana - Green","Banana - Green",Local,21/09/2026,3000,4000,3500
"Tamil Nadu",Perambalur,"Perambalur(Uzhavar Sandhai )",Cucumbar(Kheera),Cucumbar,Local,21/09/2026,5200,6000,5600
"Tamil Nadu",Perambalur,"Perambalur(Uzhavar Sandhai )","Green Avare(W)","Green Avare (W)",Local,21/09/2026,9600,10000,9800
"Tamil Nadu",Perambalur,"Perambalur(Uzhavar Sandhai )",Pomegranate,Pomogranate,Local,21/09/2026,16000,18000,17000
"Tamil Nadu",Perambalur,"Perambalur(Uzhavar Sandhai )","Tender Coconut","Tender Coconut",Local,21/09/2026,3000,4000,3500
"Tamil Nadu",Perambalur,"Perambalur(Uzhavar Sandhai )",Yam(Ratalu),"Yam (Ratalu)",Local,21/09/2026,6000,6400,6200
"Tamil Nadu",Salem,"Mecheri(Uzhavar Sandhai)","Bitter gourd","Bitter Gourd",Local,21/09/2026,3500,4000,3750
"Tamil Nadu",Ranipet,"Arcot(Uzhavar Sandhai )",Onion,Bellary,Local,21/09/2026,5500,6000,5750
"Tamil Nadu",Ranipet,"Arcot(Uzhavar Sandhai )",Potato,"Red Nanital",Local,21/09/2026,3000,3000,3000
"Tamil Nadu",Ranipet,"Arcot(Uzhavar Sandhai )",Cauliflower,Ranchi,Local,21/09/2026,3000,4000,3500
"Tamil Nadu",Ranipet,"Arcot(Uzhavar Sandhai )",Brinjal,Other,Local,21/09/2026,5600,5600,5600
"Tamil Nadu",Ranipet,"Arcot(Uzhavar Sandhai )","Bottle gourd","Bottle Gourd",Local,21/09/2026,2000,2000,2000
"Tamil Nadu",Ranipet,"Arcot(Uzhavar Sandhai )","Bhindi(Ladies Finger)",Bhindi,Local,21/09/2026,3000,3000,3000
"Tamil Nadu",Ranipet,"Arcot(Uzhavar Sandhai )",Coconut,Coconut,Local,21/09/2026,4000,5000,4500
"Tamil Nadu",Ranipet,"Arcot(Uzhavar Sandhai )",Thondekai,Thondekai,Local,21/09/2026,3000,3000,3000
"Tamil Nadu",Ranipet,"Arcot(Uzhavar Sandhai )","Chow Chow","Chow Chow",Local,21/09/2026,4000,4000,4000
"Tamil Nadu",Ranipet,"Ranipettai(Uzhavar Sandhai )",Potato,Other,Local,21/09/2026,3300,3300,3300
"Tamil Nadu",Ranipet,"Ranipettai(Uzhavar Sandhai )",Cauliflower,Ranchi,Local,21/09/2026,3000,4000,3500
"Tamil Nadu",Ranipet,"Ranipettai(Uzhavar Sandhai )",Tomato,Other,Local,21/09/2026,2300,2500,2400
"Tamil Nadu",Ranipet,"Ranipettai(Uzhavar Sandhai )","Bitter gourd",Other,Local,21/09/2026,3600,3600,3600
"Tamil Nadu",Ranipet,"Ranipettai(Uzhavar Sandhai )",Ashgourd,Gouard,Local,21/09/2026,2000,2000,2000
"Tamil Nadu",Ranipet,"Ranipettai(Uzhavar Sandhai )","Bhindi(Ladies Finger)",Bhindi,Local,21/09/2026,2000,2500,2250
"Tamil Nadu",Ranipet,"Ranipettai(Uzhavar Sandhai )",Beans,"Beans (Whole)",Local,21/09/2026,7000,8000,7500
"Tamil Nadu",Ranipet,"Ranipettai(Uzhavar Sandhai )",Tapioca,Tapioca,Local,21/09/2026,4000,4000,4000
"Tamil Nadu",Ranipet,"Ranipettai(Uzhavar Sandhai )",Beetroot,Beetroot,Local,21/09/2026,5500,5500,5500
"Tamil Nadu",Ranipet,"Ranipettai(Uzhavar Sandhai )",Ridgeguard(Tori),Ridgeguard(Tori),Local,21/09/2026,3600,4000,3800
"Tamil Nadu",Ranipet,"Ranipettai(Uzhavar Sandhai )",Guava,"Guava Allahabad",Local,21/09/2026,8000,10000,9000
"Tamil Nadu",Ranipet,"Ranipettai(Uzhavar Sandhai )",Marigold(Calcutta),Marigold(Calcutta),Local,21/09/2026,36000,42000,39000
"Tamil Nadu",Ranipet,"Ranipettai(Uzhavar Sandhai )",Lemon,Lemon,Local,21/09/2026,16000,30000,23000
"Tamil Nadu",Ranipet,"Ranipettai(Uzhavar Sandhai )","Sweet Corn ","Sweet Corn ",Local,21/09/2026,3000,3600,3300
"Tamil Nadu",Salem,"Ammapet(Uzhavar Sandhai )",Banana,"Red Banana",Local,21/09/2026,7500,8000,7750
"Tamil Nadu",Salem,"Ammapet(Uzhavar Sandhai )",Potato,Other,Local,21/09/2026,4500,5000,4750
"Tamil Nadu",Salem,"Ammapet(Uzhavar Sandhai )",Cauliflower,Ranchi,Local,21/09/2026,2500,3000,2750
"Tamil Nadu",Salem,"Ammapet(Uzhavar Sandhai )","Bottle gourd","Bottle Gourd",Local,21/09/2026,2500,3000,2750
"Tamil Nadu",Salem,"Ammapet(Uzhavar Sandhai )","Bhindi(Ladies Finger)",Bhindi,Local,21/09/2026,3200,3500,3350
"Tamil Nadu",Salem,"Ammapet(Uzhavar Sandhai )","Sweet Potato","Hosur Red",Local,21/09/2026,4500,5000,4750
"Tamil Nadu",Salem,"Ammapet(Uzhavar Sandhai )",Thondekai,Thondekai,Local,21/09/2026,3600,4000,3800
"Tamil Nadu",Salem,"Ammapet(Uzhavar Sandhai )","Green Avare(W)",Other,Local,21/09/2026,6000,6600,6300
"Tamil Nadu",Salem,"Ammapet(Uzhavar Sandhai )","Chow Chow","Chow Chow",Local,21/09/2026,4000,4500,4250
"Tamil Nadu",Salem,"Ammapet(Uzhavar Sandhai )","Knool Khol","Knool Khol",Local,21/09/2026,3600,4000,3800
"Tamil Nadu",Salem,"Ammapet(Uzhavar Sandhai )",Mashrooms,Mashrooms,Local,21/09/2026,19000,20000,19500
"Tamil Nadu",Salem,"Ammapet(Uzhavar Sandhai )","Onion Green","Onion Green",Local,21/09/2026,8000,8500,8250
"Tamil Nadu",Salem,"Mettur(Uzhavar Sandhai )",Onion,Bellary,Local,21/09/2026,6000,7000,6500
"Tamil Nadu",Salem,"Mettur(Uzhavar Sandhai )",Brinjal,Other,Local,21/09/2026,2500,3000,2750
"Tamil Nadu",Salem,"Mettur(Uzhavar Sandhai )",Papaya,Papaya,Local,21/09/2026,2500,3000,2750
"Tamil Nadu",Salem,"Mettur(Uzhavar Sandhai )","Bottle gourd","Bottle Gourd",Local,21/09/2026,1500,2000,1750
"Tamil Nadu",Salem,"Mettur(Uzhavar Sandhai )",Tapioca,Tapioca,Local,21/09/2026,3000,3500,3250
"Tamil Nadu",Salem,"Mettur(Uzhavar Sandhai )",Ridgeguard(Tori),Ridgeguard(Tori),Local,21/09/2026,3500,4000,3750
"Tamil Nadu",Salem,"Mettur(Uzhavar Sandhai )",Mint(Pudina),Mint(Pudina),Local,21/09/2026,2500,3000,2750
"Tamil Nadu",Salem,"Sooramangalam(Uzhavar Sandhai )",Potato,Other,Local,21/09/2026,5000,6000,5500
"Tamil Nadu",Salem,"Sooramangalam(Uzhavar Sandhai )",Coriander(Leaves),"I Sort",Local,21/09/2026,3400,3600,3500
"Tamil Nadu",Salem,"Sooramangalam(Uzhavar Sandhai )","Bitter gourd",Other,Local,21/09/2026,3400,3600,3500
"Tamil Nadu",Salem,"Sooramangalam(Uzhavar Sandhai )","Bottle gourd","Bottle Gourd",Local,21/09/2026,2000,3000,2500
"Tamil Nadu",Salem,"Sooramangalam(Uzhavar Sandhai )","Bhindi(Ladies Finger)",Bhindi,Local,21/09/2026,3000,3400,3200
"Tamil Nadu",Salem,"Sooramangalam(Uzhavar Sandhai )",Cowpea(Veg),"Cowpea (Veg)",Local,21/09/2026,4000,4500,4250
"Tamil Nadu",Salem,"Sooramangalam(Uzhavar Sandhai )",Beetroot,Beetroot,Local,21/09/2026,6500,6800,6650
"Tamil Nadu",Salem,"Sooramangalam(Uzhavar Sandhai )",Cucumbar(Kheera),Cucumbar,Local,21/09/2026,3500,4000,3750
"Tamil Nadu",Salem,"Sooramangalam(Uzhavar Sandhai )",Raddish,Raddish,Local,21/09/2026,2500,2800,2650
"Tamil Nadu",Salem,"Sooramangalam(Uzhavar Sandhai )",Thondekai,Thondekai,Local,21/09/2026,4000,4500,4250
"Tamil Nadu",Salem,"Sooramangalam(Uzhavar Sandhai )","Chow Chow","Chow Chow",Local,21/09/2026,3600,4000,3800
"Tamil Nadu",Salem,"Sooramangalam(Uzhavar Sandhai )",Drumstick,Drumstick,Local,21/09/2026,3000,4000,3500
"Tamil Nadu",Salem,"Sooramangalam(Uzhavar Sandhai )","Baby Corn","Baby Corn","Grade A",21/09/2026,2500,3000,2750
"Tamil Nadu",Thiruchirappalli,"Thuraiyur APMC",Brinjal,Other,Local,21/09/2026,2000,2500,2250
"Tamil Nadu",Thiruchirappalli,"Thuraiyur APMC",Tomato,Other,Local,21/09/2026,2500,3000,2750
"Tamil Nadu",Thiruchirappalli,"Thuraiyur APMC","Cluster beans","Cluster Beans",Local,21/09/2026,3000,3500,3250
"Tamil Nadu",Thiruchirappalli,"Thuraiyur APMC","Bitter gourd",Other,Local,21/09/2026,5500,6500,6000
"Tamil Nadu",Thiruchirappalli,"Thuraiyur APMC","Bhindi(Ladies Finger)",Bhindi,Local,21/09/2026,3500,4000,3750
"Tamil Nadu",Thiruchirappalli,"Thuraiyur APMC",Carrot,Pusakesar,Local,21/09/2026,4000,5500,4750
"Tamil Nadu",Thiruchirappalli,"Thuraiyur APMC",Beetroot,Beetroot,Local,21/09/2026,4000,5000,4500
"Tamil Nadu",Thiruchirappalli,"Thuraiyur APMC",Ridgeguard(Tori),Ridgeguard(Tori),Local,21/09/2026,4700,5600,5150
"Tamil Nadu",Thiruchirappalli,"Thuraiyur APMC","Green Avare(W)","Green Avare (W)",Local,21/09/2026,9000,11000,10000
"Tamil Nadu",Thiruchirappalli,"Thuraiyur APMC","Tender Coconut","Tender Coconut",Local,21/09/2026,4500,5500,5000
"Tamil Nadu",Thiruchirappalli,"Thuraiyur APMC",Lemon,Lemon,Local,21/09/2026,22000,25000,23500
"Tamil Nadu",Salem,"Thammampatti (Uzhavar Sandhai )","Cluster beans","Cluster Beans",Local,21/09/2026,4000,4000,4000
"Tamil Nadu",Salem,"Thammampatti (Uzhavar Sandhai )",Pumpkin,Pumpkin,Local,21/09/2026,2000,2000,2000
"Tamil Nadu",Salem,"Thammampatti (Uzhavar Sandhai )",Amaranthus,Amaranthus,Local,21/09/2026,2000,2500,2250
"Tamil Nadu",Salem,"Thammampatti (Uzhavar Sandhai )","Green Chilli","Green Chilly",Local,21/09/2026,4500,5000,4750
"Tamil Nadu",Salem,"Thammampatti (Uzhavar Sandhai )","Banana - Green","Banana - Green",Local,21/09/2026,2000,2500,2250
"Tamil Nadu",Salem,"Thammampatti (Uzhavar Sandhai )",Coconut,Coconut,Local,21/09/2026,6500,7000,6750
"Tamil Nadu",Salem,"Thammampatti (Uzhavar Sandhai )",Carrot,Pusakesar,Local,21/09/2026,4500,5000,4750
"Tamil Nadu",Salem,"Thammampatti (Uzhavar Sandhai )",Ridgeguard(Tori),Ridgeguard(Tori),Local,21/09/2026,4000,4000,4000
"Tamil Nadu",Salem,"Thammampatti (Uzhavar Sandhai )",Thondekai,Thondekai,Local,21/09/2026,4500,5000,4750
"Tamil Nadu",Salem,"Thammampatti (Uzhavar Sandhai )","Elephant Yam(Suran)/Amorphophallus","Elephant Yam (Suran)",Local,21/09/2026,2500,3000,2750
"Tamil Nadu",Salem,"Thathakapatti(Uzhavar Sandhai )",Onion,Bellary,Local,21/09/2026,6000,6500,6250
"Tamil Nadu",Salem,"Thathakapatti(Uzhavar Sandhai )",Coriander(Leaves),"I Sort",Local,21/09/2026,4500,5000,4750
"Tamil Nadu",Salem,"Thathakapatti(Uzhavar Sandhai )",Tomato,Deshi,Local,21/09/2026,2000,2800,2400
"Tamil Nadu",Salem,"Thathakapatti(Uzhavar Sandhai )","Bottle gourd","Bottle Gourd",Local,21/09/2026,2500,3000,2750
"Tamil Nadu",Salem,"Thathakapatti(Uzhavar Sandhai )",Cabbage,Cabbage,Local,21/09/2026,2500,3000,2750
"Tamil Nadu",Salem,"Thathakapatti(Uzhavar Sandhai )",Snakeguard,Snakeguard,Local,21/09/2026,3400,3600,3500
"Tamil Nadu",Salem,"Thathakapatti(Uzhavar Sandhai )",Beetroot,Beetroot,Local,21/09/2026,6000,6500,6250
"Tamil Nadu",Salem,"Thathakapatti(Uzhavar Sandhai )","Chow Chow","Chow Chow",Local,21/09/2026,3500,4000,3750
"Tamil Nadu",Salem,"Thathakapatti(Uzhavar Sandhai )",Drumstick,Drumstick,Local,21/09/2026,3500,4000,3750
"Tamil Nadu",Salem,"Thathakapatti(Uzhavar Sandhai )",Mango(Raw-Ripe),"Mango - Raw-Ripe",Local,21/09/2026,12000,15000,13500
"Tamil Nadu",Salem,"Thathakapatti(Uzhavar Sandhai )",Lemon,Lemon,Local,21/09/2026,18000,20000,19000
"Tamil Nadu",Salem,"Thathakapatti(Uzhavar Sandhai )","Amla(Nelli Kai)",Amla,Local,21/09/2026,7000,8000,7500
"Tamil Nadu",Salem,"Thathakapatti(Uzhavar Sandhai )",Rose(Local),"Rose (Local)",Local,21/09/2026,10000,11000,10500
"Tamil Nadu",Theni,"Chinnamanur(Uzhavar Sandhai )",Brinjal,Other,Local,21/09/2026,3000,3200,3100
"Tamil Nadu",Theni,"Chinnamanur(Uzhavar Sandhai )","Cluster beans","Cluster Beans",Local,21/09/2026,3000,3000,3000
"Tamil Nadu",Theni,"Chinnamanur(Uzhavar Sandhai )","Bhindi(Ladies Finger)",Bhindi,Local,21/09/2026,4000,4000,4000
"Tamil Nadu",Theni,"Chinnamanur(Uzhavar Sandhai )","Banana - Green","Banana - Green",Local,21/09/2026,3600,4000,3800
"Tamil Nadu",Theni,"Chinnamanur(Uzhavar Sandhai )",Carrot,Pusakesar,Local,21/09/2026,3800,3800,3800
"Tamil Nadu",Theni,"Kambam(Uzhavar Sandhai )","Green Chilli","Green Chilly",Local,21/09/2026,4000,5000,4500
"Tamil Nadu",Theni,"Kambam(Uzhavar Sandhai )",Coconut,Coconut,Local,21/09/2026,5800,5800,5800
"Tamil Nadu",Theni,"Kambam(Uzhavar Sandhai )",Lime,Lime,Local,21/09/2026,9500,9500,9500
"Tamil Nadu",Theni,"Theni(Uzhavar Sandhai )",Soyabean,Local,Local,21/09/2026,9000,9000,9000
"Tamil Nadu",Theni,"Theni(Uzhavar Sandhai )",Banana,"Red Banana",Local,21/09/2026,6000,7000,6500
"Tamil Nadu",Theni,"Theni(Uzhavar Sandhai )",Garlic,Garlic,Local,21/09/2026,10000,20000,15000
"Tamil Nadu",Theni,"Theni(Uzhavar Sandhai )",Amaranthus,Amaranthus,Local,21/09/2026,1500,2000,1750
"Tamil Nadu",Theni,"Theni(Uzhavar Sandhai )","Green Chilli","Green Chilly",Local,21/09/2026,4500,5000,4750
"Tamil Nadu",Theni,"Theni(Uzhavar Sandhai )",Cabbage,Cabbage,Local,21/09/2026,3000,3000,3000
"Tamil Nadu",Theni,"Theni(Uzhavar Sandhai )",Beetroot,Beetroot,Local,21/09/2026,3600,3600,3600
"Tamil Nadu",Theni,"Theni(Uzhavar Sandhai )",Ridgeguard(Tori),Ridgeguard(Tori),Local,21/09/2026,4000,4200,4100
"Tamil Nadu",Theni,"Theni(Uzhavar Sandhai )","Indian Beans(Seam)","Indian Beans (Seam)",Local,21/09/2026,5800,5800,5800
"Tamil Nadu",Theni,"Theni(Uzhavar Sandhai )","Baby Corn","Baby Corn","Grade A",21/09/2026,5000,5000,5000
"Tamil Nadu",Thirunelveli,"Ambasamudram(Uzhavar Sandhai )",Amaranthus,Amaranthus,Local,21/09/2026,1300,1500,1400
"Tamil Nadu",Thirunelveli,"NGO Colony(Uzhavar Sandhai )",Potato,"Red Nanital",Local,21/09/2026,2000,2900,2450
"Tamil Nadu",Thirunelveli,"NGO Colony(Uzhavar Sandhai )","Cluster beans","Cluster Beans",Local,21/09/2026,1500,1800,1650
"Tamil Nadu",Thirunelveli,"NGO Colony(Uzhavar Sandhai )",Pumpkin,Pumpkin,Local,21/09/2026,1000,1200,1100
"Tamil Nadu",Thirunelveli,"NGO Colony(Uzhavar Sandhai )","Bhindi(Ladies Finger)",Bhindi,Local,21/09/2026,2500,3400,2950
"Tamil Nadu",Thirunelveli,"NGO Colony(Uzhavar Sandhai )",Beans,"Beans (Whole)",Local,21/09/2026,10000,12000,11000
"Tamil Nadu",Thirunelveli,"NGO Colony(Uzhavar Sandhai )",Ginger(Green),"Green Ginger",Local,21/09/2026,15000,18000,16500
"Tamil Nadu",Thirunelveli,"NGO Colony(Uzhavar Sandhai )",Carrot,Pusakesar,Local,21/09/2026,4000,4600,4300
"Tamil Nadu",Thirunelveli,"NGO Colony(Uzhavar Sandhai )",Beetroot,Beetroot,Local,21/09/2026,5000,5800,5400
"Tamil Nadu",Thirunelveli,"NGO Colony(Uzhavar Sandhai )",Lemon,Lemon,Local,21/09/2026,18000,20000,19000
"Tamil Nadu",Thirunelveli,"Palayamkottai(Uzhavar Sandhai )","Bitter gourd","Bitter Gourd",Local,21/09/2026,4500,6000,5250
"Tamil Nadu",Thirunelveli,"Palayamkottai(Uzhavar Sandhai )","Bhindi(Ladies Finger)",Bhindi,Local,21/09/2026,3000,3400,3200
"Tamil Nadu",Thirunelveli,"Palayamkottai(Uzhavar Sandhai )",Ginger(Green),"Green Ginger",Local,21/09/2026,17000,18000,17500
"Tamil Nadu",Thirunelveli,"Palayamkottai(Uzhavar Sandhai )",Beetroot,Beetroot,Local,21/09/2026,4600,5800,5200
"Tamil Nadu",Thirunelveli,"Palayamkottai(Uzhavar Sandhai )","Green Avare(W)",Other,Local,21/09/2026,8500,9000,8750
"Tamil Nadu",Thirunelveli,"Palayamkottai(Uzhavar Sandhai )",Drumstick,Drumstick,Local,21/09/2026,2800,3000,2900
"Tamil Nadu",Thirunelveli,"Palayamkottai(Uzhavar Sandhai )",Lime,Lime,Local,21/09/2026,16000,17000,16500
"Tamil Nadu",Thirunelveli,"Palayamkottai(Uzhavar Sandhai )",Pomegranate,Pomogranate,Local,21/09/2026,16000,20000,18000
"Tamil Nadu",Thirunelveli,"Palayamkottai(Uzhavar Sandhai )",Lemon,Lemon,Local,21/09/2026,18000,20000,19000
"Tamil Nadu",Thirupur,"Kangayam(Uzhavar Sandhai )",Onion,Bellary,Local,21/09/2026,5000,5400,5200
"Tamil Nadu",Thirupur,"Kangayam(Uzhavar Sandhai )",Coriander(Leaves),"I Sort",Local,21/09/2026,4500,5000,4750
"Tamil Nadu",Thirupur,"Kangayam(Uzhavar Sandhai )",Tomato,Deshi,Local,21/09/2026,1500,1800,1650
"Tamil Nadu",Thirupur,"Kangayam(Uzhavar Sandhai )","Cluster beans","Cluster Beans",Local,21/09/2026,4000,4500,4250
"Tamil Nadu",Thirupur,"Kangayam(Uzhavar Sandhai )","Bottle gourd","Bottle Gourd",Local,21/09/2026,1500,1800,1650
"Tamil Nadu",Thirupur,"Kangayam(Uzhavar Sandhai )",Pumpkin,Pumpkin,Local,21/09/2026,2000,2200,2100
"Tamil Nadu",Thirupur,"Kangayam(Uzhavar Sandhai )","Bhindi(Ladies Finger)",Bhindi,Local,21/09/2026,5000,6000,5500
"Tamil Nadu",Thirupur,"Kangayam(Uzhavar Sandhai )",Coconut,Coconut,Local,21/09/2026,4500,5200,4850
"Tamil Nadu",Thirupur,"Kangayam(Uzhavar Sandhai )","Tender Coconut","Tender Coconut",Local,21/09/2026,3000,3500,3250
"Tamil Nadu",Thirupur,"Kangayam(Uzhavar Sandhai )",Mint(Pudina),Mint(Pudina),Local,21/09/2026,3500,4000,3750
"Tamil Nadu",Thirupur,"Tiruppur (North) (Uzhavar Sandhai )",Tomato,Local,Local,21/09/2026,2300,2600,2450
"Tamil Nadu",Thirupur,"Tiruppur (North) (Uzhavar Sandhai )",Ashgourd,Gouard,Local,21/09/2026,1500,2000,1750
"Tamil Nadu",Thirupur,"Tiruppur (North) (Uzhavar Sandhai )",Pumpkin,Pumpkin,Local,21/09/2026,1200,1500,1350
"Tamil Nadu",Thirupur,"Tiruppur (North) (Uzhavar Sandhai )",Amaranthus,Amaranthus,Local,21/09/2026,2000,2500,2250
"Tamil Nadu",Thirupur,"Tiruppur (North) (Uzhavar Sandhai )",Beans,"Beans (Whole)",Local,21/09/2026,6000,7000,6500
"Tamil Nadu",Thirupur,"Tiruppur (North) (Uzhavar Sandhai )",Tapioca,Tapioca,Local,21/09/2026,2500,3000,2750
"Tamil Nadu",Thirupur,"Tiruppur (North) (Uzhavar Sandhai )",Coconut,Coconut,Local,21/09/2026,5500,5800,5650
"Tamil Nadu",Thirupur,"Tiruppur (North) (Uzhavar Sandhai )",Snakeguard,Snakeguard,Local,21/09/2026,3500,4000,3750
"Tamil Nadu",Thirupur,"Tiruppur (North) (Uzhavar Sandhai )",Beetroot,Beetroot,Local,21/09/2026,5000,6000,5500
"Tamil Nadu",Thirupur,"Tiruppur (North) (Uzhavar Sandhai )",Ridgeguard(Tori),Ridgeguard(Tori),Local,21/09/2026,5000,5500,5250
"Tamil Nadu",Thirupur,"Tiruppur (North) (Uzhavar Sandhai )",Raddish,Raddish,Local,21/09/2026,2500,3000,2750
"Tamil Nadu",Thirupur,"Tiruppur (North) (Uzhavar Sandhai )","Tender Coconut","Tender Coconut",Local,21/09/2026,3500,4000,3750
"Tamil Nadu",Thirupur,"Tiruppur (North) (Uzhavar Sandhai )",Mint(Pudina),Mint(Pudina),Local,21/09/2026,2000,2500,2250
"Tamil Nadu",Thiruvannamalai,"Chengam(Uzhavar Sandhai )",Brinjal,Round,Local,21/09/2026,2500,3000,2750
"Tamil Nadu",Thiruvannamalai,"Chengam(Uzhavar Sandhai )","Water Melon","Water Melon",Local,21/09/2026,1200,1500,1350
"Tamil Nadu",Thiruvannamalai,"Chengam(Uzhavar Sandhai )",Cabbage,Cabbage,Local,21/09/2026,2500,3000,2750
"Tamil Nadu",Thiruvannamalai,"Chengam(Uzhavar Sandhai )",Snakeguard,Snakeguard,Local,21/09/2026,2500,3000,2750
"Tamil Nadu",Thiruvannamalai,"Chengam(Uzhavar Sandhai )","Green Avare(W)","Green Avare (W)",Local,21/09/2026,5000,6000,5500
"Tamil Nadu",Thiruvannamalai,"Chengam(Uzhavar Sandhai )",Yam(Ratalu),"Yam (Ratalu)",Local,21/09/2026,5000,6000,5500
"Tamil Nadu",Thiruvannamalai,"Chengam(Uzhavar Sandhai )","Sweet Corn ","Sweet Corn ",Local,21/09/2026,2500,3000,2750
"Tamil Nadu",Thiruvannamalai,"Keelpennathur(Uzhavar Sandhai )",Banana,Poovan,Local,21/09/2026,4500,5000,4750
"Tamil Nadu",Thiruvannamalai,"Tamarainagar(Uzhavar Sandhai )",Banana,Besrai,Local,21/09/2026,5000,6000,5500
"Tamil Nadu",Thiruvannamalai,"Tamarainagar(Uzhavar Sandhai )","Bitter gourd","Bitter Gourd",Local,21/09/2026,3500,4000,3750
"Tamil Nadu",Thiruvannamalai,"Tamarainagar(Uzhavar Sandhai )",Amaranthus,Amaranthus,Local,21/09/2026,4000,5000,4500
"Tamil Nadu",Thiruvannamalai,"Tamarainagar(Uzhavar Sandhai )","Banana - Green","Banana - Green",Local,21/09/2026,4000,5000,4500
"Tamil Nadu",Thiruvannamalai,"Tamarainagar(Uzhavar Sandhai )",Thondekai,Thondekai,Local,21/09/2026,3000,3600,3300
"Tamil Nadu",Thiruvannamalai,"Tamarainagar(Uzhavar Sandhai )",Guava,"Guava Allahabad",Local,21/09/2026,7000,8000,7500
"Tamil Nadu",Thiruvannamalai,"Tamarainagar(Uzhavar Sandhai )","Amla(Nelli Kai)",Amla,Local,21/09/2026,12000,14000,13000
"Tamil Nadu",Thiruvannamalai,"Tamarainagar(Uzhavar Sandhai )",Mint(Pudina),Mint(Pudina),Local,21/09/2026,5000,6000,5500
"Tamil Nadu",Thiruvannamalai,"Tamarainagar(Uzhavar Sandhai )","Sweet Corn ","Sweet Corn ",Local,21/09/2026,3500,4000,3750
"Tamil Nadu",Thiruvannamalai,"Vandavasi(Uzhavar Sandhai )",Onion,Bellary,Local,21/09/2026,5500,6500,6000
"Tamil Nadu",Thiruvannamalai,"Vandavasi(Uzhavar Sandhai )",Brinjal,Other,Local,21/09/2026,4000,4800,4400
"Tamil Nadu",Thiruvannamalai,"Vandavasi(Uzhavar Sandhai )",Papaya,Papaya,Local,21/09/2026,3000,4000,3500
"Tamil Nadu",Thiruvannamalai,"Vandavasi(Uzhavar Sandhai )","Green Chilli","Green Chilly",Local,21/09/2026,5000,6000,5500
"Tamil Nadu",Thiruvannamalai,"Vandavasi(Uzhavar Sandhai )",Beetroot,Beetroot,Local,21/09/2026,4000,4800,4400
"Tamil Nadu",Thiruvannamalai,"Vandavasi(Uzhavar Sandhai )",Lemon,Lemon,Local,21/09/2026,10000,12000,11000
"Tamil Nadu",Thiruvannamalai,"Vandavasi(Uzhavar Sandhai )",Colacasia,Colacasia,Local,21/09/2026,3600,4200,3900
"Tamil Nadu",Thiruvarur,"Muthupettai(Uzhavar Sandhai )","Bhindi(Ladies Finger)",Bhindi,Local,21/09/2026,3400,3400,3400
"Tamil Nadu",Thiruvarur,"Muthupettai(Uzhavar Sandhai )",Amaranthus,Amaranthus,Local,21/09/2026,2000,2000,2000
"Tamil Nadu",Thiruvarur,"Muthupettai(Uzhavar Sandhai )",Mint(Pudina),Mint(Pudina),Local,21/09/2026,6500,6500,6500
"Tamil Nadu",Coimbatore,"Sulur(Uzhavar Sandhai )",Garlic,Garlic,Local,21/09/2026,22000,24000,23000
"Tamil Nadu",Coimbatore,"Sulur(Uzhavar Sandhai )",Papaya,Papaya,Local,21/09/2026,4600,5400,5000
"Tamil Nadu",Coimbatore,"Sulur(Uzhavar Sandhai )","Bottle gourd","Bottle Gourd",Local,21/09/2026,2800,3200,3000
"Tamil Nadu",Coimbatore,"Sulur(Uzhavar Sandhai )",Ashgourd,Gouard,Local,21/09/2026,1600,2000,1800
"Tamil Nadu",Coimbatore,"Sulur(Uzhavar Sandhai )",Beans,"Beans (Whole)",Local,21/09/2026,6600,7400,7000
"Tamil Nadu",Coimbatore,"Sulur(Uzhavar Sandhai )",Tapioca,Tapioca,Local,21/09/2026,3200,3600,3400
"Tamil Nadu",Coimbatore,"Sulur(Uzhavar Sandhai )",Ginger(Green),"Green Ginger",Local,21/09/2026,14000,16500,15250
"Tamil Nadu",Coimbatore,"Sulur(Uzhavar Sandhai )",Coconut,Coconut,Local,21/09/2026,5600,6000,5800
"Tamil Nadu",Coimbatore,"Sulur(Uzhavar Sandhai )",Snakeguard,Snakeguard,Local,21/09/2026,3000,3400,3200
"Tamil Nadu",Coimbatore,"Sulur(Uzhavar Sandhai )",Drumstick,Drumstick,Local,21/09/2026,3600,4000,3800
"Tamil Nadu",Coimbatore,"Sulur(Uzhavar Sandhai )",Lemon,Lemon,Local,21/09/2026,24000,26000,25000
"Tamil Nadu",Pudukkottai,"Gandarvakottai(Uzhavar Sandhai )",Banana,"Red Banana",Local,21/09/2026,7000,8000,7500
"Tamil Nadu",Pudukkottai,"Gandarvakottai(Uzhavar Sandhai )",Onion,Bellary,Local,21/09/2026,6000,7000,6500
"Tamil Nadu",Pudukkottai,"Gandarvakottai(Uzhavar Sandhai )",Raddish,Raddish,Local,21/09/2026,3500,4000,3750
"Tamil Nadu",Pudukkottai,"Gandarvakottai(Uzhavar Sandhai )","Green Avare(W)",Other,Local,21/09/2026,7000,8000,7500
"Tamil Nadu",Cuddalore,"Panruti(Uzhavar Sandhai )",Banana,Besrai,Local,21/09/2026,4000,8000,6000
"Tamil Nadu",Cuddalore,"Panruti(Uzhavar Sandhai )",Potato,"Red Nanital",Local,21/09/2026,3500,3500,3500
"Tamil Nadu",Cuddalore,"Panruti(Uzhavar Sandhai )",Snakeguard,Snakeguard,Local,21/09/2026,2500,2500,2500
"Tamil Nadu",Cuddalore,"Panruti(Uzhavar Sandhai )","Green Avare(W)","Green Avare (W)",Local,21/09/2026,6000,6000,6000
"Tamil Nadu",Cuddalore,"Panruti(Uzhavar Sandhai )","Jack Fruit(Ripe)","Jack Fruit",Local,21/09/2026,10000,10000,10000
"Tamil Nadu",Cuddalore,"Vadalur(Uzhavar Sandhai )",Garlic,Garlic,Local,21/09/2026,14000,20000,17000
"Tamil Nadu",Cuddalore,"Vadalur(Uzhavar Sandhai )",Brinjal,Other,Local,21/09/2026,4000,4000,4000
"Tamil Nadu",Cuddalore,"Vadalur(Uzhavar Sandhai )","Bhindi(Ladies Finger)",Bhindi,Local,21/09/2026,3000,3000,3000
"Tamil Nadu",Cuddalore,"Vadalur(Uzhavar Sandhai )",Beetroot,Beetroot,Local,21/09/2026,4000,5000,4500
"Tamil Nadu",Cuddalore,"Vadalur(Uzhavar Sandhai )",Yam(Ratalu),"Yam (Ratalu)",Local,21/09/2026,6000,6000,6000
"Tamil Nadu",Cuddalore,"Vadalur(Uzhavar Sandhai )",Lemon,Lemon,Local,21/09/2026,15000,16000,15500
"Tamil Nadu",Dharmapuri,"AJattihalli(Uzhavar Sandhai )",Onion,Bellary,Local,21/09/2026,5500,6400,5950
"Tamil Nadu",Dharmapuri,"AJattihalli(Uzhavar Sandhai )",Potato,Other,Local,21/09/2026,2400,2800,2600
"Tamil Nadu",Dharmapuri,"AJattihalli(Uzhavar Sandhai )","Bottle gourd","Bottle Gourd",Local,21/09/2026,1600,2000,1800
"Tamil Nadu",Dharmapuri,"AJattihalli(Uzhavar Sandhai )",Pumpkin,Pumpkin,Local,21/09/2026,1500,1500,1500
"Tamil Nadu",Dharmapuri,"AJattihalli(Uzhavar Sandhai )","Green Chilli","Green Chilly",Local,21/09/2026,3500,4000,3750
"Tamil Nadu",Dharmapuri,"AJattihalli(Uzhavar Sandhai )",Tapioca,Tapioca,Local,21/09/2026,3400,3400,3400
"Tamil Nadu",Dharmapuri,"AJattihalli(Uzhavar Sandhai )",Beetroot,Beetroot,Local,21/09/2026,5000,5000,5000
"Tamil Nadu",Dharmapuri,"AJattihalli(Uzhavar Sandhai )",Cucumbar(Kheera),Cucumbar,Local,21/09/2026,4500,4500,4500
"Tamil Nadu",Dharmapuri,"AJattihalli(Uzhavar Sandhai )","Green Avare(W)","Green Avare (W)",Local,21/09/2026,5000,5000,5000
"Tamil Nadu",Dharmapuri,"AJattihalli(Uzhavar Sandhai )","Baby Corn","Baby Corn","Grade A",21/09/2026,2500,2500,2500
"Tamil Nadu",Thanjavur,"Peravurani(Uzhavar Sandhai)",Amaranthus,Amaranthus,Local,21/09/2026,2000,2000,2000
"Tamil Nadu",Thanjavur,"Peravurani(Uzhavar Sandhai)","Banana - Green","Banana - Green",Local,21/09/2026,3000,3000,3000
"Tamil Nadu",Thanjavur,"Peravurani(Uzhavar Sandhai)","Green Avare(W)","Green Avare (W)",Local,21/09/2026,11000,11000,11000
"Tamil Nadu",Thanjavur,"Peravurani(Uzhavar Sandhai)","Onion Green","Onion Green",Local,21/09/2026,9000,9000,9000
"Tamil Nadu",Karur,"Pallapatti (Uzhavar Sandhai )","Bottle gourd","Bottle Gourd",Local,21/09/2026,2200,2500,2350
"Tamil Nadu",Karur,"Pallapatti (Uzhavar Sandhai )","Banana - Green","Banana - Green",Local,21/09/2026,2500,3000,2750
"Tamil Nadu",Karur,"Pallapatti (Uzhavar Sandhai )","Sweet Potato","Hosur Red",Local,21/09/2026,4500,5000,4750
"Tamil Nadu",Karur,"Pallapatti (Uzhavar Sandhai )","Green Avare(W)",Other,Local,21/09/2026,9000,10000,9500
"Tamil Nadu",Karur,"Pallapatti (Uzhavar Sandhai )",Lime,Lime,Local,21/09/2026,3500,4000,3750
"Tamil Nadu",Karur,"Pallapatti (Uzhavar Sandhai )","Onion Green","Onion Green",Local,21/09/2026,8000,9000,8500
"Tamil Nadu",Karur,"Velayuthampalayam(Uzhavar Sandhai )",Banana,Other,Local,21/09/2026,5000,6000,5500
"Tamil Nadu",Karur,"Velayuthampalayam(Uzhavar Sandhai )",Coriander(Leaves),"I Sort",Local,21/09/2026,5200,6000,5600
"Tamil Nadu",Karur,"Velayuthampalayam(Uzhavar Sandhai )","Cluster beans","Cluster Beans",Local,21/09/2026,3200,4000,3600
"Tamil Nadu",Karur,"Velayuthampalayam(Uzhavar Sandhai )","Bottle gourd","Bottle Gourd",Local,21/09/2026,2000,2500,2250
"Tamil Nadu",Karur,"Velayuthampalayam(Uzhavar Sandhai )",Ashgourd,Gouard,Local,21/09/2026,2000,2500,2250
"Tamil Nadu",Karur,"Velayuthampalayam(Uzhavar Sandhai )","Bhindi(Ladies Finger)",Bhindi,Local,21/09/2026,3200,4000,3600
"Tamil Nadu",Karur,"Velayuthampalayam(Uzhavar Sandhai )",Amaranthus,Amaranthus,Local,21/09/2026,2000,2500,2250
"Tamil Nadu",Karur,"Velayuthampalayam(Uzhavar Sandhai )","Green Avare(W)",Other,Local,21/09/2026,10000,12000,11000
"Tamil Nadu",Karur,"Vengamedu(Uzhavar Sandhai )",Tomato,Deshi,Local,21/09/2026,2500,3000,2750
"Tamil Nadu",Karur,"Vengamedu(Uzhavar Sandhai )","Cluster beans","Cluster Beans",Local,21/09/2026,3500,4000,3750
"Tamil Nadu",Karur,"Vengamedu(Uzhavar Sandhai )","Banana - Green","Banana - Green",Local,21/09/2026,2500,3000,2750
"Tamil Nadu",Karur,"Vengamedu(Uzhavar Sandhai )",Lemon,Lemon,Local,21/09/2026,29500,30000,29750
"Tamil Nadu",Theni,"Devaram(Uzhavar Sandhai )",Papaya,Papaya,Local,21/09/2026,3500,3500,3500
"Tamil Nadu",Theni,"Devaram(Uzhavar Sandhai )",Lemon,Lemon,Local,21/09/2026,20000,20000,20000
"Tamil Nadu",Theni,"Devaram(Uzhavar Sandhai )","Amla(Nelli Kai)",Amla,Local,21/09/2026,6500,6500,6500
"Tamil Nadu",Salem,"Attayampatti(Uzhavar Sandhai )",Coriander(Leaves),"I Sort",Local,21/09/2026,2000,2200,2100
"Tamil Nadu",Salem,"Attayampatti(Uzhavar Sandhai )","Bhindi(Ladies Finger)",Bhindi,Local,21/09/2026,3000,3000,3000
"Tamil Nadu",Salem,"Attayampatti(Uzhavar Sandhai )","Green Chilli","Green Chilly",Local,21/09/2026,4000,4200,4100
"Tamil Nadu",Salem,"Attayampatti(Uzhavar Sandhai )",Raddish,Raddish,Local,21/09/2026,2600,3000,2800
"Tamil Nadu",Sivaganga,"Sivagangai (Uzhavar Sandhai )",Onion,Bellary,Local,21/09/2026,5200,6600,5900
"Tamil Nadu",Sivaganga,"Sivagangai (Uzhavar Sandhai )","Banana - Green","Banana - Green",Local,21/09/2026,3000,3000,3000
"Tamil Nadu",Sivaganga,"Sivagangai (Uzhavar Sandhai )",Beans,"Beans (Whole)",Local,21/09/2026,8500,9500,9000
"Tamil Nadu",Salem,"Edapadi (Uzhavar Sandhai )",Cauliflower,Ranchi,Local,21/09/2026,2800,3000,2900
"Tamil Nadu",Salem,"Edapadi (Uzhavar Sandhai )",Papaya,Papaya,Local,21/09/2026,3000,3500,3250
"Tamil Nadu",Salem,"Edapadi (Uzhavar Sandhai )","Mousambi(Sweet Lime)",Mousambi,Local,21/09/2026,2800,3000,2900
"Tamil Nadu",Salem,"Edapadi (Uzhavar Sandhai )","Bitter gourd",Other,Local,21/09/2026,4000,4500,4250
"Tamil Nadu",Salem,"Edapadi (Uzhavar Sandhai )",Thondekai,Thondekai,Local,21/09/2026,3500,4000,3750
"Tamil Nadu",Salem,"Edapadi (Uzhavar Sandhai )",Capsicum,Capsicum,Local,21/09/2026,5500,6000,5750
"Tamil Nadu",Salem,"Edapadi (Uzhavar Sandhai )","Amla(Nelli Kai)",Amla,Local,21/09/2026,9500,10000,9750
"Tamil Nadu",Salem,"Edapadi (Uzhavar Sandhai )",Mint(Pudina),Mint(Pudina),Local,21/09/2026,4000,4500,4250
"Tamil Nadu",Salem,"Elampillai(Uzhavar Sandhai )",Tomato,Local,Local,21/09/2026,2000,2600,2300
"Tamil Nadu",Salem,"Elampillai(Uzhavar Sandhai )","Bitter gourd","Bitter Gourd",Local,21/09/2026,4000,4500,4250
"Tamil Nadu",Salem,"Elampillai(Uzhavar Sandhai )",Beans,"Beans (Whole)",Local,21/09/2026,7000,8000,7500
"Tamil Nadu",Salem,"Elampillai(Uzhavar Sandhai )",Beetroot,Beetroot,Local,21/09/2026,5000,6000,5500
"Tamil Nadu",Salem,"Elampillai(Uzhavar Sandhai )","Green Avare(W)",Other,Local,21/09/2026,5500,6000,5750
"Tamil Nadu",Salem,"Elampillai(Uzhavar Sandhai )","Chow Chow","Chow Chow",Local,21/09/2026,3500,4000,3750
"Tamil Nadu",Salem,"Hasthampatti(Uzhavar Sandhai )","Green Peas","Green Peas",Local,21/09/2026,15000,15500,15250
"Tamil Nadu",Salem,"Hasthampatti(Uzhavar Sandhai )",Tomato,Local,Local,21/09/2026,2000,2600,2300
"Tamil Nadu",Salem,"Hasthampatti(Uzhavar Sandhai )","Bottle gourd","Bottle Gourd",Local,21/09/2026,2500,3000,2750
"Tamil Nadu",Salem,"Hasthampatti(Uzhavar Sandhai )",Pumpkin,Pumpkin,Local,21/09/2026,1800,2000,1900
"Tamil Nadu",Salem,"Hasthampatti(Uzhavar Sandhai )",Carrot,Pusakesar,Local,21/09/2026,4500,5000,4750
"Tamil Nadu",Salem,"Hasthampatti(Uzhavar Sandhai )","Green Avare(W)",Other,Local,21/09/2026,6500,7000,6750
"Tamil Nadu",Salem,"Hasthampatti(Uzhavar Sandhai )","Tamarind Fruit","Tamarind Fruit",Local,21/09/2026,15000,16000,15500
"Tamil Nadu",Salem,"Hasthampatti(Uzhavar Sandhai )",Yam(Ratalu),"Yam (Ratalu)",Local,21/09/2026,6000,6500,6250
"Tamil Nadu",Salem,"Hasthampatti(Uzhavar Sandhai )","Indian Beans(Seam)","Indian Beans (Seam)",Local,21/09/2026,5500,6000,5750
"Tamil Nadu",Salem,"Hasthampatti(Uzhavar Sandhai )",Pear(Marasebu),Pears,Local,21/09/2026,11000,12000,11500
"Tamil Nadu",Salem,"Jalagandapuram(Uzhavar Sandhai )",Ashgourd,Gouard,Local,21/09/2026,1600,1800,1700
"Tamil Nadu",Salem,"Jalagandapuram(Uzhavar Sandhai )",Pumpkin,Pumpkin,Local,21/09/2026,1600,1800,1700
"Tamil Nadu",Salem,"Jalagandapuram(Uzhavar Sandhai )","Banana - Green","Banana - Green",Local,21/09/2026,2500,2800,2650
"Tamil Nadu",Salem,"Jalagandapuram(Uzhavar Sandhai )",Ginger(Green),"Green Ginger",Local,21/09/2026,17000,18000,17500
"Tamil Nadu",Salem,"Jalagandapuram(Uzhavar Sandhai )","Sweet Potato","Hosur Red",Local,21/09/2026,4000,4500,4250
"Tamil Nadu",Salem,"Jalagandapuram(Uzhavar Sandhai )",Carrot,Pusakesar,Local,21/09/2026,4500,5000,4750
"Tamil Nadu",Salem,"Jalagandapuram(Uzhavar Sandhai )","Onion Green","Onion Green",Local,21/09/2026,8000,8500,8250
"Tamil Nadu",Sivaganga,"Singampunari(Uzhavar Sandhai )",Banana,Karpura,Local,21/09/2026,3500,4000,3750
"Tamil Nadu",Sivaganga,"Singampunari(Uzhavar Sandhai )",Tomato,Other,Local,21/09/2026,3000,3200,3100
"Tamil Nadu",Sivaganga,"Singampunari(Uzhavar Sandhai )","Cluster beans","Cluster Beans",Local,21/09/2026,3800,4200,4000
"Tamil Nadu",Sivaganga,"Singampunari(Uzhavar Sandhai )",Amaranthus,Amaranthus,Local,21/09/2026,3000,4000,3500
"Tamil Nadu",Sivaganga,"Singampunari(Uzhavar Sandhai )",Ridgeguard(Tori),Ridgeguard(Tori),Local,21/09/2026,3200,3800,3500
"Tamil Nadu",Sivaganga,"Karaikudi(Uzhavar Sandhai )",Banana,Poovan,Local,21/09/2026,3500,4000,3750
"Tamil Nadu",Sivaganga,"Karaikudi(Uzhavar Sandhai )",Potato,"Red Nanital",Local,21/09/2026,4000,6000,5000
"Tamil Nadu",Sivaganga,"Karaikudi(Uzhavar Sandhai )",Coriander(Leaves),"I Sort",Local,21/09/2026,5500,6000,5750
"Tamil Nadu",Sivaganga,"Karaikudi(Uzhavar Sandhai )","Green Chilli","Green Chilly",Local,21/09/2026,3500,4000,3750
"Tamil Nadu",Sivaganga,"Karaikudi(Uzhavar Sandhai )",Coconut,Coconut,Local,21/09/2026,7200,7500,7350
"Tamil Nadu",Sivaganga,"Karaikudi(Uzhavar Sandhai )",Drumstick,Drumstick,Local,21/09/2026,5000,7000,6000
"Tamil Nadu",Sivaganga,"Tirupatthur(Uzhavar Sandhai )",Chikoos(Sapota),Sapota,Local,21/09/2026,4400,6500,5450
"Tamil Nadu",Sivaganga,"Tirupatthur(Uzhavar Sandhai )","Bitter gourd",Other,Local,21/09/2026,5500,6000,5750
"Tamil Nadu",Sivaganga,"Tirupatthur(Uzhavar Sandhai )","Banana - Green","Banana - Green",Local,21/09/2026,2500,3000,2750
"Tamil Nadu",Sivaganga,"Tirupatthur(Uzhavar Sandhai )",Ginger(Green),"Green Ginger",Local,21/09/2026,11500,20500,16000
"Tamil Nadu",Sivaganga,"Tirupatthur(Uzhavar Sandhai )",Carrot,Pusakesar,Local,21/09/2026,3200,5000,4100
"Tamil Nadu",Sivaganga,"Tirupatthur(Uzhavar Sandhai )",Ridgeguard(Tori),Ridgeguard(Tori),Local,21/09/2026,3500,4000,3750
"Tamil Nadu",Thanjavur,"Pattukottai(Uzhavar Sandhai )",Garlic,Garlic,Local,21/09/2026,16000,16000,16000
"Tamil Nadu",Thanjavur,"Pattukottai(Uzhavar Sandhai )","Banana - Green","Banana - Green",Local,21/09/2026,3000,3000,3000
"Tamil Nadu",Thanjavur,"Pattukottai(Uzhavar Sandhai )",Beans,"Beans (Whole)",Local,21/09/2026,8400,8400,8400
"Tamil Nadu",Thanjavur,"Pattukottai(Uzhavar Sandhai )",Beetroot,Beetroot,Local,21/09/2026,5400,5400,5400
"Tamil Nadu",Thanjavur,"Pattukottai(Uzhavar Sandhai )",Drumstick,Drumstick,Local,21/09/2026,4400,4400,4400
"Tamil Nadu",Thanjavur,"Pattukottai(Uzhavar Sandhai )",Mango(Raw-Ripe),"Mango - Raw-Ripe",Local,21/09/2026,12600,12600,12600
"Tamil Nadu",Thanjavur,"Pattukottai(Uzhavar Sandhai )","Elephant Yam(Suran)/Amorphophallus","Elephant Yam (Suran)",Local,21/09/2026,4500,4500,4500
"Tamil Nadu",Thanjavur,"Pattukottai(Uzhavar Sandhai )",Lemon,Lemon,Local,21/09/2026,14600,14600,14600
"Tamil Nadu",Thanjavur,"Pattukottai(Uzhavar Sandhai )","Onion Green","Onion Green",Local,21/09/2026,9000,9000,9000
"Tamil Nadu",Thiruchirappalli,"KKNagar(Uzhavar Sandhai )",Banana,Karpura,Local,21/09/2026,6000,6000,6000
"Tamil Nadu",Thiruchirappalli,"KKNagar(Uzhavar Sandhai )","Mousambi(Sweet Lime)",Mousambi,Local,21/09/2026,6000,6000,6000
"Tamil Nadu",Thiruchirappalli,"KKNagar(Uzhavar Sandhai )","Cluster beans","Cluster Beans",Local,21/09/2026,3600,3600,3600
"Tamil Nadu",Thiruchirappalli,"KKNagar(Uzhavar Sandhai )","Bitter gourd","Bitter Gourd",Local,21/09/2026,6000,6000,6000
"Tamil Nadu",Thiruchirappalli,"KKNagar(Uzhavar Sandhai )",Ashgourd,Gouard,Local,21/09/2026,1800,1800,1800
"Tamil Nadu",Thiruchirappalli,"KKNagar(Uzhavar Sandhai )","Green Chilli","Green Chilly",Local,21/09/2026,4400,4400,4400
"Tamil Nadu",Thiruchirappalli,"KKNagar(Uzhavar Sandhai )",Carrot,Pusakesar,Local,21/09/2026,5000,5000,5000
"Tamil Nadu",Thiruchirappalli,"KKNagar(Uzhavar Sandhai )",Cucumbar(Kheera),Cucumbar,Local,21/09/2026,6000,6000,6000
"Tamil Nadu",Thiruchirappalli,"Lalgudi(Uzhavar Sandhai )",Banana,Poovan,Local,21/09/2026,4000,5000,4500
"Tamil Nadu",Thiruchirappalli,"Lalgudi(Uzhavar Sandhai )",Coriander(Leaves),"I Sort",Local,21/09/2026,3400,3400,3400
"Tamil Nadu",Thiruchirappalli,"Lalgudi(Uzhavar Sandhai )",Tomato,Local,Local,21/09/2026,3000,3000,3000
"Tamil Nadu",Thiruchirappalli,"Lalgudi(Uzhavar Sandhai )","Bottle gourd","Bottle Gourd",Local,21/09/2026,2000,2000,2000
"Tamil Nadu",Thiruchirappalli,"Lalgudi(Uzhavar Sandhai )","Sweet Potato","Hosur Red",Local,21/09/2026,5000,5000,5000
"Tamil Nadu",Thiruchirappalli,"Lalgudi(Uzhavar Sandhai )",Cabbage,Cabbage,Local,21/09/2026,3000,3000,3000
"Tamil Nadu",Thiruchirappalli,"Lalgudi(Uzhavar Sandhai )",Cucumbar(Kheera),Cucumbar,Local,21/09/2026,5600,5600,5600
"Tamil Nadu",Thiruchirappalli,"Manachanallur(Uzhavar Sandhai )",Onion,Bellary,Local,21/09/2026,7000,7000,7000
"Tamil Nadu",Thiruchirappalli,"Manachanallur(Uzhavar Sandhai )",Garlic,Garlic,Local,21/09/2026,21000,21000,21000
"Tamil Nadu",Thiruchirappalli,"Manachanallur(Uzhavar Sandhai )",Tomato,Deshi,Local,21/09/2026,3000,3000,3000
"Tamil Nadu",Thiruchirappalli,"Manachanallur(Uzhavar Sandhai )","Banana - Green","Banana - Green",Local,21/09/2026,2500,2500,2500
"Tamil Nadu",Thiruchirappalli,"Manachanallur(Uzhavar Sandhai )",Coconut,Coconut,Local,21/09/2026,7000,7000,7000
"Tamil Nadu",Thiruchirappalli,"Manachanallur(Uzhavar Sandhai )",Beetroot,Beetroot,Local,21/09/2026,5000,5000,5000
"Tamil Nadu",Thiruchirappalli,"Manachanallur(Uzhavar Sandhai )","Green Avare(W)","Green Avare (W)",Local,21/09/2026,9000,9000,9000
"Tamil Nadu",Thiruchirappalli,"Manachanallur(Uzhavar Sandhai )",Mango(Raw-Ripe),"Mango - Raw-Ripe",Local,21/09/2026,15000,15000,15000
"Tamil Nadu",Thiruchirappalli,"Manachanallur(Uzhavar Sandhai )",Mint(Pudina),Mint(Pudina),Local,21/09/2026,5600,5600,5600
"Tamil Nadu",Thiruchirappalli,"Manapparai(Uzhavar Sandhai )",Grapes,Annabesahai,Local,21/09/2026,9000,9000,9000
"Tamil Nadu",Thiruchirappalli,"Manapparai(Uzhavar Sandhai )",Brinjal,Other,Local,21/09/2026,3000,3000,3000
"Tamil Nadu",Thiruchirappalli,"Manapparai(Uzhavar Sandhai )",Pumpkin,Pumpkin,Local,21/09/2026,2000,2000,2000
"Tamil Nadu",Thiruchirappalli,"Manapparai(Uzhavar Sandhai )","Green Chilli","Green Chilly",Local,21/09/2026,4500,4500,4500
"Tamil Nadu",Thiruchirappalli,"Manapparai(Uzhavar Sandhai )","Banana - Green","Banana - Green",Local,21/09/2026,3000,3000,3000
"Tamil Nadu",Thiruchirappalli,"Manapparai(Uzhavar Sandhai )",Beans,"Beans (Whole)",Local,21/09/2026,8500,8500,8500
"Tamil Nadu",Thiruchirappalli,"Manapparai(Uzhavar Sandhai )",Cabbage,Cabbage,Local,21/09/2026,3000,3000,3000
"Tamil Nadu",Thiruchirappalli,"Manapparai(Uzhavar Sandhai )",Snakeguard,Snakeguard,Local,21/09/2026,3600,4000,3800
"Tamil Nadu",Thiruchirappalli,"Manapparai(Uzhavar Sandhai )","Green Avare(W)",Other,Local,21/09/2026,9000,9000,9000
"Tamil Nadu",Thiruchirappalli,"Manapparai(Uzhavar Sandhai )","Knool Khol","Knool Khol",Local,21/09/2026,3600,3600,3600
"Tamil Nadu",Thiruchirappalli,"Musiri(Uzhavar Sandhai )",Banana,Other,Local,21/09/2026,4000,5000,4500
"Tamil Nadu",Thiruchirappalli,"Musiri(Uzhavar Sandhai )",Coriander(Leaves),"I Sort",Local,21/09/2026,3000,3400,3200
"Tamil Nadu",Thiruchirappalli,"Musiri(Uzhavar Sandhai )","Bitter gourd","Bitter Gourd",Local,21/09/2026,5000,6000,5500
"Tamil Nadu",Thiruchirappalli,"Musiri(Uzhavar Sandhai )","Bottle gourd","Bottle Gourd",Local,21/09/2026,1500,2000,1750
"Tamil Nadu",Thiruchirappalli,"Musiri(Uzhavar Sandhai )",Raddish,Raddish,Local,21/09/2026,3000,3600,3300
"Tamil Nadu",Thiruchirappalli,"Musiri(Uzhavar Sandhai )",Capsicum,Capsicum,Local,21/09/2026,4000,5000,4500
"Tamil Nadu",Thiruchirappalli,"Musiri(Uzhavar Sandhai )",Drumstick,Drumstick,Local,21/09/2026,3600,4000,3800
"Tamil Nadu",Thiruchirappalli,"Musiri(Uzhavar Sandhai )","Knool Khol","Knool Khol",Local,21/09/2026,2600,3000,2800
"Tamil Nadu",Thiruchirappalli,"Musiri(Uzhavar Sandhai )",Yam(Ratalu),"Yam (Ratalu)",Local,21/09/2026,5000,5500,5250
"Tamil Nadu",Thiruchirappalli,"Musiri(Uzhavar Sandhai )",Colacasia,Colacasia,Local,21/09/2026,4500,5000,4750
"Tamil Nadu",Thiruchirappalli,"Thiruverumbur(Uzhavar Sandhai )",Brinjal,Other,Local,21/09/2026,4600,4600,4600
"Tamil Nadu",Thiruchirappalli,"Thiruverumbur(Uzhavar Sandhai )",Pumpkin,Pumpkin,Local,21/09/2026,2000,2000,2000
"Tamil Nadu",Thiruchirappalli,"Thiruverumbur(Uzhavar Sandhai )","Banana - Green","Banana - Green",Local,21/09/2026,2500,2500,2500
"Tamil Nadu",Thiruchirappalli,"Thiruverumbur(Uzhavar Sandhai )","Sweet Potato","Hosur Red",Local,21/09/2026,5000,5000,5000
"Tamil Nadu",Thiruchirappalli,"Thiruverumbur(Uzhavar Sandhai )","Green Avare(W)",Other,Local,21/09/2026,9000,9000,9000
"Tamil Nadu",Thiruchirappalli,"Thiruverumbur(Uzhavar Sandhai )",Mint(Pudina),Mint(Pudina),Local,21/09/2026,6000,6000,6000
"Tamil Nadu",Virudhunagar,"Rajapalayam(Uzhavar Sandhai )",Onion,Bellary,Local,21/09/2026,7000,7500,7250
"Tamil Nadu",Virudhunagar,"Rajapalayam(Uzhavar Sandhai )",Potato,"Red Nanital",Local,21/09/2026,3000,3500,3250
"Tamil Nadu",Virudhunagar,"Rajapalayam(Uzhavar Sandhai )",Cauliflower,Ranchi,Local,21/09/2026,2500,3000,2750
"Tamil Nadu",Virudhunagar,"Rajapalayam(Uzhavar Sandhai )","Bitter gourd","Bitter Gourd",Local,21/09/2026,8000,9000,8500
"Tamil Nadu",Virudhunagar,"Rajapalayam(Uzhavar Sandhai )",Pumpkin,Pumpkin,Local,21/09/2026,2500,3000,2750
"Tamil Nadu",Virudhunagar,"Rajapalayam(Uzhavar Sandhai )",Amaranthus,Amaranthus,Local,21/09/2026,2500,3000,2750
"Tamil Nadu",Virudhunagar,"Rajapalayam(Uzhavar Sandhai )","Banana - Green","Banana - Green",Local,21/09/2026,3000,3600,3300
"Tamil Nadu",Virudhunagar,"Rajapalayam(Uzhavar Sandhai )",Carrot,Pusakesar,Local,21/09/2026,3500,4000,3750
"Tamil Nadu",Virudhunagar,"Rajapalayam(Uzhavar Sandhai )",Drumstick,Drumstick,Local,21/09/2026,5000,6000,5500
"Tamil Nadu",Virudhunagar,"Rajapalayam(Uzhavar Sandhai )",Yam(Ratalu),"Yam (Ratalu)",Local,21/09/2026,6000,7000,6500
"Tamil Nadu",Virudhunagar,"Rajapalayam(Uzhavar Sandhai )",Colacasia,Colacasia,Local,21/09/2026,6000,7000,6500
"Tamil Nadu",Virudhunagar,"Rajapalayam(Uzhavar Sandhai )","Onion Green","Onion Green",Local,21/09/2026,8000,8500,8250
"Tamil Nadu",Virudhunagar,"Thalavaipuram(Uzhavar Sandhai )",Soyabean,Local,Local,21/09/2026,10000,12000,11000
"Tamil Nadu",Virudhunagar,"Thalavaipuram(Uzhavar Sandhai )",Cauliflower,Ranchi,Local,21/09/2026,2500,3000,2750
"Tamil Nadu",Virudhunagar,"Thalavaipuram(Uzhavar Sandhai )",Ashgourd,Gouard,Local,21/09/2026,2500,3000,2750
"Tamil Nadu",Virudhunagar,"Thalavaipuram(Uzhavar Sandhai )",Beans,"Beans (Whole)",Local,21/09/2026,8000,10000,9000
"Tamil Nadu",Virudhunagar,"Thalavaipuram(Uzhavar Sandhai )",Coconut,Coconut,Local,21/09/2026,5000,6000,5500
"Tamil Nadu",Virudhunagar,"Thalavaipuram(Uzhavar Sandhai )",Beetroot,Beetroot,Local,21/09/2026,4500,5000,4750
"Tamil Nadu",Virudhunagar,"Thalavaipuram(Uzhavar Sandhai )",Raddish,Raddish,Local,21/09/2026,3000,3500,3250
"Tamil Nadu",Virudhunagar,"Thalavaipuram(Uzhavar Sandhai )",Guava,"Guava Allahabad",Local,21/09/2026,3500,4000,3750
"Tamil Nadu",Virudhunagar,"Thalavaipuram(Uzhavar Sandhai )",Yam(Ratalu),"Yam (Ratalu)",Local,21/09/2026,6000,7000,6500
"Tamil Nadu",Virudhunagar,"Thalavaipuram(Uzhavar Sandhai )",Mint(Pudina),Mint(Pudina),Local,21/09/2026,6000,7000,6500
"Tamil Nadu",Chengalpattu,"Nanganallur(Uzhavar Sandhai )",Coriander(Leaves),"I Sort",Local,21/09/2026,2500,3000,2750
"Tamil Nadu",Chengalpattu,"Nanganallur(Uzhavar Sandhai )","Cluster beans","Cluster Beans",Local,21/09/2026,5500,6000,5750
"Tamil Nadu",Chengalpattu,"Nanganallur(Uzhavar Sandhai )",Tapioca,Tapioca,Local,21/09/2026,4500,5000,4750
"Tamil Nadu",Chengalpattu,"Nanganallur(Uzhavar Sandhai )",Beetroot,Beetroot,Local,21/09/2026,5500,6000,5750
"Tamil Nadu",Chengalpattu,"Nanganallur(Uzhavar Sandhai )",Drumstick,Drumstick,Local,21/09/2026,4500,5000,4750
"Tamil Nadu",Chengalpattu,"Nanganallur(Uzhavar Sandhai )",Marigold(Calcutta),Marigold(Calcutta),Local,21/09/2026,32000,35000,33500
"Tamil Nadu",Chengalpattu,"Nanganallur(Uzhavar Sandhai )",Lemon,Lemon,Local,21/09/2026,15000,16000,15500
"Tamil Nadu",Chengalpattu,"Nanganallur(Uzhavar Sandhai )",Colacasia,Colacasia,Local,21/09/2026,5500,6000,5750
"Tamil Nadu",Chengalpattu,"Pallavaram(Uzhavar Sandhai )",Potato,"Red Nanital",Local,21/09/2026,2500,3000,2750
"Tamil Nadu",Chengalpattu,"Pallavaram(Uzhavar Sandhai )",Garlic,Garlic,Local,21/09/2026,25000,30000,27500
"Tamil Nadu",Chengalpattu,"Pallavaram(Uzhavar Sandhai )","Bitter gourd","Bitter Gourd",Local,21/09/2026,5000,6000,5500
"Tamil Nadu",Chengalpattu,"Pallavaram(Uzhavar Sandhai )","Green Chilli","Green Chilly",Local,21/09/2026,5000,6000,5500
"Tamil Nadu",Chengalpattu,"Pallavaram(Uzhavar Sandhai )",Ginger(Green),"Green Ginger",Local,21/09/2026,16000,18000,17000
"Tamil Nadu",Chengalpattu,"Pallavaram(Uzhavar Sandhai )",Carrot,Pusakesar,Local,21/09/2026,6000,7800,6900
"Tamil Nadu",Chengalpattu,"Pallavaram(Uzhavar Sandhai )",Raddish,Raddish,Local,21/09/2026,3500,4000,3750
"Tamil Nadu",Chengalpattu,"Pallavaram(Uzhavar Sandhai )",Capsicum,Capsicum,Local,21/09/2026,6000,7000,6500
"Tamil Nadu",Chengalpattu,"Pallavaram(Uzhavar Sandhai )","Knool Khol","Knool Khol",Local,21/09/2026,6000,7000,6500
"Tamil Nadu",Chengalpattu,"Pallavaram(Uzhavar Sandhai )",Colacasia,Colacasia,Local,21/09/2026,4000,5000,4500
"Tamil Nadu",Chengalpattu,"Pallavaram(Uzhavar Sandhai )","Amla(Nelli Kai)",Amla,Local,21/09/2026,12000,14000,13000
"Tamil Nadu","Nagercoil (Kannyiakumari)","Myladi(Uzhavar Sandhai )",Onion,Bellary,Local,21/09/2026,7000,8000,7500
"Tamil Nadu","Nagercoil (Kannyiakumari)","Myladi(Uzhavar Sandhai )",Brinjal,Round,Local,21/09/2026,4500,5000,4750
"Tamil Nadu","Nagercoil (Kannyiakumari)","Myladi(Uzhavar Sandhai )","Bitter gourd","Bitter Gourd",Local,21/09/2026,5000,6000,5500
"Tamil Nadu","Nagercoil (Kannyiakumari)","Myladi(Uzhavar Sandhai )",Amaranthus,Amaranthus,Local,21/09/2026,1200,1500,1350
"Tamil Nadu","Nagercoil (Kannyiakumari)","Myladi(Uzhavar Sandhai )",Coconut,Coconut,Local,21/09/2026,6000,6300,6150
"Tamil Nadu","Nagercoil (Kannyiakumari)","Myladi(Uzhavar Sandhai )",Drumstick,Drumstick,Local,21/09/2026,4500,5000,4750
"Tamil Nadu","Nagercoil (Kannyiakumari)","Myladi(Uzhavar Sandhai )","Elephant Yam(Suran)/Amorphophallus","Elephant Yam (Suran)",Local,21/09/2026,5500,6000,5750
"Tamil Nadu",Chengalpattu,"Jameenrayapettai(Uzhavar Sandhai )",Apple,American,Local,21/09/2026,20000,22000,21000
"Tamil Nadu",Chengalpattu,"Jameenrayapettai(Uzhavar Sandhai )",Brinjal,Round,Local,21/09/2026,3500,4000,3750
"Tamil Nadu",Chengalpattu,"Jameenrayapettai(Uzhavar Sandhai )","Bitter gourd","Bitter Gourd",Local,21/09/2026,5000,6000,5500
"Tamil Nadu",Chengalpattu,"Jameenrayapettai(Uzhavar Sandhai )","Bhindi(Ladies Finger)",Bhindi,Local,21/09/2026,4000,5000,4500
"Tamil Nadu",Chengalpattu,"Jameenrayapettai(Uzhavar Sandhai )",Beetroot,Beetroot,Local,21/09/2026,4000,5000,4500
"Tamil Nadu",Villupuram,"Avalurpet APMC",Paddy(Common),Other,Local,21/09/2026,2100,3507,2803.5
"Tamil Nadu",Villupuram,"Ulundurpettai APMC",Pumpkin,Pumpkin,Local,21/09/2026,2500,2500,2500
"Tamil Nadu",Villupuram,"Ulundurpettai APMC",Ginger(Green),"Green Ginger",Local,21/09/2026,11000,11000,11000
"Tamil Nadu",Villupuram,"Ulundurpettai APMC",Guava,"Guava Allahabad",Local,21/09/2026,5000,5000,5000
"Tamil Nadu",Villupuram,"Ulundurpettai APMC","Tender Coconut","Tender Coconut",Local,21/09/2026,3000,3000,3000
"Tamil Nadu",Villupuram,"Vikkiravandi APMC",Maize,Other,Local,21/09/2026,2089,2479,2284
Karnataka,"Bengaluru Rural","Doddaballapur APMC",Cauliflower,Cauliflower,Medium,21/09/2026,1400,2000,1700
Karnataka,"Bengaluru Rural","Doddaballapur APMC",Tomato,Tomato,Medium,21/09/2026,1000,1600,1300
Karnataka,"Bengaluru Rural","Doddaballapur APMC","Bitter gourd","Bitter Gourd",Medium,21/09/2026,2500,3000,2700
Karnataka,"Bengaluru Rural","Doddaballapur APMC",Ginger(Green),"Green Ginger",Medium,21/09/2026,10000,16000,13000
Karnataka,"Bengaluru Rural","Doddaballapur APMC",Carrot,Other,Medium,21/09/2026,3000,4000,3600
Karnataka,"Bengaluru Rural","Doddaballapur APMC",Beetroot,Beetroot,Medium,21/09/2026,3000,3500,3200
Karnataka,"Bengaluru Rural","Doddaballapur APMC","Knool Khol","Knool Khol",Medium,21/09/2026,2000,2600,2300
Gujarat,Gandhinagar,"Mansa(Manas Veg Yard) APMC",Ridgeguard(Tori),Other,Local,21/09/2026,1500,2000,2000
Gujarat,Rajkot,"Dhoraji APMC",Wheat,Milbar,Non-FAQ,21/09/2026,2560,2820,2725
Gujarat,Amreli,"Babra APMC",Wheat,Medium,FAQ,21/09/2026,2400,2675,2535
Gujarat,Amreli,"Babra APMC",Cotton,"Shanker 6 (B) 30mm FIne",FAQ,21/09/2026,8850,10100,9475
Gujarat,Amreli,"Damnagar APMC","Bhindi(Ladies Finger)",Bhindi,Local,21/09/2026,3000,3000,3000
Gujarat,Amreli,"Damnagar APMC",Coriander(Leaves),Coriander,Local,21/09/2026,4000,4000,4000
Gujarat,Rajkot,"Gondal(Veg.market Gondal) APMC",Carrot,Carrot,Local,21/09/2026,900,3500,2200
Gujarat,Rajkot,"Gondal(Veg.market Gondal) APMC",Potato,Potato,Local,21/09/2026,700,1300,1000
"Tamil Nadu",Madurai,"Chokkikulam(Uzhavar Sandhai )",Onion,Bellary,Local,21/09/2026,5000,6500,5750
"Tamil Nadu",Madurai,"Chokkikulam(Uzhavar Sandhai )",Garlic,Garlic,Local,21/09/2026,14000,27000,20500
"Tamil Nadu",Madurai,"Chokkikulam(Uzhavar Sandhai )",Brinjal,Round,Local,21/09/2026,4000,5000,4500
"Tamil Nadu",Madurai,"Chokkikulam(Uzhavar Sandhai )",Coriander(Leaves),"I Sort",Local,21/09/2026,5000,5500,5250
"Tamil Nadu",Madurai,"Chokkikulam(Uzhavar Sandhai )","Green Peas","Green Peas",Local,21/09/2026,12000,15000,13500
"Tamil Nadu",Madurai,"Chokkikulam(Uzhavar Sandhai )",Chikoos(Sapota),Sapota,Local,21/09/2026,4000,6000,5000
"Tamil Nadu",Madurai,"Chokkikulam(Uzhavar Sandhai )","Water Melon","Water Melon",Local,21/09/2026,2000,2500,2250
"Tamil Nadu",Madurai,"Chokkikulam(Uzhavar Sandhai )","Cluster beans","Cluster Beans",Local,21/09/2026,3600,4000,3800
"Tamil Nadu",Madurai,"Chokkikulam(Uzhavar Sandhai )",Tapioca,Tapioca,Local,21/09/2026,3600,4000,3800
"Tamil Nadu",Madurai,"Chokkikulam(Uzhavar Sandhai )","Betal Leaves",Mysore,Local,21/09/2026,24000,28000,26000
"Tamil Nadu",Madurai,"Chokkikulam(Uzhavar Sandhai )",Carrot,Pusakesar,Local,21/09/2026,2800,4500,3650
"Tamil Nadu",Madurai,"Chokkikulam(Uzhavar Sandhai )",Drumstick,Drumstick,Local,21/09/2026,4000,6000,5000
Gujarat,Amreli,"The Agricultural Produce Market Committee-Amreli",Groundnut,Other,FAQ,21/09/2026,4500,7425,7275
Karnataka,Raichur,"Lingasugur APMC","Bengal Gram(Gram)(Whole)","Average (Whole)",Non-FAQ,21/09/2026,6500,6500,6500
Gujarat,Surat,"Surat APMC","Bitter gourd","Bitter Gourd",FAQ,21/09/2026,1500,3500,2500
Gujarat,Surat,"Surat APMC",Cauliflower,Cauliflower,FAQ,21/09/2026,1000,2000,1500
Gujarat,Surat,"Surat APMC","Elephant Yam(Suran)/Amorphophallus",Other,FAQ,21/09/2026,2500,3500,3000
Gujarat,Surat,"Surat APMC",Cucumbar(Kheera),Cucumbar,FAQ,21/09/2026,1000,3000,2000
Gujarat,Surat,"Surat APMC","Indian Beans(Seam)",Other,FAQ,21/09/2026,2000,5000,3500
Gujarat,Surat,"Surat APMC",Pumpkin,Other,FAQ,21/09/2026,900,1800,1350
Telangana,Warangal,"Warangal APMC",Beetroot,Beetroot,FAQ,21/09/2026,2500,3000,2750
Haryana,Fatehabad,"Fatehabad APMC",Cucumbar(Kheera),Other,Local,21/09/2026,3000,3000,3000
Haryana,Fatehabad,"Fatehabad APMC",Tomato,Other,Local,21/09/2026,2000,2000,2000
Haryana,Fatehabad,"Fatehabad APMC",Banana,Other,Local,21/09/2026,2000,2000,2000
"Andhra Pradesh",Prakasam,"Kandukur APMC",Paddy(Common),Other,Local,21/09/2026,2450,2550,2500
"Andhra Pradesh",Markapuram,"Cumbum APMC","Bengal Gram(Gram)(Whole)","Desi (Whole)",FAQ,21/09/2026,5700,5900,5800
"Andhra Pradesh",Annamayya,"Lakkireddipally APMC","Ground Nut Seed","Ground Nut Seed","Grade Range-3",21/09/2026,11000,11200,11100
"Andhra Pradesh",Ananthapuramu,"Anantapur APMC","Mousambi(Sweet Lime)",Mousambi,"Grade B",21/09/2026,800,1500,1150
"Andhra Pradesh",Ananthapuramu,"Tadipatri APMC","Bengal Gram(Gram)(Whole)","Bengal Gram (Split)","Grade Range-1",21/09/2026,5700,5850,5800
"Andhra Pradesh",Ananthapuramu,"Urvakonda APMC","Bengal Gram(Gram)(Whole)",Gulabi,Local,21/09/2026,6300,6500,6400
Tripura,Dhalai,"Chowmanu APMC","Bitter gourd","Bitter Gourd",Local,21/09/2026,7000,8000,7500
Tripura,Dhalai,"Chowmanu APMC",Brinjal,Round/Long,Local,21/09/2026,4000,5000,4500
Uttarakhand,Haridwar,"Roorkee APMC",Banana,Other,Medium,21/09/2026,800,1200,1000
Uttarakhand,Haridwar,"Roorkee APMC","Bhindi(Ladies Finger)",Other,Local,21/09/2026,1000,1600,1300
Maharashtra,Pune,"Pune(Moshi) ",Raddish,Other,Local,21/09/2026,10,10,10
Maharashtra,Pune,"Pune(Moshi) ",Ridgeguard(Tori),Other,Local,21/09/2026,3000,4000,3500
Maharashtra,Pune,"Pune(Moshi) ",Potato,Local,Local,21/09/2026,1000,1200,1100
Maharashtra,Pune,"Pune(Moshi) ",Beetroot,Other,Local,21/09/2026,2000,3000,2500
Maharashtra,Pune,"Pune(Moshi) ",Carrot,Other,Local,21/09/2026,2000,3000,2500
Maharashtra,Pune,"Pune(Moshi) ",Beans,Other,Local,21/09/2026,3000,5000,4000
Maharashtra,Pune,"Pune(Moshi) ",Cucumbar(Kheera),Other,Local,21/09/2026,1000,3000,2000
Maharashtra,Ratnagiri,"APMC Ratnagiri (Nachane) ","French Beans(Frasbean)",Other,Local,21/09/2026,3000,4000,3500
Maharashtra,Ratnagiri,"APMC Ratnagiri (Nachane) ",Cucumbar(Kheera),Other,Local,21/09/2026,1500,2000,1800
"Tamil Nadu",Erode,"Thalavadi(Uzhavar Sandhai )",Brinjal,Round,Local,21/09/2026,2800,3200,3000
"Tamil Nadu",Erode,"Thalavadi(Uzhavar Sandhai )",Coriander(Leaves),"I Sort",Local,21/09/2026,4000,4500,4250
"Tamil Nadu",Erode,"Thalavadi(Uzhavar Sandhai )","Bitter gourd",Other,Local,21/09/2026,4400,4800,4600
"Tamil Nadu",Erode,"Thalavadi(Uzhavar Sandhai )",Ashgourd,Gouard,Local,21/09/2026,1400,1800,1600
"Tamil Nadu",Erode,"Thalavadi(Uzhavar Sandhai )","Green Chilli","Green Chilly",Local,21/09/2026,3500,4000,3750
"Tamil Nadu",Erode,"Thalavadi(Uzhavar Sandhai )",Cabbage,Cabbage,Local,21/09/2026,1400,1800,1600
"Tamil Nadu",Erode,"Thalavadi(Uzhavar Sandhai )",Ridgeguard(Tori),Ridgeguard(Tori),Local,21/09/2026,3000,3600,3300
"Tamil Nadu",Erode,"Thalavadi(Uzhavar Sandhai )","Onion Green","Onion Green",Local,21/09/2026,6500,7000,6750
"Tamil Nadu",Erode,"Thalavadi(Uzhavar Sandhai )",Mint(Pudina),Mint(Pudina),Local,21/09/2026,4400,4800,4600
"Tamil Nadu",Cuddalore,"Viruthachalam(Uzhavar Sandhai )",Brinjal,Round,Local,21/09/2026,4000,4000,4000
"Tamil Nadu",Cuddalore,"Viruthachalam(Uzhavar Sandhai )",Coriander(Leaves),"I Sort",Local,21/09/2026,5000,5000,5000
"Tamil Nadu",Cuddalore,"Viruthachalam(Uzhavar Sandhai )",Tomato,Deshi,Local,21/09/2026,3000,3000,3000
"Tamil Nadu",Cuddalore,"Viruthachalam(Uzhavar Sandhai )","Cluster beans","Cluster Beans",Local,21/09/2026,4000,4000,4000
"Tamil Nadu",Cuddalore,"Viruthachalam(Uzhavar Sandhai )","Banana - Green","Banana - Green",Local,21/09/2026,2500,3000,2750
"Tamil Nadu",Cuddalore,"Viruthachalam(Uzhavar Sandhai )",Beetroot,Beetroot,Local,21/09/2026,6000,6000,6000
"Tamil Nadu",Cuddalore,"Viruthachalam(Uzhavar Sandhai )","Onion Green","Onion Green",Local,21/09/2026,9000,9000,9000
"Tamil Nadu",Cuddalore,"Viruthachalam(Uzhavar Sandhai )",Mint(Pudina),Mint(Pudina),Local,21/09/2026,5000,5000,5000
"Tamil Nadu",Krishnagiri,"Krishnagiri(Uzhavar Sandhai )",Banana,Besrai,Local,21/09/2026,6000,7000,6500
"Tamil Nadu",Krishnagiri,"Krishnagiri(Uzhavar Sandhai )",Cauliflower,Ranchi,Local,21/09/2026,2500,3000,2750
"Tamil Nadu",Krishnagiri,"Krishnagiri(Uzhavar Sandhai )",Cowpea(Veg),"Cowpea (Veg)",Local,21/09/2026,5000,5500,5250
"Tamil Nadu",Krishnagiri,"Krishnagiri(Uzhavar Sandhai )",Ridgeguard(Tori),Ridgeguard(Tori),Local,21/09/2026,2000,2600,2300
"Tamil Nadu",Krishnagiri,"Krishnagiri(Uzhavar Sandhai )","Green Avare(W)","Green Avare (W)",Local,21/09/2026,3000,4000,3500
"Tamil Nadu",Krishnagiri,"Krishnagiri(Uzhavar Sandhai )","Indian Beans(Seam)","Indian Beans (Seam)",Local,21/09/2026,2500,3000,2750
"Tamil Nadu",Krishnagiri,"Krishnagiri(Uzhavar Sandhai )",Lemon,Lemon,Local,21/09/2026,20000,22000,21000
"Tamil Nadu",Krishnagiri,"Krishnagiri(Uzhavar Sandhai )","Sweet Corn ","Sweet Corn ",Local,21/09/2026,2500,3000,2750
"Tamil Nadu",Nagapattinam,"Nagapattinam(Uzhavar Sandhai )",Groundnut,"Big (With Shell)",Local,21/09/2026,5000,6000,5500
"Tamil Nadu",Nagapattinam,"Nagapattinam(Uzhavar Sandhai )",Garlic,Garlic,Local,21/09/2026,17700,20000,18850
"Tamil Nadu",Nagapattinam,"Nagapattinam(Uzhavar Sandhai )",Ashgourd,Gouard,Local,21/09/2026,2800,2800,2800
"Tamil Nadu",Nagapattinam,"Nagapattinam(Uzhavar Sandhai )",Amaranthus,Amaranthus,Local,21/09/2026,2200,2800,2500
"Tamil Nadu",Nagapattinam,"Nagapattinam(Uzhavar Sandhai )",Carrot,Pusakesar,Local,21/09/2026,6800,7500,7150
"Tamil Nadu",Nagapattinam,"Nagapattinam(Uzhavar Sandhai )",Beetroot,Beetroot,Local,21/09/2026,3900,3900,3900
"Tamil Nadu",Nagapattinam,"Nagapattinam(Uzhavar Sandhai )","Chow Chow","Chow Chow",Local,21/09/2026,2600,2600,2600
"Tamil Nadu",Nagapattinam,"Nagapattinam(Uzhavar Sandhai )",Lime,Lime,Local,21/09/2026,2700,2700,2700
"Tamil Nadu",Nagapattinam,"Nagapattinam(Uzhavar Sandhai )","Tamarind Fruit","Tamarind Fruit",Local,21/09/2026,14600,16000,15300
"Tamil Nadu",Pudukkottai,"Pudukottai(Uzhavar Sandhai )","Mousambi(Sweet Lime)",Mousambi,Local,21/09/2026,5000,6000,5500
"Tamil Nadu",Pudukkottai,"Pudukottai(Uzhavar Sandhai )","Bitter gourd","Bitter Gourd",Local,21/09/2026,7000,8000,7500
"Tamil Nadu",Pudukkottai,"Pudukottai(Uzhavar Sandhai )","Bhindi(Ladies Finger)",Bhindi,Local,21/09/2026,3000,3500,3250
"Tamil Nadu",Pudukkottai,"Pudukottai(Uzhavar Sandhai )",Carrot,Pusakesar,Local,21/09/2026,5000,6000,5500
"Tamil Nadu",Pudukkottai,"Pudukottai(Uzhavar Sandhai )",Snakeguard,Snakeguard,Local,21/09/2026,3000,3500,3250
"Tamil Nadu",Pudukkottai,"Pudukottai(Uzhavar Sandhai )",Raddish,Raddish,Local,21/09/2026,3000,3500,3250
"Tamil Nadu",Pudukkottai,"Pudukottai(Uzhavar Sandhai )",Thondekai,Thondekai,Local,21/09/2026,4000,5000,4500
"Tamil Nadu",Pudukkottai,"Pudukottai(Uzhavar Sandhai )",Capsicum,Capsicum,Local,21/09/2026,5000,6000,5500
"Tamil Nadu",Pudukkottai,"Pudukottai(Uzhavar Sandhai )","Chow Chow","Chow Chow",Local,21/09/2026,4000,4500,4250
"Tamil Nadu",Pudukkottai,"Pudukottai(Uzhavar Sandhai )",Drumstick,Drumstick,Local,21/09/2026,5000,6000,5500
"Tamil Nadu",Pudukkottai,"Pudukottai(Uzhavar Sandhai )",Mango(Raw-Ripe),"Mango - Raw-Ripe",Local,21/09/2026,10000,12000,11000
"Tamil Nadu",Pudukkottai,"Pudukottai(Uzhavar Sandhai )","Tamarind Fruit","Tamarind Fruit",Local,21/09/2026,6000,7000,6500
"Tamil Nadu",Thanjavur,"Kumbakonam (Uzhavar Sandhai )",Brinjal,Round,Local,21/09/2026,4800,6000,5400
"Tamil Nadu",Thanjavur,"Kumbakonam (Uzhavar Sandhai )",Papaya,Papaya,Local,21/09/2026,4000,4000,4000
"Tamil Nadu",Thanjavur,"Kumbakonam (Uzhavar Sandhai )","Bitter gourd","Bitter Gourd",Local,21/09/2026,7200,7200,7200
"Tamil Nadu",Thanjavur,"Kumbakonam (Uzhavar Sandhai )",Coconut,Coconut,Local,21/09/2026,6000,6000,6000
"Tamil Nadu",Thanjavur,"Kumbakonam (Uzhavar Sandhai )",Cabbage,Cabbage,Local,21/09/2026,3000,3000,3000
"Tamil Nadu",Thanjavur,"Kumbakonam (Uzhavar Sandhai )",Ridgeguard(Tori),Ridgeguard(Tori),Local,21/09/2026,7200,7200,7200
"Tamil Nadu",Thanjavur,"Kumbakonam (Uzhavar Sandhai )","Green Avare(W)","Green Avare (W)",Local,21/09/2026,8400,10800,9600
"Tamil Nadu",Thanjavur,"Kumbakonam (Uzhavar Sandhai )",Guava,"Guava Allahabad",Local,21/09/2026,8000,8000,8000
"Tamil Nadu",Thanjavur,"Kumbakonam (Uzhavar Sandhai )","Elephant Yam(Suran)/Amorphophallus","Elephant Yam (Suran)",Local,21/09/2026,4800,4800,4800
"Tamil Nadu",Thanjavur,"Kumbakonam (Uzhavar Sandhai )",Yam(Ratalu),"Yam (Ratalu)",Local,21/09/2026,9600,9600,9600
"Tamil Nadu",Thanjavur,"Kumbakonam (Uzhavar Sandhai )",Colacasia,Colacasia,Local,21/09/2026,6000,6000,6000
"Tamil Nadu","The Nilgiris","Udhagamandalam(Uzhavar Sandhai )",Potato,Other,Local,21/09/2026,4000,5000,4500
"Tamil Nadu","The Nilgiris","Udhagamandalam(Uzhavar Sandhai )",Coriander(Leaves),"I Sort",Local,21/09/2026,6500,7000,6750
"Tamil Nadu","The Nilgiris","Udhagamandalam(Uzhavar Sandhai )",Tomato,Deshi,Local,21/09/2026,2500,3000,2750
"Tamil Nadu","The Nilgiris","Udhagamandalam(Uzhavar Sandhai )","Banana - Green","Banana - Green",Local,21/09/2026,4000,4500,4250
"Tamil Nadu","The Nilgiris","Udhagamandalam(Uzhavar Sandhai )",Coconut,Coconut,Local,21/09/2026,6000,6500,6250
"Tamil Nadu","The Nilgiris","Udhagamandalam(Uzhavar Sandhai )",Beetroot,Beetroot,Local,21/09/2026,4000,4500,4250
"Tamil Nadu","The Nilgiris","Udhagamandalam(Uzhavar Sandhai )",Thondekai,Thondekai,Local,21/09/2026,3000,4000,3500
"Tamil Nadu","The Nilgiris","Udhagamandalam(Uzhavar Sandhai )",Capsicum,Capsicum,Local,21/09/2026,5500,6000,5750
"Tamil Nadu","The Nilgiris","Udhagamandalam(Uzhavar Sandhai )",Mango(Raw-Ripe),"Mango - Raw-Ripe",Local,21/09/2026,8000,10000,9000
"Tamil Nadu","The Nilgiris","Udhagamandalam(Uzhavar Sandhai )","Knool Khol","Knool Khol",Local,21/09/2026,4000,4500,4250
"Tamil Nadu","The Nilgiris","Udhagamandalam(Uzhavar Sandhai )",Guava,"Guava Allahabad",Local,21/09/2026,7000,8000,7500
"Tamil Nadu","The Nilgiris","Udhagamandalam(Uzhavar Sandhai )",Turnip,Turnip,Local,21/09/2026,3500,4000,3750
"Tamil Nadu",Theni,"Bodinayakanur(Uzhavar Sandhai )",Amaranthus,Amaranthus,Local,21/09/2026,2500,2500,2500
"Tamil Nadu",Theni,"Bodinayakanur(Uzhavar Sandhai )",Cowpea(Veg),"Cowpea (Veg)",Local,21/09/2026,4000,4000,4000
"Tamil Nadu",Theni,"Bodinayakanur(Uzhavar Sandhai )",Mint(Pudina),Mint(Pudina),Local,21/09/2026,5400,5400,5400
Punjab,"Ropar (Rupnagar)","Morinda APMC",Cauliflower,Cauliflower,Medium,21/09/2026,4000,4000,4000
Punjab,"Ropar (Rupnagar)","Morinda APMC",Banana,Medium,Medium,21/09/2026,3000,3000,3000
Punjab,"Ropar (Rupnagar)","Morinda APMC",Guava,Guava,Local,21/09/2026,4000,4000,4000
Punjab,"Ropar (Rupnagar)","Morinda APMC","Bottle gourd","Bottle Gourd",Local,21/09/2026,1500,1800,1650
Punjab,"Ropar (Rupnagar)","Morinda APMC",Spinach,Spinach,Local,21/09/2026,2000,2000,2000
Punjab,"Ropar (Rupnagar)","Morinda APMC",Tomato,Tomato,Medium,21/09/2026,4500,5000,4750
"Tamil Nadu",Thiruvarur,"Tiruvarur(Uzhavar Sandhai )",Mango(Raw-Ripe),"Mango - Raw-Ripe",Local,21/09/2026,9000,9000,9000
"Tamil Nadu",Thiruvarur,"Tiruvarur(Uzhavar Sandhai )",Mint(Pudina),Mint(Pudina),Local,21/09/2026,6000,6000,6000
"Tamil Nadu",Virudhunagar,"Aruppukottai(Uzhavar Sandhai )",Banana,Besrai,Local,21/09/2026,3500,4000,3750
"Tamil Nadu",Virudhunagar,"Aruppukottai(Uzhavar Sandhai )",Tomato,Deshi,Local,21/09/2026,2000,2500,2250
"Tamil Nadu",Virudhunagar,"Aruppukottai(Uzhavar Sandhai )","Cluster beans","Cluster Beans",Local,21/09/2026,3000,3500,3250
"Tamil Nadu",Virudhunagar,"Aruppukottai(Uzhavar Sandhai )","Bitter gourd",Other,Local,21/09/2026,7500,8000,7750
"Tamil Nadu",Virudhunagar,"Aruppukottai(Uzhavar Sandhai )",Coconut,Coconut,Local,21/09/2026,5500,6000,5750
"Tamil Nadu",Virudhunagar,"Aruppukottai(Uzhavar Sandhai )",Ridgeguard(Tori),Ridgeguard(Tori),Local,21/09/2026,5500,6000,5750
"Tamil Nadu",Virudhunagar,"Aruppukottai(Uzhavar Sandhai )","Green Avare(W)","Green Avare (W)",Local,21/09/2026,11000,12000,11500
"Tamil Nadu",Virudhunagar,"Aruppukottai(Uzhavar Sandhai )",Drumstick,Drumstick,Local,21/09/2026,4500,5000,4750
"Tamil Nadu",Virudhunagar,"Aruppukottai(Uzhavar Sandhai )",Colacasia,Colacasia,Local,21/09/2026,6500,7000,6750
"Tamil Nadu",Villupuram,"Gingee(Uzhavar Sandhai )",Potato,"Red Nanital",Local,21/09/2026,4000,4000,4000
"Tamil Nadu",Villupuram,"Gingee(Uzhavar Sandhai )",Brinjal,Round,Local,21/09/2026,4000,5000,4500
"Tamil Nadu",Villupuram,"Gingee(Uzhavar Sandhai )",Cabbage,Cabbage,Local,21/09/2026,4000,4000,4000
"Tamil Nadu",Villupuram,"Gingee(Uzhavar Sandhai )","Tender Coconut","Tender Coconut",Local,21/09/2026,3500,4000,3750
"Tamil Nadu",Villupuram,"Gingee(Uzhavar Sandhai )","Onion Green","Onion Green",Local,21/09/2026,7500,7500,7500
"Tamil Nadu",Thiruvarur,"Valangaiman APMC","Bhindi(Ladies Finger)",Bhindi,Local,21/09/2026,4000,4000,4000
"Madhya Pradesh",Shivpuri,"Karera(F&V) APMC",Potato,Potato,Local,21/09/2026,600,1300,800
"Tamil Nadu",Madurai,"Thirumangalam(Uzhavar Sandhai )","Bhindi(Ladies Finger)",Bhindi,Local,21/09/2026,2800,3000,2900
"Tamil Nadu",Madurai,"Thirumangalam(Uzhavar Sandhai )",Ridgeguard(Tori),Ridgeguard(Tori),Local,21/09/2026,4000,4500,4250
"Tamil Nadu",Madurai,"Thirumangalam(Uzhavar Sandhai )",Yam(Ratalu),"Yam (Ratalu)",Local,21/09/2026,6500,7000,6750
"Tamil Nadu",Madurai,"Melur(Uzhavar Sandhai )",Brinjal,Round,Local,21/09/2026,3600,4000,3800
"Tamil Nadu",Madurai,"Melur(Uzhavar Sandhai )",Snakeguard,Snakeguard,Local,21/09/2026,3600,4000,3800
"Tamil Nadu",Madurai,"Melur(Uzhavar Sandhai )",Cucumbar(Kheera),Cucumbar,Local,21/09/2026,4000,5000,4500
"Tamil Nadu",Madurai,"Melur(Uzhavar Sandhai )",Thondekai,Thondekai,Local,21/09/2026,5500,6000,5750
"Tamil Nadu",Madurai,"Melur(Uzhavar Sandhai )",Drumstick,Drumstick,Local,21/09/2026,5000,6000,5500
"Tamil Nadu",Madurai,"Melur(Uzhavar Sandhai )",Lime,Lime,Local,21/09/2026,3600,4000,3800
"Tamil Nadu",Madurai,"Melur(Uzhavar Sandhai )","Onion Green","Onion Green",Local,21/09/2026,8000,9000,8500
"Tamil Nadu",Karur,"Gandhigramam(Uzhavar Sandhai)","Green Chilli","Green Chilly",Local,21/09/2026,5500,6000,5750
"Tamil Nadu",Karur,"Gandhigramam(Uzhavar Sandhai)",Beans,"Beans (Whole)",Local,21/09/2026,7000,8000,7500
"Tamil Nadu",Karur,"Gandhigramam(Uzhavar Sandhai)",Snakeguard,Snakeguard,Local,21/09/2026,3000,3500,3250
"Tamil Nadu",Karur,"Gandhigramam(Uzhavar Sandhai)",Beetroot,Beetroot,Local,21/09/2026,6500,7000,6750
"Tamil Nadu",Karur,"Gandhigramam(Uzhavar Sandhai)",Thondekai,Thondekai,Local,21/09/2026,4500,5000,4750
"Tamil Nadu",Karur,"Gandhigramam(Uzhavar Sandhai)","Chow Chow","Chow Chow",Local,21/09/2026,3500,4000,3750
"Tamil Nadu",Karur,"Gandhigramam(Uzhavar Sandhai)",Drumstick,Drumstick,Local,21/09/2026,2500,3000,2750
"Tamil Nadu",Karur,"Gandhigramam(Uzhavar Sandhai)","Elephant Yam(Suran)/Amorphophallus","Elephant Yam (Suran)",Local,21/09/2026,4000,5000,4500
"Tamil Nadu",Salem,"Vazhapadi(Uzhavar Sandhai)",Banana,"Red Banana",Local,21/09/2026,8000,8000,8000
"Tamil Nadu",Salem,"Vazhapadi(Uzhavar Sandhai)",Cauliflower,Ranchi,Local,21/09/2026,3000,3000,3000
"Tamil Nadu",Salem,"Vazhapadi(Uzhavar Sandhai)",Brinjal,Other,Local,21/09/2026,3000,3000,3000
"Tamil Nadu",Salem,"Vazhapadi(Uzhavar Sandhai)",Coriander(Leaves),"I Sort",Local,21/09/2026,6000,6000,6000
"Tamil Nadu",Salem,"Vazhapadi(Uzhavar Sandhai)",Papaya,Papaya,Local,21/09/2026,4000,4000,4000
"Tamil Nadu",Salem,"Vazhapadi(Uzhavar Sandhai)","Cluster beans","Cluster Beans",Local,21/09/2026,3000,3000,3000
"Tamil Nadu",Salem,"Vazhapadi(Uzhavar Sandhai)","Bottle gourd","Bottle Gourd",Local,21/09/2026,2000,3000,2500
"Tamil Nadu",Salem,"Vazhapadi(Uzhavar Sandhai)","Green Chilli","Green Chilly",Local,21/09/2026,4000,5000,4500
"Tamil Nadu",Salem,"Vazhapadi(Uzhavar Sandhai)","Banana - Green","Banana - Green",Local,21/09/2026,2500,3000,2750
"Tamil Nadu",Salem,"Vazhapadi(Uzhavar Sandhai)",Beans,"Beans (Whole)",Local,21/09/2026,8000,9000,8500
"Tamil Nadu",Salem,"Vazhapadi(Uzhavar Sandhai)",Carrot,Pusakesar,Local,21/09/2026,5000,5500,5250
"Tamil Nadu",Salem,"Vazhapadi(Uzhavar Sandhai)",Ridgeguard(Tori),Ridgeguard(Tori),Local,21/09/2026,3500,4000,3750
"Tamil Nadu",Salem,"Vazhapadi(Uzhavar Sandhai)","Green Avare(W)","Green Avare (W)",Local,21/09/2026,7000,8000,7500
"Tamil Nadu",Salem,"Vazhapadi(Uzhavar Sandhai)","Onion Green","Onion Green",Local,21/09/2026,7000,8000,7500
"Tamil Nadu",Pudukkottai,"Aranthangi(Uzhavar Sandhai )",Onion,Bellary,Local,21/09/2026,6000,7000,6500
"Tamil Nadu",Pudukkottai,"Aranthangi(Uzhavar Sandhai )",Coriander(Leaves),"I Sort",Local,21/09/2026,4500,5000,4750
"Tamil Nadu",Pudukkottai,"Aranthangi(Uzhavar Sandhai )","Cluster beans","Cluster Beans",Local,21/09/2026,2500,3000,2750
"Tamil Nadu",Pudukkottai,"Aranthangi(Uzhavar Sandhai )","Bottle gourd","Bottle Gourd",Local,21/09/2026,2000,2500,2250
"Tamil Nadu",Pudukkottai,"Aranthangi(Uzhavar Sandhai )","Banana - Green","Banana - Green",Local,21/09/2026,2500,3000,2750
"Tamil Nadu",Pudukkottai,"Aranthangi(Uzhavar Sandhai )",Snakeguard,Snakeguard,Local,21/09/2026,2500,3000,2750
"Tamil Nadu",Pudukkottai,"Aranthangi(Uzhavar Sandhai )",Mint(Pudina),Mint(Pudina),Local,21/09/2026,4500,5000,4750
"Tamil Nadu",Nagapattinam,"Vedaranyam(Uzhavar Sandhai)","Cluster beans","Cluster Beans",Local,21/09/2026,3500,4000,3750
"Tamil Nadu",Nagapattinam,"Vedaranyam(Uzhavar Sandhai)","Bottle gourd","Bottle Gourd",Local,21/09/2026,3000,3500,3250
"Tamil Nadu",Nagapattinam,"Vedaranyam(Uzhavar Sandhai)","Banana - Green","Banana - Green",Local,21/09/2026,1800,2200,2000
"Tamil Nadu",Nagapattinam,"Vedaranyam(Uzhavar Sandhai)",Coconut,Coconut,Local,21/09/2026,5000,5500,5250
"Tamil Nadu",Nagapattinam,"Vedaranyam(Uzhavar Sandhai)",Cabbage,Cabbage,Local,21/09/2026,3800,3800,3800
"Tamil Nadu",Nagapattinam,"Vedaranyam(Uzhavar Sandhai)",Beetroot,Beetroot,Local,21/09/2026,4000,4500,4250
"Tamil Nadu",Nagapattinam,"Vedaranyam(Uzhavar Sandhai)","Chow Chow","Chow Chow",Local,21/09/2026,2800,2800,2800
"Tamil Nadu",Vellore,"Perampet(Uzhavar Sandhai)",Garlic,Garlic,Local,21/09/2026,23000,24000,23500
"Tamil Nadu",Vellore,"Perampet(Uzhavar Sandhai)",Brinjal,Other,Local,21/09/2026,3500,4000,3750
"Tamil Nadu",Vellore,"Perampet(Uzhavar Sandhai)",Coriander(Leaves),"I Sort",Local,21/09/2026,5000,5000,5000
"Tamil Nadu",Vellore,"Perampet(Uzhavar Sandhai)",Ginger(Green),"Green Ginger",Local,21/09/2026,17000,18000,17500
"Tamil Nadu",Vellore,"Perampet(Uzhavar Sandhai)",Beetroot,Beetroot,Local,21/09/2026,5000,5600,5300
"Tamil Nadu",Vellore,"Perampet(Uzhavar Sandhai)",Ridgeguard(Tori),Ridgeguard(Tori),Local,21/09/2026,3000,3600,3300
"Tamil Nadu",Vellore,"Perampet(Uzhavar Sandhai)",Drumstick,Drumstick,Local,21/09/2026,3000,3600,3300
"Tamil Nadu",Vellore,"Perampet(Uzhavar Sandhai)","Onion Green","Onion Green",Local,21/09/2026,9500,10000,9750
"Tamil Nadu",Karur,"Kulithalai(Uzhavar Sandhai )","Bitter gourd",Other,Local,21/09/2026,4600,5600,5100
"Tamil Nadu",Karur,"Kulithalai(Uzhavar Sandhai )","Bottle gourd","Bottle Gourd",Local,21/09/2026,1200,2000,1600
"Tamil Nadu",Karur,"Kulithalai(Uzhavar Sandhai )",Ashgourd,Gouard,Local,21/09/2026,2500,3000,2750
"Tamil Nadu",Karur,"Kulithalai(Uzhavar Sandhai )",Amaranthus,Amaranthus,Local,21/09/2026,2000,3000,2500
"Tamil Nadu",Karur,"Kulithalai(Uzhavar Sandhai )",Coconut,Coconut,Local,21/09/2026,5500,6500,6000
"Tamil Nadu",Karur,"Kulithalai(Uzhavar Sandhai )","Betal Leaves",Mysore,Local,21/09/2026,10000,10000,10000
"Tamil Nadu",Karur,"Kulithalai(Uzhavar Sandhai )","Green Avare(W)",Other,Local,21/09/2026,8000,9000,8500
"Tamil Nadu",Karur,"Kulithalai(Uzhavar Sandhai )","Chow Chow","Chow Chow",Local,21/09/2026,3500,4000,3750
"Tamil Nadu",Karur,"Kulithalai(Uzhavar Sandhai )","Elephant Yam(Suran)/Amorphophallus","Elephant Yam (Suran)",Local,21/09/2026,4000,5000,4500
"Tamil Nadu",Karur,"Kulithalai(Uzhavar Sandhai )",Yam(Ratalu),"Yam (Ratalu)",Local,21/09/2026,7000,8000,7500
"Tamil Nadu",Karur,"Kulithalai(Uzhavar Sandhai )",Mint(Pudina),Mint(Pudina),Local,21/09/2026,5000,6500,5750
"Tamil Nadu",Thirupur,"Dharapuram(Uzhavar Sandhai )","Cluster beans","Cluster Beans",Local,21/09/2026,4000,4500,4250
"Tamil Nadu",Thirupur,"Dharapuram(Uzhavar Sandhai )","Bottle gourd","Bottle Gourd",Local,21/09/2026,1500,2000,1750
"Tamil Nadu",Thirupur,"Dharapuram(Uzhavar Sandhai )",Ashgourd,Gouard,Local,21/09/2026,2000,2500,2250
"Tamil Nadu",Thirupur,"Dharapuram(Uzhavar Sandhai )",Pumpkin,Pumpkin,Local,21/09/2026,2000,2500,2250
"Tamil Nadu",Thirupur,"Dharapuram(Uzhavar Sandhai )",Carrot,Pusakesar,Local,21/09/2026,5000,5500,5250
"Tamil Nadu",Thirupur,"Dharapuram(Uzhavar Sandhai )",Cabbage,Cabbage,Local,21/09/2026,3000,3500,3250
"Tamil Nadu",Thirupur,"Dharapuram(Uzhavar Sandhai )",Snakeguard,Snakeguard,Local,21/09/2026,3500,4000,3750
"Tamil Nadu",Thirupur,"Palladam(Uzhavar Sandhai )",Banana,Karpura,Local,21/09/2026,4000,5000,4500
"Tamil Nadu",Thirupur,"Palladam(Uzhavar Sandhai )",Coriander(Leaves),"I Sort",Local,21/09/2026,5000,6000,5500
"Tamil Nadu",Thirupur,"Palladam(Uzhavar Sandhai )","Bitter gourd",Other,Local,21/09/2026,5000,6000,5500
"Tamil Nadu",Thirupur,"Palladam(Uzhavar Sandhai )",Cabbage,Cabbage,Local,21/09/2026,2500,3000,2750
"Tamil Nadu",Thirupur,"Palladam(Uzhavar Sandhai )",Thondekai,Thondekai,Local,21/09/2026,3500,4000,3750
"Tamil Nadu",Thirupur,"Palladam(Uzhavar Sandhai )",Drumstick,Drumstick,Local,21/09/2026,2500,3000,2750
"Tamil Nadu",Thirupur,"Palladam(Uzhavar Sandhai )",Lemon,Lemon,Local,21/09/2026,24000,25000,24500
"Tamil Nadu",Thirupur,"Palladam(Uzhavar Sandhai )",Mint(Pudina),Mint(Pudina),Local,21/09/2026,3000,3500,3250
"Tamil Nadu",Kallakuruchi,"Kallakurichi(Uzhavar Sandhai )",Groundnut,"Big (With Shell)",Local,21/09/2026,7000,7000,7000
"Tamil Nadu",Kallakuruchi,"Kallakurichi(Uzhavar Sandhai )","Water Melon","Water Melon",Local,21/09/2026,2000,2000,2000
"Tamil Nadu",Kallakuruchi,"Kallakurichi(Uzhavar Sandhai )",Tomato,Deshi,Local,21/09/2026,2500,2500,2500
"Tamil Nadu",Kallakuruchi,"Kallakurichi(Uzhavar Sandhai )","Cluster beans","Cluster Beans",Local,21/09/2026,5000,5000,5000
"Tamil Nadu",Kallakuruchi,"Kallakurichi(Uzhavar Sandhai )",Coconut,Coconut,Local,21/09/2026,6000,6000,6000
"Tamil Nadu",Kallakuruchi,"Kallakurichi(Uzhavar Sandhai )",Capsicum,Capsicum,Local,21/09/2026,9000,9000,9000
"Tamil Nadu",Kallakuruchi,"Kallakurichi(Uzhavar Sandhai )","Green Avare(W)","Green Avare (W)",Local,21/09/2026,7000,7000,7000
"Tamil Nadu",Kallakuruchi,"Kallakurichi(Uzhavar Sandhai )",Yam(Ratalu),"Yam (Ratalu)",Local,21/09/2026,3000,3000,3000
"Tamil Nadu",Kallakuruchi,"Kallakurichi(Uzhavar Sandhai )",Mint(Pudina),Mint(Pudina),Local,21/09/2026,3000,3000,3000
"Tamil Nadu",Kallakuruchi,"Kallakurichi(Uzhavar Sandhai )",Rose(Local),"Rose (Local)",Local,21/09/2026,35000,35000,35000
Bihar,Muzaffarpur,"Bhagwanpur Mandi APMC",Brinjal,"Arkasheela Mattigulla","Grade A",21/09/2026,2300,2300,2300
Bihar,Muzaffarpur,"Bhagwanpur Mandi APMC",Cauliflower,"African Sarson","Grade A",21/09/2026,5800,5800,5800
Haryana,Panipat,"Panipat APMC","Bottle gourd","Bottle Gourd",Local,21/09/2026,500,1000,750
Haryana,Panipat,"Panipat APMC",Potato,Potato,Local,21/09/2026,500,1100,600
"Andhra Pradesh",Palnadu,"Gurazala APMC","Chili Red",Red,"Grade Range-1",21/09/2026,17500,28000,25400
"Andhra Pradesh",Palnadu,"Ipur APMC",Paddy(Common),Paddy,FAQ,21/09/2026,2600,2700,2650
"Andhra Pradesh",Palnadu,"Ipur APMC",Maize,Local,FAQ,21/09/2026,2000,2300,2100
"Andhra Pradesh",Palnadu,"Macharla APMC",Cotton,Bunny,"Grade Range-1",21/09/2026,9100,9100,9100
"Andhra Pradesh",Ananthapuramu,"Guntakal APMC","Red gram/Arhar/Tur(whole)",Local,Local,21/09/2026,7500,9000,8500
"Andhra Pradesh",Krishna,"Machilipatnam APMC",Paddy(Common),"B P T",Local,21/09/2026,2693.33266,2886.665945,2817.332629
"Andhra Pradesh","Parvathipuram Manyam","Kurupam APMC",Maize,Local,Local,21/09/2026,2400,2400,2400
"Andhra Pradesh",Markapuram,"Podili APMC","Red gram/Arhar/Tur(whole)","Arhar (Whole)",FAQ,21/09/2026,8200,8400,8300
"Andhra Pradesh",NTR,"Tiruvuru APMC",Paddy(Common),Sona,Local,21/09/2026,2900,2900,2900
"Andhra Pradesh",NTR,"Tiruvuru APMC",Rice,Sona,Local,21/09/2026,4900,4900,4900
"Tamil Nadu",Salem,"Athur(Uzhavar Sandhai )",Potato,Other,Local,21/09/2026,5000,5500,5250
"Tamil Nadu",Salem,"Athur(Uzhavar Sandhai )",Cauliflower,Ranchi,Local,21/09/2026,3500,4000,3750
"Tamil Nadu",Salem,"Athur(Uzhavar Sandhai )","Water Melon","Water Melon",Local,21/09/2026,1500,2000,1750
"Tamil Nadu",Salem,"Athur(Uzhavar Sandhai )","Cluster beans","Cluster Beans",Local,21/09/2026,2500,3000,2750
"Tamil Nadu",Salem,"Athur(Uzhavar Sandhai )","Bitter gourd",Other,Local,21/09/2026,4500,5000,4750
"Tamil Nadu",Salem,"Athur(Uzhavar Sandhai )",Tapioca,Tapioca,Local,21/09/2026,2500,3000,2750
"Tamil Nadu",Salem,"Athur(Uzhavar Sandhai )","Green Avare(W)","Green Avare (W)",Local,21/09/2026,7000,7500,7250
"Tamil Nadu",Salem,"Athur(Uzhavar Sandhai )","Karbuja(Musk Melon)",Karbhuja,Local,21/09/2026,3500,4000,3750
"Tamil Nadu",Salem,"Athur(Uzhavar Sandhai )",Kakada,Kakada,Local,21/09/2026,24000,28000,26000
"Tamil Nadu",Salem,"Athur(Uzhavar Sandhai )",Marigold(Calcutta),Marigold(Calcutta),Local,21/09/2026,18000,20000,19000
"Tamil Nadu",Salem,"Athur(Uzhavar Sandhai )","Onion Green","Onion Green",Local,21/09/2026,6000,7000,6500
"Tamil Nadu",Theni,"Periyakulam(Uzhavar Sandhai )",Brinjal,Other,Local,21/09/2026,3400,3600,3500
"Tamil Nadu",Theni,"Periyakulam(Uzhavar Sandhai )",Coriander(Leaves),"I Sort",Local,21/09/2026,3000,3000,3000
"Tamil Nadu",Theni,"Periyakulam(Uzhavar Sandhai )",Papaya,Papaya,Local,21/09/2026,3000,3500,3250
"Tamil Nadu",Theni,"Periyakulam(Uzhavar Sandhai )","Bitter gourd",Other,Local,21/09/2026,4000,4200,4100
"Tamil Nadu",Theni,"Periyakulam(Uzhavar Sandhai )","Green Chilli","Green Chilly",Local,21/09/2026,4500,5000,4750
"Tamil Nadu",Theni,"Periyakulam(Uzhavar Sandhai )","Knool Khol","Knool Khol",Local,21/09/2026,3200,3400,3300
"Tamil Nadu",Theni,"Periyakulam(Uzhavar Sandhai )","Elephant Yam(Suran)/Amorphophallus","Elephant Yam (Suran)",Local,21/09/2026,3300,3500,3400
"Tamil Nadu",Virudhunagar,"Srivilliputhur(Uzhavar Sandhai )",Papaya,Papaya,Local,21/09/2026,2500,3000,2750
"Tamil Nadu",Virudhunagar,"Srivilliputhur(Uzhavar Sandhai )","Bottle gourd","Bottle Gourd",Local,21/09/2026,1700,2000,1850
"Tamil Nadu",Virudhunagar,"Srivilliputhur(Uzhavar Sandhai )",Amaranthus,Amaranthus,Local,21/09/2026,2500,3000,2750
"Tamil Nadu",Virudhunagar,"Srivilliputhur(Uzhavar Sandhai )",Beans,"Beans (Whole)",Local,21/09/2026,9000,10000,9500
"Tamil Nadu",Virudhunagar,"Srivilliputhur(Uzhavar Sandhai )",Beetroot,Beetroot,Local,21/09/2026,4500,5000,4750
"Tamil Nadu",Virudhunagar,"Srivilliputhur(Uzhavar Sandhai )","Tender Coconut","Tender Coconut",Local,21/09/2026,2000,2500,2250
"Tamil Nadu",Virudhunagar,"Srivilliputhur(Uzhavar Sandhai )",Mint(Pudina),Mint(Pudina),Local,21/09/2026,6000,7000,6500
"Uttar Pradesh",Badaun,"Shahaswan APMC",Papaya,Other,Medium,21/09/2026,3000,3500,3200
Nagaland,Tsemenyu,"Tsemenyu APMC",Cabbage,Cabbage,Local,21/09/2026,3500,3500,3500
Nagaland,Wokha,"Baghty APMC",Banana,"Banana - Ripe",Local,21/09/2026,2800,3500,3200
Odisha,Kalahandi,"Mukhiguda APMC",Ridgeguard(Tori),Other,"Grade B",21/09/2026,3000,3300,3150
"West Bengal",Bankura,"Khatra APMC",Mustard,Mustard,FAQ,21/09/2026,6000,6700,6300
"West Bengal",Bankura,"Khatra APMC","Bottle gourd","Bottle Gourd",FAQ,21/09/2026,1000,1550,1500
"West Bengal",Bankura,"Khatra APMC",Rice,Common,FAQ,21/09/2026,3600,3700,3650
"Tamil Nadu",Coimbatore,"Vadavalli(Uzhavar Sandhai )","Water Melon","Water Melon",Local,21/09/2026,1500,2000,1750
"Tamil Nadu",Coimbatore,"Vadavalli(Uzhavar Sandhai )",Ginger(Green),"Green Ginger",Local,21/09/2026,12000,15800,13900
"Tamil Nadu",Coimbatore,"Vadavalli(Uzhavar Sandhai )",Cucumbar(Kheera),Cucumbar,Local,21/09/2026,4000,4400,4200
"Tamil Nadu",Coimbatore,"Vadavalli(Uzhavar Sandhai )","Karbuja(Musk Melon)",Karbhuja,Local,21/09/2026,4400,4800,4600
"Tamil Nadu",Coimbatore,"Vadavalli(Uzhavar Sandhai )",Pomegranate,Pomogranate,Local,21/09/2026,12500,16000,14250
"Andhra Pradesh",Annamayya,"Piler APMC",Gur(Jaggery),"NO 3",Local,21/09/2026,4500,5200,4800
"Tamil Nadu",Dindigul,"Oddunchairum APMC",Maize,Other,Local,21/09/2026,2100,2500,2300
"Uttar Pradesh",Bulandshahar,"Gulavati APMC",Colacasia,Other,FAQ,21/09/2026,4000,4200,4100
Haryana,Hissar,"Barwala(Hisar) APMC",Brinjal,Brinjal,Local,21/09/2026,1200,1500,1400
"Himachal Pradesh",Solan,"SMY Parwanoo",Pear(Marasebu),Other,Local,21/09/2026,2000,6000,4000
"Tamil Nadu",Coimbatore,"Udumalpet APMC",Potato,"Red Nanital",Local,21/09/2026,4000,5000,4500
"Tamil Nadu",Coimbatore,"Udumalpet APMC",Tomato,Deshi,Local,21/09/2026,1500,2400,1950
"Tamil Nadu",Coimbatore,"Udumalpet APMC","Bitter gourd","Bitter Gourd",Local,21/09/2026,5500,6500,6000
"Tamil Nadu",Coimbatore,"Udumalpet APMC","Bottle gourd","Bottle Gourd",Local,21/09/2026,1500,2200,1850
"Tamil Nadu",Coimbatore,"Udumalpet APMC",Cowpea(Veg),"Cowpea (Veg)",Local,21/09/2026,3500,4000,3750
"Tamil Nadu",Coimbatore,"Udumalpet APMC","Banana - Green","Banana - Green",Local,21/09/2026,2500,3000,2750
"Tamil Nadu",Coimbatore,"Udumalpet APMC",Tapioca,Tapioca,Local,21/09/2026,4000,4500,4250
"Tamil Nadu",Coimbatore,"Udumalpet APMC","Chow Chow","Chow Chow",Local,21/09/2026,4000,4500,4250
"Tamil Nadu",Coimbatore,"Udumalpet APMC",Drumstick,Drumstick,Local,21/09/2026,2500,3000,2750
"Tamil Nadu",Coimbatore,"Udumalpet APMC","Knool Khol","Knool Khol",Local,21/09/2026,7000,8000,7500
"Tamil Nadu",Coimbatore,"Udumalpet APMC",Lemon,Lemon,Local,21/09/2026,25000,28000,26500
"Himachal Pradesh",Kangra,"SMY Nagrota Bagwan","Mousambi(Sweet Lime)",Mousambi,Medium,21/09/2026,4000,4500,4200
"Himachal Pradesh",Kangra,"SMY Nagrota Bagwan",Guava,Guava,Medium,21/09/2026,9000,11000,10000
"Himachal Pradesh",Kangra,"SMY Nagrota Bagwan",Pomegranate,Pomogranate,Medium,21/09/2026,6000,12000,8500
"Himachal Pradesh",Kangra,"SMY Nagrota Bagwan",Cucumbar(Kheera),Cucumbar,FAQ,21/09/2026,3200,4000,3500
"Himachal Pradesh",Kangra,"SMY Nagrota Bagwan",Pumpkin,Pumpkin,FAQ,21/09/2026,1500,2200,1800
"Tamil Nadu",Erode,"Gobichettipalayam(Uzhavar Sandhai )",Brinjal,Round,Local,21/09/2026,3600,3800,3700
"Tamil Nadu",Erode,"Gobichettipalayam(Uzhavar Sandhai )",Tapioca,Tapioca,Local,21/09/2026,2000,2500,2250
"Tamil Nadu",Erode,"Gobichettipalayam(Uzhavar Sandhai )",Coconut,Coconut,Local,21/09/2026,5000,5200,5100
"Tamil Nadu",Erode,"Gobichettipalayam(Uzhavar Sandhai )",Raddish,Raddish,Local,21/09/2026,2200,2400,2300
"Tamil Nadu",Erode,"Gobichettipalayam(Uzhavar Sandhai )","Onion Green","Onion Green",Local,21/09/2026,7000,7500,7250
"Himachal Pradesh",Shimla,"SMY Rohroo","Bitter gourd",Other,"Grade B",21/09/2026,3200,3600,3300
"Himachal Pradesh",Shimla,"SMY Rohroo","Bottle gourd","Bottle Gourd","Grade B",21/09/2026,2000,2400,2200
"Himachal Pradesh",Shimla,"SMY Rohroo",Brinjal,"Arkasheela Mattigulla","Grade B",21/09/2026,2800,3200,3000
"Himachal Pradesh",Shimla,"SMY Rohroo",Pomegranate,Other,"Grade B",21/09/2026,8000,9000,8500
"Himachal Pradesh",Shimla,"SMY Rohroo",Raddish,Other,"Grade B",21/09/2026,2500,2800,2650
Punjab,Jalandhar,"Mehatpur APMC",Raddish,Raddish,Local,21/09/2026,1500,1700,1600
Gujarat,"Gir Somnath","Talalagir APMC",Cabbage,Cabbage,FAQ,21/09/2026,200,450,330
"Tamil Nadu",Pudukkottai,"Ponnamaravathi(Uzhavar Sandhai)","Cluster beans","Cluster Beans",Local,21/09/2026,3500,4000,3750
"Tamil Nadu",Pudukkottai,"Ponnamaravathi(Uzhavar Sandhai)",Pumpkin,Pumpkin,Local,21/09/2026,1000,1500,1250
"Tamil Nadu",Pudukkottai,"Ponnamaravathi(Uzhavar Sandhai)",Snakeguard,Snakeguard,Local,21/09/2026,3000,3500,3250
"Tamil Nadu",Pudukkottai,"Ponnamaravathi(Uzhavar Sandhai)",Raddish,Raddish,Local,21/09/2026,3500,4000,3750
"Tamil Nadu",Pudukkottai,"Ponnamaravathi(Uzhavar Sandhai)",Drumstick,Drumstick,Local,21/09/2026,4500,5000,4750
Odisha,Kalahandi,"Bhawanipatna APMC",Pumpkin,Pumpkin,Local,21/09/2026,2200,2200,2200
Odisha,Kalahandi,"Bhawanipatna APMC","Bhindi(Ladies Finger)",Bhindi,Local,21/09/2026,3300,3300,3300
"Tamil Nadu",Nagapattinam,"Mayiladuthurai(Uzhavar Sandhai )",Coriander(Leaves),"I Sort",Local,21/09/2026,3500,4000,3750
"Tamil Nadu",Nagapattinam,"Mayiladuthurai(Uzhavar Sandhai )",Ashgourd,Gouard,Local,21/09/2026,1500,2000,1750
"Tamil Nadu",Nagapattinam,"Mayiladuthurai(Uzhavar Sandhai )",Amaranthus,Amaranthus,Local,21/09/2026,1500,2000,1750
"Tamil Nadu",Nagapattinam,"Mayiladuthurai(Uzhavar Sandhai )",Coconut,Coconut,Local,21/09/2026,3000,4000,3500
"Tamil Nadu",Pudukkottai,"Viralimalai(Uzhavar Sandhai )",Coriander(Leaves),"I Sort",Local,21/09/2026,5000,6000,5500
"Tamil Nadu",Pudukkottai,"Viralimalai(Uzhavar Sandhai )","Bitter gourd","Bitter Gourd",Local,21/09/2026,7000,8000,7500
"Tamil Nadu",Pudukkottai,"Viralimalai(Uzhavar Sandhai )","Bottle gourd","Bottle Gourd",Local,21/09/2026,1500,2000,1750
"Tamil Nadu",Pudukkottai,"Viralimalai(Uzhavar Sandhai )",Ashgourd,Gouard,Local,21/09/2026,1000,1500,1250
"Tamil Nadu",Pudukkottai,"Viralimalai(Uzhavar Sandhai )","Bhindi(Ladies Finger)",Bhindi,Local,21/09/2026,3000,3500,3250
"Tamil Nadu",Pudukkottai,"Viralimalai(Uzhavar Sandhai )",Coconut,Coconut,Local,21/09/2026,3500,4000,3750
"Tamil Nadu",Pudukkottai,"Viralimalai(Uzhavar Sandhai )","Green Avare(W)","Green Avare (W)",Local,21/09/2026,7000,8000,7500
"Tamil Nadu",Ramanathapuram,"Paramakudi(Uzhavar Sandhai )",Banana,Besrai,Local,21/09/2026,4500,5000,4750
"Tamil Nadu",Ramanathapuram,"Paramakudi(Uzhavar Sandhai )",Ashgourd,Gouard,Local,21/09/2026,2000,2200,2100
"Tamil Nadu",Ramanathapuram,"Paramakudi(Uzhavar Sandhai )",Cabbage,Cabbage,Local,21/09/2026,4500,4800,4650
"Tamil Nadu",Ramanathapuram,"Paramakudi(Uzhavar Sandhai )",Snakeguard,Snakeguard,Local,21/09/2026,4500,5000,4750
"Tamil Nadu",Pudukkottai,"Alangudi(Uzhavar Sandhai )","Cluster beans","Cluster Beans",Local,21/09/2026,3500,4000,3750
"Tamil Nadu",Pudukkottai,"Alangudi(Uzhavar Sandhai )","Bitter gourd",Other,Local,21/09/2026,6000,7000,6500
"Tamil Nadu",Pudukkottai,"Alangudi(Uzhavar Sandhai )","Onion Green","Onion Green",Local,21/09/2026,9000,10000,9500
"Tamil Nadu",Thiruvannamalai,"Arani(Uzhavar Sandhai )",Tomato,Deshi,Local,21/09/2026,2500,3000,2750
"Tamil Nadu",Thiruvannamalai,"Arani(Uzhavar Sandhai )","Bottle gourd","Bottle Gourd",Local,21/09/2026,1500,2000,1750
"Tamil Nadu",Thiruvannamalai,"Arani(Uzhavar Sandhai )","Green Chilli","Green Chilly",Local,21/09/2026,5000,6000,5500
"Tamil Nadu",Thiruvannamalai,"Arani(Uzhavar Sandhai )","Banana - Green","Banana - Green",Local,21/09/2026,1500,2000,1750
"Tamil Nadu",Thiruvannamalai,"Arani(Uzhavar Sandhai )","Green Avare(W)","Green Avare (W)",Local,21/09/2026,6000,7200,6600
"Andhra Pradesh",Srikakulam,"Narasannapet APMC",Paddy(Common),Paddy,FAQ,21/09/2026,2369,2369,2369
"Tamil Nadu",Thiruvannamalai,"Polur(Uzhavar Sandhai )",Groundnut,"Big (With Shell)",Local,21/09/2026,5000,6000,5500
"Tamil Nadu",Thiruvannamalai,"Polur(Uzhavar Sandhai )",Garlic,Garlic,Local,21/09/2026,20000,25000,22500
"Tamil Nadu",Thiruvannamalai,"Polur(Uzhavar Sandhai )",Coriander(Leaves),"I Sort",Local,21/09/2026,4200,5000,4600
"Tamil Nadu",Thiruvannamalai,"Polur(Uzhavar Sandhai )",Ashgourd,Gouard,Local,21/09/2026,1600,2000,1800
"Tamil Nadu",Thiruvannamalai,"Polur(Uzhavar Sandhai )",Beans,"Beans (Whole)",Local,21/09/2026,8000,9600,8800
"Tamil Nadu",Thiruvannamalai,"Polur(Uzhavar Sandhai )",Cucumbar(Kheera),Cucumbar,Local,21/09/2026,3300,4000,3650
"Tamil Nadu",Thiruvannamalai,"Polur(Uzhavar Sandhai )","Green Avare(W)","Green Avare (W)",Local,21/09/2026,6000,7200,6600
"Tamil Nadu",Thiruvannamalai,"Polur(Uzhavar Sandhai )",Guava,"Guava Allahabad",Local,21/09/2026,4200,5000,4600
"Tamil Nadu",Thiruvannamalai,"Tiruvannamalai(Uzhavar Sandhai )",Orange,Darjeeling,Local,21/09/2026,16000,18000,17000
"Tamil Nadu",Thiruvannamalai,"Tiruvannamalai(Uzhavar Sandhai )",Onion,Bellary,Local,21/09/2026,6000,6500,6250
"Tamil Nadu",Thiruvannamalai,"Tiruvannamalai(Uzhavar Sandhai )",Cauliflower,Ranchi,Local,21/09/2026,3500,4000,3750
"Tamil Nadu",Thiruvannamalai,"Tiruvannamalai(Uzhavar Sandhai )",Brinjal,Round,Local,21/09/2026,6400,7200,6800
"Tamil Nadu",Thiruvannamalai,"Tiruvannamalai(Uzhavar Sandhai )",Papaya,Papaya,Local,21/09/2026,4000,4500,4250
"Tamil Nadu",Thiruvannamalai,"Tiruvannamalai(Uzhavar Sandhai )",Tomato,Deshi,Local,21/09/2026,2500,2800,2650
"Tamil Nadu",Thiruvannamalai,"Tiruvannamalai(Uzhavar Sandhai )",Beetroot,Beetroot,Local,21/09/2026,4000,4800,4400
"Tamil Nadu",Thiruvannamalai,"Tiruvannamalai(Uzhavar Sandhai )","Chow Chow","Chow Chow",Local,21/09/2026,3500,4000,3750
"Tamil Nadu",Thiruvannamalai,"Tiruvannamalai(Uzhavar Sandhai )",Guava,"Guava Allahabad",Local,21/09/2026,5000,6000,5500
"Tamil Nadu",Thiruvannamalai,"Tiruvannamalai(Uzhavar Sandhai )","Elephant Yam(Suran)/Amorphophallus","Elephant Yam (Suran)",Local,21/09/2026,5000,6000,5500
"Tamil Nadu",Thiruvannamalai,"Tiruvannamalai(Uzhavar Sandhai )",Mint(Pudina),Mint(Pudina),Local,21/09/2026,5000,6000,5500
"Tamil Nadu",Thiruvarur,"Tiruthuraipoondi(Uzhavar Sandhai )",Banana,Besrai,Local,21/09/2026,4000,4000,4000
"Tamil Nadu",Thiruvarur,"Tiruthuraipoondi(Uzhavar Sandhai )","Cluster beans","Cluster Beans",Local,21/09/2026,3600,3600,3600
"Tamil Nadu",Thiruvarur,"Tiruthuraipoondi(Uzhavar Sandhai )",Pumpkin,Pumpkin,Local,21/09/2026,3000,3000,3000
"Tamil Nadu",Thiruvarur,"Tiruthuraipoondi(Uzhavar Sandhai )","Banana - Green","Banana - Green",Local,21/09/2026,4000,4000,4000
"Tamil Nadu",Thiruvarur,"Tiruthuraipoondi(Uzhavar Sandhai )",Cucumbar(Kheera),Cucumbar,Local,21/09/2026,7000,7000,7000
"Tamil Nadu",Tuticorin,"Kovilpatti(Uzhavar Sandhai )",Coriander(Leaves),"I Sort",Local,21/09/2026,4000,4500,4250
"Tamil Nadu",Tuticorin,"Kovilpatti(Uzhavar Sandhai )","Banana - Green","Banana - Green",Local,21/09/2026,3000,3500,3250
"Tamil Nadu",Tuticorin,"Kovilpatti(Uzhavar Sandhai )","Green Avare(W)",Other,Local,21/09/2026,9000,9500,9250
"Tamil Nadu",Tuticorin,"Kovilpatti(Uzhavar Sandhai )","Elephant Yam(Suran)/Amorphophallus","Elephant Yam (Suran)",Local,21/09/2026,4000,4500,4250
"Tamil Nadu",Tuticorin,"Kovilpatti(Uzhavar Sandhai )",Yam(Ratalu),"Yam (Ratalu)",Local,21/09/2026,6500,7000,6750
"Tamil Nadu",Tuticorin,"Kovilpatti(Uzhavar Sandhai )","Indian Beans(Seam)","Indian Beans (Seam)",Local,21/09/2026,7000,7500,7250
"Tamil Nadu",Tuticorin,"Kovilpatti(Uzhavar Sandhai )","Onion Green","Onion Green",Local,21/09/2026,8500,9000,8750
"Tamil Nadu",Vellore,"Gudiyatham(Uzhavar Sandhai )",Brinjal,Other,Local,21/09/2026,3000,3600,3300
"Tamil Nadu",Vellore,"Gudiyatham(Uzhavar Sandhai )",Papaya,Papaya,Local,21/09/2026,3000,3500,3250
"Tamil Nadu",Vellore,"Gudiyatham(Uzhavar Sandhai )",Beetroot,Beetroot,Local,21/09/2026,5000,5000,5000
"Tamil Nadu",Vellore,"Gudiyatham(Uzhavar Sandhai )",Lime,Lime,Local,21/09/2026,5000,5000,5000
"Tamil Nadu",Vellore,"Gudiyatham(Uzhavar Sandhai )","Onion Green","Onion Green",Local,21/09/2026,11000,11000,11000
"Tamil Nadu",Vellore,"Gudiyatham(Uzhavar Sandhai )",Mint(Pudina),Mint(Pudina),Local,21/09/2026,4000,4000,4000
"Tamil Nadu",Vellore,"Kahithapattarai(Uzhavar Sandhai )",Onion,Bellary,Local,21/09/2026,6000,6000,6000
"Tamil Nadu",Vellore,"Kahithapattarai(Uzhavar Sandhai )",Coriander(Leaves),"I Sort",Local,21/09/2026,3500,3500,3500
"Tamil Nadu",Vellore,"Kahithapattarai(Uzhavar Sandhai )","Banana - Green","Banana - Green",Local,21/09/2026,6000,6000,6000
"Tamil Nadu",Vellore,"Kahithapattarai(Uzhavar Sandhai )",Cucumbar(Kheera),Cucumbar,Local,21/09/2026,3000,3000,3000
"Tamil Nadu",Vellore,"Kahithapattarai(Uzhavar Sandhai )","Green Avare(W)",Other,Local,21/09/2026,6600,6600,6600
"Tamil Nadu",Villupuram,"Villupuram(Uzhavar Sandhai )",Papaya,Papaya,Local,21/09/2026,5000,5000,5000
"Tamil Nadu",Villupuram,"Villupuram(Uzhavar Sandhai )","Bitter gourd","Bitter Gourd",Local,21/09/2026,6000,8000,7000
"Tamil Nadu",Villupuram,"Villupuram(Uzhavar Sandhai )",Snakeguard,Snakeguard,Local,21/09/2026,4000,4000,4000
"Tamil Nadu",Villupuram,"Villupuram(Uzhavar Sandhai )",Drumstick,Drumstick,Local,21/09/2026,5000,5000,5000
"Tamil Nadu",Villupuram,"Villupuram(Uzhavar Sandhai )","Knool Khol","Knool Khol",Local,21/09/2026,5000,5000,5000
"Tamil Nadu",Villupuram,"Villupuram(Uzhavar Sandhai )","Tender Coconut","Tender Coconut",Local,21/09/2026,4000,4000,4000
"Andhra Pradesh",Prakasam,"Darsi APMC",Paddy(Common),"B P T",Local,21/09/2026,2500,2600,2600
"Andhra Pradesh","YSR Kadapa","Badvel APMC",Paddy(Common),Masuri,Local,21/09/2026,2380,2450,2410
"Andhra Pradesh","Sri Sathya Sai","Penukonda APMC",Groundnut,Local,FAQ,21/09/2026,7500,7700,7600
Haryana,Rewari,"Rewari APMC",Banana,Other,Medium,21/09/2026,2000,4000,3000
Haryana,Rewari,"Rewari APMC",Onion,Medium,Medium,21/09/2026,4000,6500,5200
"Jammu and Kashmir",Rajouri,"Rajouri (Phaliana) (F&V)","Bitter gourd","Bitter Gourd","Grade B",21/09/2026,4000,4000,4000
"Jammu and Kashmir",Rajouri,"Rajouri (Phaliana) (F&V)",Banana,"Banana - Ripe","Grade B",21/09/2026,6200,6200,6200
"Jammu and Kashmir",Rajouri,"Rajouri (Phaliana) (F&V)","Bhindi(Ladies Finger)",Bhindi,"Grade B",21/09/2026,3500,3500,3500
"Jammu and Kashmir",Rajouri,"Rajouri (Phaliana) (F&V)",Cauliflower,Cauliflower,"Grade B",21/09/2026,5000,5000,5000
"Jammu and Kashmir",Rajouri,"Rajouri (Phaliana) (F&V)",Tomato,Tomato,"Grade B",21/09/2026,4000,4000,4000
"Jammu and Kashmir",Rajouri,"Rajouri (Phaliana) (F&V)",Onion,Onion,"Grade B",21/09/2026,5000,5000,5000
"Jammu and Kashmir",Rajouri,"Rajouri (Phaliana) (F&V)","French Beans(Frasbean)",Other,"Grade B",21/09/2026,8000,8000,8000
Odisha,Dhenkanal,"Hindol APMC","Bhindi(Ladies Finger)",Bhindi,"Grade B",21/09/2026,4400,4600,4500
Odisha,Dhenkanal,"Hindol APMC",Onion,Other,"Grade B",21/09/2026,4500,5000,4800
Odisha,Dhenkanal,"Hindol APMC",Tomato,Tomato,"Grade B",21/09/2026,3000,3500,3200
"Andhra Pradesh",Dr.B.R.A.Konaseema,"Alamuru APMC",Paddy(Common),Paddy,FAQ,21/09/2026,2369,2389,2369
"Tamil Nadu",Thiruvannamalai,"Cheyyar(Uzhavar Sandhai )","Bitter gourd",Other,Local,21/09/2026,3500,4000,3750
"Tamil Nadu",Thiruvannamalai,"Cheyyar(Uzhavar Sandhai )","Banana - Green","Banana - Green",Local,21/09/2026,1600,2000,1800
"Tamil Nadu",Thiruvannamalai,"Cheyyar(Uzhavar Sandhai )",Carrot,Pusakesar,Local,21/09/2026,5000,6000,5500
"Tamil Nadu",Thiruvannamalai,"Cheyyar(Uzhavar Sandhai )",Cabbage,Cabbage,Local,21/09/2026,2000,2500,2250
"Tamil Nadu",Thiruvannamalai,"Cheyyar(Uzhavar Sandhai )",Snakeguard,Snakeguard,Local,21/09/2026,2500,3000,2750
"Tamil Nadu",Thiruvannamalai,"Cheyyar(Uzhavar Sandhai )",Ridgeguard(Tori),Ridgeguard(Tori),Local,21/09/2026,3500,4200,3850
"Tamil Nadu",Thiruvannamalai,"Cheyyar(Uzhavar Sandhai )",Drumstick,Drumstick,Local,21/09/2026,5000,6000,5500
"Tamil Nadu",Thiruvannamalai,"Cheyyar(Uzhavar Sandhai )",Mango(Raw-Ripe),"Mango - Raw-Ripe",Local,21/09/2026,7000,8000,7500
"Tamil Nadu",Thiruvannamalai,"Cheyyar(Uzhavar Sandhai )","Knool Khol","Knool Khol",Local,21/09/2026,3500,4200,3850
"Tamil Nadu",Thiruvannamalai,"Cheyyar(Uzhavar Sandhai )",Lemon,Lemon,Local,21/09/2026,10000,12000,11000
"Tamil Nadu",Thiruvannamalai,"Cheyyar(Uzhavar Sandhai )","Onion Green","Onion Green",Local,21/09/2026,5000,6000,5500
"Andhra Pradesh",Dr.B.R.A.Konaseema,"Ramachandrapuram APMC",Paddy(Common),Paddy,FAQ,21/09/2026,2441,2448,2441
"Andhra Pradesh","SPSR Nellore","Gudur APMC",Paddy(Common),MTU-1010,Local,21/09/2026,2441,2490,2460
"Andhra Pradesh","Sri Sathya Sai","Madakasira APMC",Groundnut,Local,FAQ,21/09/2026,7550,7550,7550
Telangana,"Bhadradri Kothagudem","Nuguru Charla APMC",Maize,Local,FAQ,21/09/2026,2300,2410,2390
Odisha,Sundergarh,"Panposh APMC",Brinjal,Brinjal,FAQ,21/09/2026,4000,5000,4500
Odisha,Sundergarh,"Panposh APMC",Pumpkin,Other,FAQ,21/09/2026,1000,1400,1200
"Andhra Pradesh","East Godavari","Nidadavolu APMC",Maize,Local,Local,21/09/2026,2410,2410,2410
Punjab,Jalandhar,"Shahkot APMC",Brinjal,Other,Local,21/09/2026,1300,1300,1300
Bihar,Siwan,"Maharjganj APMC",Tomato,Deshi,FAQ,21/09/2026,2800,2800,2800
Bihar,Siwan,"Maharjganj APMC",Brinjal,"Arkasheela Mattigulla",FAQ,21/09/2026,2500,2500,2500
Punjab,Gurdaspur,"Dinanagar APMC",Pumpkin,Other,Medium,21/09/2026,1400,1600,1500
Punjab,Gurdaspur,"Dinanagar APMC",Apple,Apple,Medium,21/09/2026,8000,10000,9000
Punjab,Hoshiarpur,"Garh Shankar APMC",Guava,Other,Medium,21/09/2026,3000,3000,3000
Punjab,Hoshiarpur,"Garh Shankar APMC","Mousambi(Sweet Lime)",Mousambi,Medium,21/09/2026,4500,4500,4500
Punjab,Hoshiarpur,"Garh Shankar APMC",Cauliflower,Cauliflower,FAQ,21/09/2026,2500,2500,2500
Punjab,Jalandhar,"Lohian Khas APMC",Potato,Other,Local,21/09/2026,300,500,400
Punjab,Ludhiana,"Doraha APMC",Banana,Amruthapani,Local,21/09/2026,2500,2500,2500
Punjab,Ludhiana,"Doraha APMC",Potato,Desi,Local,21/09/2026,250,800,600
Punjab,Ludhiana,"Doraha APMC",Lemon,Lemon,Local,21/09/2026,7000,10000,9000
Chattisgarh,Kanker,"Lakhanpuri APMC",Paddy(Common),"I.R. 64",Non-FAQ,21/09/2026,1900,1900,1900
Punjab,Moga,"Nihal Singh Wala APMC","Bottle gourd","Bottle Gourd",FAQ,21/09/2026,3500,3500,3500
Punjab,Moga,"Nihal Singh Wala APMC",Tomato,Other,FAQ,21/09/2026,2800,2800,2800
Keralam,Idukki,"Munnar Market","White Peas",Other,FAQ,21/09/2026,9000,9000,9000
Keralam,Idukki,"Munnar Market","Tender Coconut",Other,Medium,21/09/2026,5000,5000,5000
Keralam,Alappuzha,"Chengannur Market",Coconut,Big,FAQ,21/09/2026,5800,6300,6000
Keralam,Alappuzha,"Chengannur Market","Bottle gourd",Other,FAQ,21/09/2026,1900,2200,2000
Keralam,Alappuzha,"Chengannur Market",Cauliflower,Other,FAQ,21/09/2026,4500,4800,4600
Keralam,Alappuzha,"Chengannur Market",Cowpea(Veg),"Cowpea (Veg)",FAQ,21/09/2026,3900,4200,4000
"Tamil Nadu",Coimbatore,"Sundarapuram(Uzhavar Sandhai )",Banana,"Red Banana",Local,21/09/2026,8000,8500,8250
"Tamil Nadu",Coimbatore,"Sundarapuram(Uzhavar Sandhai )",Brinjal,Other,Local,21/09/2026,4000,4500,4250
"Tamil Nadu",Coimbatore,"Sundarapuram(Uzhavar Sandhai )","Green Peas","Green Peas",Local,21/09/2026,20000,21000,20500
"Tamil Nadu",Coimbatore,"Sundarapuram(Uzhavar Sandhai )","Cluster beans","Cluster Beans",Local,21/09/2026,3600,4000,3800
"Tamil Nadu",Coimbatore,"Sundarapuram(Uzhavar Sandhai )",Cowpea(Veg),"Cowpea (Veg)",Local,21/09/2026,3500,4000,3750
"Tamil Nadu",Coimbatore,"Sundarapuram(Uzhavar Sandhai )",Ginger(Green),"Green Ginger",Local,21/09/2026,15500,16500,16000
"Tamil Nadu",Coimbatore,"Sundarapuram(Uzhavar Sandhai )",Cabbage,Cabbage,Local,21/09/2026,2000,2500,2250
"Tamil Nadu",Coimbatore,"Sundarapuram(Uzhavar Sandhai )",Snakeguard,Snakeguard,Local,21/09/2026,3000,3500,3250
"Tamil Nadu",Coimbatore,"Sundarapuram(Uzhavar Sandhai )",Raddish,Raddish,Local,21/09/2026,3000,3500,3250
Chattisgarh,Kanker,"Narharpur APMC",Paddy(Common),"I.R. 64",Non-FAQ,21/09/2026,2000,2000,2000
Haryana,Gurgaon,"Gurgaon APMC",Guava,Guava,"Grade B",21/09/2026,5000,7000,6000
"Andhra Pradesh",Kakinada,"Prattipadu APMC",Paddy(Common),1001,FAQ,21/09/2026,2369,2389,2379
"Andhra Pradesh",Kakinada,"Jaggampet APMC",Paddy(Common),Common,FAQ,21/09/2026,2369,2380,2369
Haryana,Rohtak,Meham,Apple,Apple,Medium,21/09/2026,10000,10000,10000
Haryana,Rohtak,Meham,"Mousambi(Sweet Lime)",Mousambi,Medium,21/09/2026,3000,3000,3000
Haryana,Rohtak,Meham,"Bhindi(Ladies Finger)",Bhindi,Medium,21/09/2026,2000,2000,2000
"Andhra Pradesh","YSR Kadapa","Kamalapuram APMC",Groundnut,Local,Local,21/09/2026,7550,7550,7550
"Andhra Pradesh","YSR Kadapa","Kamalapuram APMC",Paddy(Common),"B P T",Local,21/09/2026,2550,2550,2550
"Uttar Pradesh","Khiri (Lakhimpur)","Maigalganj APMC",Cauliflower,Cauliflower,FAQ,21/09/2026,1360,1400,1380
Punjab,Gurdaspur,"Kalanaur APMC","Bhindi(Ladies Finger)",Other,"Grade A",21/09/2026,4100,4100,4100
Punjab,Bhatinda,"Rampuraphul(Nabha Mandi) APMC",Raddish,Other,"Grade A",21/09/2026,1000,2000,1500
Punjab,Bhatinda,"Rampuraphul(Nabha Mandi) APMC",Ridgeguard(Tori),Ridgeguard(Tori),"Grade A",21/09/2026,2000,3000,2500
"Andhra Pradesh",Krishna,"Movva (HQ-Kuchipudi) APMC","Black Gram(Urd Beans)(Whole)",Local,Local,21/09/2026,9000,9000,9000
"Himachal Pradesh",Kangra,"SMY Baijnath","Bitter gourd","Bitter Gourd","Grade B",21/09/2026,2900,3300,3200
"Himachal Pradesh",Kangra,"SMY Baijnath",Brinjal,Brinjal,"Grade B",21/09/2026,2600,3000,2800
"Himachal Pradesh",Kangra,"SMY Baijnath",Onion,Onion,"Grade B",21/09/2026,5000,5500,5300
"Himachal Pradesh",Kangra,"SMY Baijnath",Banana,"Banana - Ripe","Grade B",21/09/2026,4100,4600,4300
"Himachal Pradesh",Kangra,"SMY Jaisinghpur",Tomato,Tomato,FAQ,21/09/2026,2600,3000,2800
"Himachal Pradesh",Kangra,"SMY Jaisinghpur",Colacasia,Colacasia,FAQ,21/09/2026,2800,3200,3000
"Himachal Pradesh",Kangra,"SMY Jaisinghpur",Capsicum,Capsicum,FAQ,21/09/2026,6800,7500,7200
"Himachal Pradesh",Kangra,"SMY Jaisinghpur",Cabbage,Cabbage,FAQ,21/09/2026,2800,3200,3000
"Tamil Nadu",Erode,"Sathiyamagalam(Uzhavar Sandhai )",Tomato,Local,Local,21/09/2026,2800,3200,3000
"Tamil Nadu",Erode,"Sathiyamagalam(Uzhavar Sandhai )","Green Chilli","Green Chilly",Local,21/09/2026,6500,7000,6750
"Tamil Nadu",Erode,"Sathiyamagalam(Uzhavar Sandhai )","Green Avare(W)",Other,Local,21/09/2026,5000,5500,5250
"Tamil Nadu",Erode,"Sathiyamagalam(Uzhavar Sandhai )","Elephant Yam(Suran)/Amorphophallus","Elephant Yam (Suran)",Local,21/09/2026,3500,4000,3750
"Tamil Nadu",Erode,"Sathiyamagalam(Uzhavar Sandhai )",Lemon,Lemon,Local,21/09/2026,13000,14000,13500
"Tamil Nadu",Erode,"Sathiyamagalam(Uzhavar Sandhai )",Turnip,Turnip,Local,21/09/2026,6000,6500,6250
"Tamil Nadu",Erode,"Sathiyamagalam(Uzhavar Sandhai )","Onion Green","Onion Green",Local,21/09/2026,6500,7000,6750
"Tamil Nadu",Coimbatore,"Mettupalayam(Uzhavar Sandhai )",Cauliflower,Ranchi,Local,21/09/2026,4000,4500,4250
"Tamil Nadu",Coimbatore,"Mettupalayam(Uzhavar Sandhai )","Mousambi(Sweet Lime)",Mousambi,Local,21/09/2026,4000,5000,4500
"Tamil Nadu",Coimbatore,"Mettupalayam(Uzhavar Sandhai )",Tomato,Deshi,Local,21/09/2026,2500,3000,2750
"Tamil Nadu",Coimbatore,"Mettupalayam(Uzhavar Sandhai )","Cluster beans","Cluster Beans",Local,21/09/2026,3400,3800,3600
"Tamil Nadu",Coimbatore,"Mettupalayam(Uzhavar Sandhai )","Bhindi(Ladies Finger)",Bhindi,Local,21/09/2026,3500,3800,3650
"Tamil Nadu",Coimbatore,"Mettupalayam(Uzhavar Sandhai )","Banana - Green","Banana - Green",Local,21/09/2026,4500,5000,4750
"Tamil Nadu",Coimbatore,"Mettupalayam(Uzhavar Sandhai )",Ginger(Green),"Green Ginger",Local,21/09/2026,7000,16000,11500
"Tamil Nadu",Coimbatore,"Mettupalayam(Uzhavar Sandhai )",Coconut,Coconut,Local,21/09/2026,5500,6000,5750
"Tamil Nadu",Coimbatore,"Mettupalayam(Uzhavar Sandhai )",Cucumbar(Kheera),Cucumbar,Local,21/09/2026,3000,4500,3750
"Tamil Nadu",Coimbatore,"Mettupalayam(Uzhavar Sandhai )",Ridgeguard(Tori),Ridgeguard(Tori),Local,21/09/2026,4000,4800,4400
"Tamil Nadu",Coimbatore,"Mettupalayam(Uzhavar Sandhai )",Capsicum,Capsicum,Local,21/09/2026,5000,6000,5500
"Tamil Nadu",Coimbatore,"Mettupalayam(Uzhavar Sandhai )","Green Avare(W)","Green Avare (W)",Local,21/09/2026,6000,7000,6500
"Tamil Nadu",Coimbatore,"Mettupalayam(Uzhavar Sandhai )","Jack Fruit(Ripe)","Jack Fruit",Local,21/09/2026,3500,4000,3750
"Tamil Nadu",Coimbatore,"Mettupalayam(Uzhavar Sandhai )",Pomegranate,Pomogranate,Local,21/09/2026,13000,15000,14000
"Tamil Nadu",Coimbatore,"Mettupalayam(Uzhavar Sandhai )","Tender Coconut","Tender Coconut",Local,21/09/2026,3500,4000,3750
"Tamil Nadu",Coimbatore,"Mettupalayam(Uzhavar Sandhai )",Lemon,Lemon,Local,21/09/2026,20000,25000,22500
"Tamil Nadu",Coimbatore,"Mettupalayam(Uzhavar Sandhai )",Mint(Pudina),Mint(Pudina),Local,21/09/2026,6000,6500,6250
"Tamil Nadu",Coimbatore,"Mettupalayam(Uzhavar Sandhai )","Baby Corn","Baby Corn","Grade A",21/09/2026,2500,3000,2750
"Tamil Nadu",Namakkal,"Tiruchengode APMC",Chikoos(Sapota),Sapota,Local,21/09/2026,4000,4500,4250
"Tamil Nadu",Namakkal,"Tiruchengode APMC","Mousambi(Sweet Lime)",Mousambi,Local,21/09/2026,3500,4000,3750
"Tamil Nadu",Namakkal,"Tiruchengode APMC",Tomato,Other,Local,21/09/2026,2600,3000,2800
"Tamil Nadu",Namakkal,"Tiruchengode APMC","Bitter gourd",Other,Local,21/09/2026,5400,6000,5700
"Tamil Nadu",Namakkal,"Tiruchengode APMC","Bottle gourd","Bottle Gourd",Local,21/09/2026,1800,2000,1900
"Tamil Nadu",Namakkal,"Tiruchengode APMC",Coconut,Coconut,Local,21/09/2026,5400,6000,5700
"Tamil Nadu",Namakkal,"Tiruchengode APMC",Guava,"Guava Allahabad",Local,21/09/2026,7200,8000,7600
"Tamil Nadu",Namakkal,"Tiruchengode APMC","Tender Coconut","Tender Coconut",Local,21/09/2026,3500,4000,3750
Telangana,Siddipet,"Vantamamidi APMC",Ridgeguard(Tori),Ridgeguard(Tori),Local,21/09/2026,1500,2000,1750
"Tamil Nadu",Ariyalur,"Jeyankondam (Uzhavar Sandhai )",Onion,Bellary,Local,21/09/2026,5400,6000,5700
"Tamil Nadu",Ariyalur,"Jeyankondam (Uzhavar Sandhai )","Bottle gourd","Bottle Gourd",Local,21/09/2026,2500,3000,2750
"Tamil Nadu",Ariyalur,"Jeyankondam (Uzhavar Sandhai )",Raddish,Raddish,Local,21/09/2026,3400,3800,3600
"Tamil Nadu",Ariyalur,"Jeyankondam (Uzhavar Sandhai )","Onion Green","Onion Green",Local,21/09/2026,7000,8000,7500
"Tamil Nadu",Coimbatore,"RSPuram(Uzhavar Sandhai )",Grapes,Annabesahai,Local,21/09/2026,10000,11000,10500
"Tamil Nadu",Coimbatore,"RSPuram(Uzhavar Sandhai )",Onion,Bellary,Local,21/09/2026,5700,6000,5850
"Tamil Nadu",Coimbatore,"RSPuram(Uzhavar Sandhai )",Cauliflower,Ranchi,Local,21/09/2026,4400,4600,4500
"Tamil Nadu",Coimbatore,"RSPuram(Uzhavar Sandhai )","Water Melon","Water Melon",Local,21/09/2026,1500,2000,1750
"Tamil Nadu",Coimbatore,"RSPuram(Uzhavar Sandhai )","Cluster beans","Cluster Beans",Local,21/09/2026,3600,4000,3800
"Tamil Nadu",Coimbatore,"RSPuram(Uzhavar Sandhai )",Amaranthus,Amaranthus,Local,21/09/2026,5600,6500,6050
"Tamil Nadu",Coimbatore,"RSPuram(Uzhavar Sandhai )",Tapioca,Tapioca,Local,21/09/2026,3000,3500,3250
"Tamil Nadu",Coimbatore,"RSPuram(Uzhavar Sandhai )",Coconut,Coconut,Local,21/09/2026,5400,5800,5600
"Tamil Nadu",Coimbatore,"RSPuram(Uzhavar Sandhai )",Raddish,Raddish,Local,21/09/2026,2500,3000,2750
"Tamil Nadu",Coimbatore,"RSPuram(Uzhavar Sandhai )","Knool Khol","Knool Khol",Local,21/09/2026,3200,3800,3500
"Tamil Nadu",Coimbatore,"RSPuram(Uzhavar Sandhai )",Guava,"Guava Allahabad",Local,21/09/2026,6000,7000,6500
"Tamil Nadu",Coimbatore,"RSPuram(Uzhavar Sandhai )",Pomegranate,Pomogranate,Local,21/09/2026,16000,18000,17000
"Tamil Nadu",Coimbatore,"RSPuram(Uzhavar Sandhai )","Tender Coconut","Tender Coconut",Local,21/09/2026,4000,4500,4250
"Tamil Nadu",Coimbatore,"RSPuram(Uzhavar Sandhai )",Yam(Ratalu),"Yam (Ratalu)",Local,21/09/2026,7500,8000,7750
"Tamil Nadu",Coimbatore,"RSPuram(Uzhavar Sandhai )",Lemon,Lemon,Local,21/09/2026,25000,26000,25500
"Tamil Nadu",Coimbatore,"RSPuram(Uzhavar Sandhai )","Baby Corn","Baby Corn","Grade A",21/09/2026,2200,2600,2400
"Tamil Nadu",Coimbatore,"Singanallur(Uzhavar Sandhai )",Banana,Karpura,Local,21/09/2026,5000,9000,7000
"Tamil Nadu",Coimbatore,"Singanallur(Uzhavar Sandhai )",Coriander(Leaves),"I Sort",Local,21/09/2026,4400,4800,4600
"Tamil Nadu",Coimbatore,"Singanallur(Uzhavar Sandhai )","Green Peas","Green Peas",Local,21/09/2026,20000,21000,20500
"Tamil Nadu",Coimbatore,"Singanallur(Uzhavar Sandhai )",Tomato,Deshi,Local,21/09/2026,2500,2800,2650
"Tamil Nadu",Coimbatore,"Singanallur(Uzhavar Sandhai )","Bhindi(Ladies Finger)",Bhindi,Local,21/09/2026,4000,4600,4300
"Tamil Nadu",Coimbatore,"Singanallur(Uzhavar Sandhai )",Coconut,Coconut,Local,21/09/2026,5500,6000,5750
"Tamil Nadu",Coimbatore,"Singanallur(Uzhavar Sandhai )",Raddish,Raddish,Local,21/09/2026,2800,3200,3000
"Tamil Nadu",Coimbatore,"Singanallur(Uzhavar Sandhai )",Mango(Raw-Ripe),"Mango - Raw-Ripe",Local,21/09/2026,6000,7000,6500
"Tamil Nadu",Coimbatore,"Singanallur(Uzhavar Sandhai )","Elephant Yam(Suran)/Amorphophallus","Elephant Yam (Suran)",Local,21/09/2026,3500,4000,3750
"Tamil Nadu",Coimbatore,"Singanallur(Uzhavar Sandhai )",Lemon,Lemon,Local,21/09/2026,25000,26000,25500
"Tamil Nadu",Coimbatore,"Singanallur(Uzhavar Sandhai )","Onion Green","Onion Green",Local,21/09/2026,8500,9200,8850
"Tamil Nadu",Coimbatore,"Pollachi(Uzhavar Sandhai )",Tomato,Deshi,Local,21/09/2026,2200,2800,2500
"Tamil Nadu",Coimbatore,"Pollachi(Uzhavar Sandhai )","Green Chilli","Green Chilly",Local,21/09/2026,5500,6000,5750
"Tamil Nadu",Coimbatore,"Pollachi(Uzhavar Sandhai )",Coconut,Coconut,Local,21/09/2026,5500,6000,5750
"Tamil Nadu",Coimbatore,"Pollachi(Uzhavar Sandhai )",Cabbage,Cabbage,Local,21/09/2026,3000,3500,3250
"Tamil Nadu",Coimbatore,"Pollachi(Uzhavar Sandhai )",Beetroot,Beetroot,Local,21/09/2026,5000,6500,5750
"Tamil Nadu",Coimbatore,"Pollachi(Uzhavar Sandhai )",Ridgeguard(Tori),Ridgeguard(Tori),Local,21/09/2026,4500,5000,4750
"Tamil Nadu",Coimbatore,"Pollachi(Uzhavar Sandhai )",Thondekai,Thondekai,Local,21/09/2026,4000,4500,4250
"Tamil Nadu",Coimbatore,"Pollachi(Uzhavar Sandhai )","Amla(Nelli Kai)",Amla,Local,21/09/2026,7000,8000,7500
"Uttar Pradesh",Shamli,"Kairana APMC",Cauliflower,Cauliflower,FAQ,21/09/2026,1500,1600,1550
"Uttar Pradesh",Shamli,"Kairana APMC",Pumpkin,Pumpkin,FAQ,21/09/2026,1100,1200,1150
"Uttar Pradesh",Shamli,"Kairana APMC",Lemon,Lemon,FAQ,21/09/2026,4500,4600,4550
"Uttar Pradesh",Shamli,"Kairana APMC","Bottle gourd","Bottle Gourd",FAQ,21/09/2026,900,1000,950
Telangana,"Ranga Reddy","Vanasthalipuram,RBZ ",Potato,Potato,"Grade A",21/09/2026,2100,2100,2100
Telangana,"Ranga Reddy","Vanasthalipuram,RBZ ",Cabbage,Cabbage,"Grade A",21/09/2026,1500,1500,1500
Telangana,"Ranga Reddy","Vanasthalipuram,RBZ ","Field Bean(Anumulu)","Field Bean(Anumulu)","Grade A",21/09/2026,4500,4500,4500
Telangana,"Ranga Reddy","Vanasthalipuram,RBZ ",Drumstick,Drumstick,"Grade A",21/09/2026,4500,4500,4500
Telangana,"Ranga Reddy","Vanasthalipuram,RBZ ",Beetroot,Beetroot,"Grade A",21/09/2026,2800,2800,2800
"Tamil Nadu",Karur,"Karur(Uzhavar Sandhai )",Cauliflower,Ranchi,Local,21/09/2026,4000,4500,4250
"Tamil Nadu",Karur,"Karur(Uzhavar Sandhai )","Cluster beans","Cluster Beans",Local,21/09/2026,3500,4000,3750
"Tamil Nadu",Karur,"Karur(Uzhavar Sandhai )","Banana - Green","Banana - Green",Local,21/09/2026,2500,3000,2750
"Tamil Nadu",Karur,"Karur(Uzhavar Sandhai )",Ridgeguard(Tori),Ridgeguard(Tori),Local,21/09/2026,4000,4500,4250
"Tamil Nadu",Karur,"Karur(Uzhavar Sandhai )",Capsicum,Capsicum,Local,21/09/2026,6500,7000,6750
"Tamil Nadu",Karur,"Karur(Uzhavar Sandhai )","Onion Green","Onion Green",Local,21/09/2026,9000,9500,9250
"Tamil Nadu",Karur,"Karur(Uzhavar Sandhai )","Sweet Corn ","Sweet Corn ",Local,21/09/2026,3500,4000,3750
"Tamil Nadu",Coimbatore,"Kurichi(Uzhavar Sandhai )",Onion,Bellary,Local,21/09/2026,6000,6400,6200
"Tamil Nadu",Coimbatore,"Kurichi(Uzhavar Sandhai )","Cluster beans","Cluster Beans",Local,21/09/2026,3500,3800,3650
"Tamil Nadu",Coimbatore,"Kurichi(Uzhavar Sandhai )","Bottle gourd","Bottle Gourd",Local,21/09/2026,2500,3000,2750
"Tamil Nadu",Coimbatore,"Kurichi(Uzhavar Sandhai )",Mint(Pudina),Mint(Pudina),Local,21/09/2026,5500,6000,5750
"Tamil Nadu",Cuddalore,"Chidambaram(Uzhavar Sandhai )",Banana,Besrai,Local,21/09/2026,4000,4000,4000
"Tamil Nadu",Cuddalore,"Chidambaram(Uzhavar Sandhai )",Brinjal,Round,Local,21/09/2026,4000,4000,4000
"Tamil Nadu",Cuddalore,"Cuddalore(Uzhavar Sandhai )",Brinjal,Round,Local,21/09/2026,3000,5000,4000
"Tamil Nadu",Cuddalore,"Cuddalore(Uzhavar Sandhai )",Carrot,Pusakesar,Local,21/09/2026,5000,5000,5000
"Tamil Nadu",Cuddalore,"Cuddalore(Uzhavar Sandhai )",Beetroot,Beetroot,Local,21/09/2026,4000,4000,4000
"Tamil Nadu",Cuddalore,"Cuddalore(Uzhavar Sandhai )",Ridgeguard(Tori),Ridgeguard(Tori),Local,21/09/2026,6000,6000,6000
"Tamil Nadu",Cuddalore,"Cuddalore(Uzhavar Sandhai )",Guava,"Guava Allahabad",Local,21/09/2026,4000,5000,4500
"Tamil Nadu",Cuddalore,"Cuddalore(Uzhavar Sandhai )",Lemon,Lemon,Local,21/09/2026,30000,35000,32500
"Tamil Nadu",Cuddalore,"Cuddalore(Uzhavar Sandhai )",Colacasia,Colacasia,Local,21/09/2026,6000,6000,6000
"Tamil Nadu",Cuddalore,"Cuddalore(Uzhavar Sandhai )","Onion Green","Onion Green",Local,21/09/2026,11000,11000,11000
"Tamil Nadu",Cuddalore,"Cuddalore(Uzhavar Sandhai )",Mint(Pudina),Mint(Pudina),Local,21/09/2026,4000,4000,4000
Bihar,Khagaria,"Khagaria APMC",Cauliflower,"African Sarson","Grade A",21/09/2026,5133.33282,5399.99946,5266.66614
"Tamil Nadu","Nagercoil (Kannyiakumari)","Vadaseri APMC",Pineapple,"Pine Apple",Local,21/09/2026,4500,5000,4750
"Tamil Nadu","Nagercoil (Kannyiakumari)","Vadaseri APMC",Garlic,Garlic,Local,21/09/2026,20000,22000,21000
"Tamil Nadu","Nagercoil (Kannyiakumari)","Vadaseri APMC",Ashgourd,Gouard,Local,21/09/2026,1700,2000,1850
"Tamil Nadu","Nagercoil (Kannyiakumari)","Vadaseri APMC","Green Chilli","Green Chilly",Local,21/09/2026,6500,7000,6750
"Tamil Nadu","Nagercoil (Kannyiakumari)","Vadaseri APMC",Cowpea(Veg),"Cowpea (Veg)",Local,21/09/2026,4300,4800,4550
"Tamil Nadu","Nagercoil (Kannyiakumari)","Vadaseri APMC",Carrot,Pusakesar,Local,21/09/2026,5500,6000,5750
"Tamil Nadu","Nagercoil (Kannyiakumari)","Vadaseri APMC",Mango(Raw-Ripe),"Mango - Raw-Ripe",Local,21/09/2026,9000,10000,9500
"Tamil Nadu","Nagercoil (Kannyiakumari)","Vadaseri APMC","Jack Fruit(Ripe)","Jack Fruit",Local,21/09/2026,3000,3500,3250
"Tamil Nadu","Nagercoil (Kannyiakumari)","Vadaseri APMC",Lemon,Lemon,Local,21/09/2026,24000,28000,26000
"Tamil Nadu","Nagercoil (Kannyiakumari)","Vadaseri APMC","Onion Green","Onion Green",Local,21/09/2026,10000,11000,10500
"Tamil Nadu",Pudukkottai,"Karambakkudi(Uzhavar Sandhai )","Bottle gourd","Bottle Gourd",Local,21/09/2026,2500,3000,2750
"Tamil Nadu",Pudukkottai,"Karambakkudi(Uzhavar Sandhai )","Bhindi(Ladies Finger)",Bhindi,Local,21/09/2026,3000,3500,3250
"Tamil Nadu",Pudukkottai,"Karambakkudi(Uzhavar Sandhai )",Drumstick,Drumstick,Local,21/09/2026,4500,5000,4750
"Tamil Nadu",Vellore,"Vellore APMC","Green Chilli","Green Chilly",Local,21/09/2026,4500,4500,4500
"Tamil Nadu",Vellore,"Vellore APMC",Cabbage,Cabbage,Local,21/09/2026,3000,3000,3000
"Tamil Nadu",Vellore,"Vellore APMC",Beetroot,Beetroot,Local,21/09/2026,4600,4600,4600
Haryana,Panipat,"Panipat(Babarpur) APMC",Paddy(Basmati),"Basmati 1509",Local,21/09/2026,3620,3920,3810
Bihar,Supaul,"Supaul APMC",Potato,Potato,"Grade A",21/09/2026,1300,1600,1500
"Tamil Nadu",Dharmapuri,"Harur(Uzhavar Sandhai )",Tomato,Deshi,Local,21/09/2026,2000,2500,2250
"Tamil Nadu",Dharmapuri,"Harur(Uzhavar Sandhai )",Pumpkin,Pumpkin,Local,21/09/2026,1500,2000,1750
"Tamil Nadu",Dharmapuri,"Harur(Uzhavar Sandhai )","Bhindi(Ladies Finger)",Bhindi,Local,21/09/2026,2000,2500,2250
"Tamil Nadu",Dharmapuri,"Harur(Uzhavar Sandhai )",Beans,"Beans (Whole)",Local,21/09/2026,10000,11000,10500
"Tamil Nadu",Dharmapuri,"Harur(Uzhavar Sandhai )",Coconut,Coconut,Local,21/09/2026,6000,7000,6500
"Tamil Nadu",Krishnagiri,"Kaveripattinam(Uzhavar Sandhai )",Potato,"Red Nanital",Local,21/09/2026,4000,4000,4000
"Tamil Nadu",Krishnagiri,"Kaveripattinam(Uzhavar Sandhai )",Ridgeguard(Tori),Ridgeguard(Tori),Local,21/09/2026,5000,5000,5000
"Tamil Nadu",Krishnagiri,"Kaveripattinam(Uzhavar Sandhai )",Raddish,Raddish,Local,21/09/2026,3000,3000,3000
"Tamil Nadu",Krishnagiri,"Kaveripattinam(Uzhavar Sandhai )","Onion Green","Onion Green",Local,21/09/2026,8000,8000,8000
"Tamil Nadu","The Nilgiris","Coonoor(Uzhavar Sandhai )",Garlic,Garlic,Local,21/09/2026,19000,20000,19500
"Tamil Nadu","The Nilgiris","Coonoor(Uzhavar Sandhai )","Bhindi(Ladies Finger)",Bhindi,Local,21/09/2026,4000,4400,4200
"Tamil Nadu","The Nilgiris","Coonoor(Uzhavar Sandhai )",Amaranthus,Amaranthus,Local,21/09/2026,4200,4500,4350
"Tamil Nadu","The Nilgiris","Coonoor(Uzhavar Sandhai )",Snakeguard,Snakeguard,Local,21/09/2026,3500,3800,3650
"Tamil Nadu","The Nilgiris","Coonoor(Uzhavar Sandhai )",Capsicum,Capsicum,Local,21/09/2026,5600,6000,5800
"Tamil Nadu","The Nilgiris","Gudalur(Uzhavar Sandhai )",Potato,"Red Nanital",Local,21/09/2026,4000,5000,4500
"Tamil Nadu","The Nilgiris","Gudalur(Uzhavar Sandhai )",Cauliflower,Ranchi,Local,21/09/2026,3500,4000,3750
"Tamil Nadu","The Nilgiris","Gudalur(Uzhavar Sandhai )",Brinjal,Round,Local,21/09/2026,3500,4000,3750
"Tamil Nadu","The Nilgiris","Gudalur(Uzhavar Sandhai )","Cluster beans","Cluster Beans",Local,21/09/2026,3500,4000,3750
"Tamil Nadu","The Nilgiris","Gudalur(Uzhavar Sandhai )","Banana - Green","Banana - Green",Local,21/09/2026,4500,5000,4750
"Tamil Nadu","The Nilgiris","Gudalur(Uzhavar Sandhai )",Ginger(Green),"Green Ginger",Local,21/09/2026,10000,16000,13000
"Tamil Nadu","The Nilgiris","Gudalur(Uzhavar Sandhai )",Raddish,Raddish,Local,21/09/2026,3000,3500,3250
"Tamil Nadu","The Nilgiris","Gudalur(Uzhavar Sandhai )",Drumstick,Drumstick,Local,21/09/2026,4500,5000,4750
"Tamil Nadu","The Nilgiris","Gudalur(Uzhavar Sandhai )","Elephant Yam(Suran)/Amorphophallus","Elephant Yam (Suran)",Local,21/09/2026,4000,4500,4250
"Himachal Pradesh",Kangra,"SMY Palampur",Banana,Other,Medium,21/09/2026,4500,5000,4800
"Himachal Pradesh",Kangra,"SMY Palampur",Beetroot,Beetroot,FAQ,21/09/2026,4800,5000,4900
"Himachal Pradesh",Kangra,"SMY Palampur",Ginger(Green),"Green Ginger",FAQ,21/09/2026,9000,12000,10000
"Himachal Pradesh",Kangra,"SMY Palampur",Colacasia,Colacasia,FAQ,21/09/2026,2500,3000,2800
"Himachal Pradesh",Kangra,"SMY Palampur",Raddish,Raddish,FAQ,21/09/2026,2200,2500,2400
Punjab,Tarntaran,"Patti APMC",Garlic,Other,Local,21/09/2026,12.6,12.6,12.6
Punjab,Tarntaran,"Patti APMC","Pea Pod/Pea Cod/हरी मटर",Other,Local,21/09/2026,6500,6500,6500
Punjab,Tarntaran,"Patti APMC",Raddish,Raddish,Local,21/09/2026,4.1,4.1,4.1
Uttarakhand,Dehradoon,"Vikasnagar APMC",Pomegranate,Other,Medium,21/09/2026,3800,4000,4000
Uttarakhand,Dehradoon,"Vikasnagar APMC","Bottle gourd",Other,Medium,21/09/2026,600,800,800
Uttarakhand,Dehradoon,"Vikasnagar APMC","Green Chilli","Green Chilly",Medium,21/09/2026,1000,1800,1800
Uttarakhand,Dehradoon,"Vikasnagar APMC","Bitter gourd",Other,Medium,21/09/2026,800,1200,1200
Punjab,Mohali,"Lalru APMC","Bottle gourd",Other,Local,21/09/2026,900,900,900
Punjab,Mohali,"Lalru APMC",Cucumbar(Kheera),Other,Local,21/09/2026,2500,2500,2500
Punjab,Mohali,"Lalru APMC",Onion,Other,Local,21/09/2026,4300,4300,4300
Odisha,Jagatsinghpur,"Jagatsinghpur APMC",Potato,Potato,FAQ,21/09/2026,1350,1500,1450
"Uttar Pradesh",Mau(Maunathbhanjan),"Kopaganj APMC",Cucumbar(Kheera),Cucumbar,FAQ,21/09/2026,1760,1800,1790
Haryana,Hissar,"Hansi APMC","Bottle gourd",Other,FAQ,21/09/2026,600,800,700
Haryana,Hissar,"Hansi APMC",Beetroot,Other,FAQ,21/09/2026,6000,8000,7000
Haryana,Hissar,"Hansi APMC",Spinach,Other,FAQ,21/09/2026,2000,2500,2250
Punjab,Amritsar,"Rayya APMC",Tinda,Other,FAQ,21/09/2026,1780,1780,1780
Gujarat,Amreli,"APMC Bagasara","Corriander seed","A-1, Green",Local,21/09/2026,9500,10000,9750
"Andhra Pradesh",Bapatla,"Kuchinapudi APMC",Maize,Local,Local,21/09/2026,2900,3100,3000
Keralam,Kollam,"Chathanoor Market",Cowpea(Veg),Other,FAQ,21/09/2026,5500,6500,6000
Keralam,Kollam,"Chathanoor Market",Tomato,Other,FAQ,21/09/2026,3500,4500,4000
Keralam,Kollam,"Chathanoor Market","Little gourd(Kundru)",Other,FAQ,21/09/2026,5500,6200,6000
Keralam,Kollam,"Chathanoor Market",Potato,Other,FAQ,21/09/2026,3800,4200,4000
Keralam,Kollam,"Chathanoor Market",Banana,"Banana - Ripe",Medium,21/09/2026,6500,7500,7000
Keralam,Kollam,"Chathanoor Market",Banana,Palayamthodan,Medium,21/09/2026,3000,4000,3500
"Andhra Pradesh",Prakasam,"Maddipadu APMC","Bengal Gram(Gram)(Whole)",Gulabi,FAQ,21/09/2026,6000,6000,6000
"Andhra Pradesh",Prakasam,"Maddipadu APMC","Bajra(Pearl Millet/Cumbu)",Bold,FAQ,21/09/2026,2900,2900,2900
"Andhra Pradesh",Nandyal,"Allagadda APMC",Maize,Local,FAQ,21/09/2026,1950,2050,2000
"Madhya Pradesh",Mandsaur,"Garoth(F&V) APMC","Ladies Finger","Ladies Finger",Local,21/09/2026,1150,1300,1225
Haryana,Rewari,"Kosli APMC",Onion,Other,FAQ,21/09/2026,3000,3000,3000
Haryana,Sonipat,"Ganaur APMC",Onion,Onion,FAQ,21/09/2026,4000,5000,4500
Haryana,Sonipat,"Ganaur APMC","Green Chilli","Green Chilly",Medium,21/09/2026,5000,6000,5500
Haryana,Sonipat,"Ganaur APMC","Mousambi(Sweet Lime)",Mousambi,Medium,21/09/2026,4000,5000,4500
Haryana,Sonipat,"Ganaur APMC",Ginger(Green),"Green Ginger",Medium,21/09/2026,10000,12000,10000
Haryana,Sonipat,"Ganaur APMC",Garlic,Average,Local,21/09/2026,12000,15000,14000
Haryana,Kurukshetra,"Ladwa APMC",Pomegranate,Pomogranate,Medium,21/09/2026,14000,18000,16000
Haryana,Kurukshetra,"Ladwa APMC",Ginger(Green),"Green Ginger",Medium,21/09/2026,5000,8000,6000
Haryana,Kurukshetra,"Ladwa APMC",Capsicum,Capsicum,Medium,21/09/2026,7000,8000,8000
Haryana,Kurukshetra,"Ladwa APMC","Bhindi(Ladies Finger)",Bhindi,Medium,21/09/2026,3500,4000,4000
Haryana,Kurukshetra,"Ladwa APMC",Onion,Other,Medium,21/09/2026,5500,6000,6000
Haryana,Kurukshetra,"Ladwa APMC",Colacasia,Other,Local,21/09/2026,2000,4000,3500
Haryana,Kurukshetra,"Ladwa APMC","Peas Wet","Peas Wet",Medium,21/09/2026,5000,8000,6000
Haryana,Kurukshetra,"Ladwa APMC","Bitter gourd","Bitter Gourd",Medium,21/09/2026,2000,3500,3000
Haryana,Kurukshetra,"Ladwa APMC",Cucumbar(Kheera),Cucumbar,Medium,21/09/2026,3500,4500,4000
Haryana,Kurukshetra,"Ladwa APMC",Lemon,Lemon,Medium,21/09/2026,18000,20000,19000
Punjab,Gurdaspur,"Quadian APMC",Apple,Other,"Grade A",21/09/2026,3800,4000,3900
Punjab,Hoshiarpur,"GarhShankar (Kotfatuhi) APMC",Tomato,Other,FAQ,21/09/2026,2300,2300,2300
Punjab,Jalandhar,"Noor Mehal APMC","Bottle gourd",Other,Local,21/09/2026,1350,1350,1350
Punjab,Jalandhar,"Noor Mehal APMC",Raddish,Other,Local,21/09/2026,2200,2200,2200
Rajasthan,Jalore,"Jalore APMC","Bitter gourd",Other,Local,21/09/2026,2500,2800,2600
Rajasthan,Jalore,"Jalore APMC",Ginger(Green),Other,Local,21/09/2026,4000,4400,4200
Keralam,Kottayam,"Pala Market",Beetroot,Beetroot,FAQ,21/09/2026,6400,6800,6600
Keralam,Kottayam,"Pala Market","Bhindi(Ladies Finger)",Bhindi,FAQ,21/09/2026,3600,4800,4200
Keralam,Kottayam,"Pala Market",Brinjal,Brinjal,FAQ,21/09/2026,5500,6000,5700
Keralam,Kottayam,"Pala Market",Cowpea(Veg),"Cowpea (Veg)",FAQ,21/09/2026,5400,7000,6400
Keralam,Kottayam,"Pala Market",Onion,Big,FAQ,21/09/2026,6200,6800,6500
Odisha,Bolangir,"Kantabaji APMC",Cabbage,Cabbage,"Grade B",21/09/2026,2000,2800,2400
Keralam,Alappuzha,"Harippad Market","Bitter gourd",Other,FAQ,21/09/2026,7000,7500,7000
Keralam,Thiruvananthapuram,"Neyyatinkara Market","Elephant Yam(Suran)/Amorphophallus",Amorphophallus,FAQ,21/09/2026,3400,4000,3600
Keralam,Thiruvananthapuram,"Neyyatinkara Market",Brinjal,Brinjal,FAQ,21/09/2026,3400,4000,3600
Keralam,Thiruvananthapuram,"Neyyatinkara Market",Cabbage,Other,FAQ,21/09/2026,3400,4000,3700
Keralam,Thiruvananthapuram,"Neyyatinkara Market",Carrot,Other,FAQ,21/09/2026,5400,6000,5600
Keralam,Thiruvananthapuram,"Neyyatinkara Market",Ginger(Green),"Green Ginger",FAQ,21/09/2026,5000,12000,8000
Punjab,Moga,"Baghapurana APMC",Tomato,Tomato,"Grade B",21/09/2026,2500,3000,2700
Punjab,Moga,"Moga APMC",Apple,"Kasmir/Shimla - II",Medium,21/09/2026,6000,12000,8000
Punjab,Moga,"Moga APMC",Banana,Champa,Medium,21/09/2026,1600,2000,1800
Keralam,Ernakulam,"Perumbavoor Market",Brinjal,Brinjal,Medium,21/09/2026,3500,4500,4000
Keralam,Ernakulam,"Perumbavoor Market",Drumstick,Drumstick,Large,21/09/2026,3500,4500,4000
Keralam,Ernakulam,"Perumbavoor Market","Little gourd(Kundru)",Other,Medium,21/09/2026,3500,4500,4000
Keralam,Ernakulam,"Perumbavoor Market",Potato,Potato,Medium,21/09/2026,3500,4500,4000
Keralam,Ernakulam,"Perumbavoor Market",Pineapple,"Pine Apple",Medium,21/09/2026,5000,6000,5500
Keralam,Ernakulam,"Perumbavoor Market",Banana,Poovan,Medium,21/09/2026,5000,6000,5500
"Tamil Nadu",Thirupur,"Tiruppur (South) (Uzhavar Sandhai )",Potato,Other,Local,21/09/2026,4000,5000,4500
"Tamil Nadu",Thirupur,"Tiruppur (South) (Uzhavar Sandhai )",Cabbage,Cabbage,Local,21/09/2026,2500,3000,2750
"Tamil Nadu",Thirupur,"Tiruppur (South) (Uzhavar Sandhai )",Raddish,Raddish,Local,21/09/2026,1800,2000,1900
"Tamil Nadu",Erode,"Perundurai(Uzhavar Sandhai )",Cauliflower,Ranchi,Local,21/09/2026,3500,4000,3750
"Tamil Nadu",Erode,"Perundurai(Uzhavar Sandhai )",Coriander(Leaves),"I Sort",Local,21/09/2026,3500,4000,3750
"Tamil Nadu",Erode,"Perundurai(Uzhavar Sandhai )",Papaya,Papaya,Local,21/09/2026,3000,3400,3200
"Tamil Nadu",Erode,"Perundurai(Uzhavar Sandhai )",Pumpkin,Pumpkin,Local,21/09/2026,2200,2500,2350
"Tamil Nadu",Erode,"Perundurai(Uzhavar Sandhai )",Amaranthus,Amaranthus,Local,21/09/2026,3800,4200,4000
"Tamil Nadu",Erode,"Perundurai(Uzhavar Sandhai )","Banana - Green","Banana - Green",Local,21/09/2026,2500,2800,2650
"Tamil Nadu",Dharmapuri,"Dharmapuri(Uzhavar Sandhai )",Brinjal,Round,Local,21/09/2026,1800,2000,1900
"Tamil Nadu",Dharmapuri,"Dharmapuri(Uzhavar Sandhai )","Green Peas","Green Peas",Local,21/09/2026,15200,16000,15600
"Tamil Nadu",Dharmapuri,"Dharmapuri(Uzhavar Sandhai )","Green Chilli","Green Chilly",Local,21/09/2026,3700,4000,3850
"Tamil Nadu",Dharmapuri,"Dharmapuri(Uzhavar Sandhai )",Snakeguard,Snakeguard,Local,21/09/2026,2400,2500,2450
"Tamil Nadu",Dharmapuri,"Dharmapuri(Uzhavar Sandhai )",Beetroot,Beetroot,Local,21/09/2026,4600,5000,4800
"Tamil Nadu",Dharmapuri,"Dharmapuri(Uzhavar Sandhai )","Green Avare(W)","Green Avare (W)",Local,21/09/2026,4600,5000,4800
"Tamil Nadu",Dharmapuri,"Dharmapuri(Uzhavar Sandhai )",Drumstick,Drumstick,Local,21/09/2026,3300,3500,3400
"Tamil Nadu",Dharmapuri,"Dharmapuri(Uzhavar Sandhai )","Tamarind Fruit","Tamarind Fruit",Local,21/09/2026,11000,11600,11300
"Tamil Nadu",Dharmapuri,"Palacode(Uzhavar Sandhai )",Potato,Other,Local,21/09/2026,2500,2800,2650
"Tamil Nadu",Dharmapuri,"Palacode(Uzhavar Sandhai )",Garlic,Garlic,Local,21/09/2026,15500,16000,15750
"Tamil Nadu",Dharmapuri,"Palacode(Uzhavar Sandhai )","Bottle gourd","Bottle Gourd",Local,21/09/2026,1800,2000,1900
"Tamil Nadu",Dharmapuri,"Palacode(Uzhavar Sandhai )","Green Chilli","Green Chilly",Local,21/09/2026,4600,4800,4700
"Tamil Nadu",Dharmapuri,"Palacode(Uzhavar Sandhai )",Coconut,Coconut,Local,21/09/2026,6000,6500,6250
"Tamil Nadu",Dharmapuri,"Palacode(Uzhavar Sandhai )","Chow Chow","Chow Chow",Local,21/09/2026,4400,4600,4500
"Tamil Nadu",Dharmapuri,"Palacode(Uzhavar Sandhai )",Guava,"Guava Allahabad",Local,21/09/2026,6500,7000,6750
"Tamil Nadu",Dharmapuri,"Palacode(Uzhavar Sandhai )","Indian Beans(Seam)","Indian Beans (Seam)",Local,21/09/2026,5600,6000,5800
"Tamil Nadu",Dharmapuri,"Palacode(Uzhavar Sandhai )","Amla(Nelli Kai)",Amla,Local,21/09/2026,8500,9000,8750
"Tamil Nadu",Dharmapuri,"Palacode(Uzhavar Sandhai )","Onion Green","Onion Green",Local,21/09/2026,6500,7000,6750
"Tamil Nadu",Dharmapuri,"Pennagaram(Uzhavar Sandhai )",Cowpea(Veg),"Cowpea (Veg)",Local,21/09/2026,5500,6000,5750
"Tamil Nadu",Dharmapuri,"Pennagaram(Uzhavar Sandhai )",Beans,"Beans (Whole)",Local,21/09/2026,7000,7500,7250
"Tamil Nadu",Dharmapuri,"Pennagaram(Uzhavar Sandhai )",Ginger(Green),"Green Ginger",Local,21/09/2026,19000,20000,19500
"Tamil Nadu",Dharmapuri,"Pennagaram(Uzhavar Sandhai )","Sweet Potato","Hosur Red",Local,21/09/2026,2800,3000,2900
"Tamil Nadu",Dharmapuri,"Pennagaram(Uzhavar Sandhai )",Snakeguard,Snakeguard,Local,21/09/2026,2800,3000,2900
"Tamil Nadu",Dharmapuri,"Pennagaram(Uzhavar Sandhai )",Cucumbar(Kheera),Cucumbar,Local,21/09/2026,4000,4500,4250
"Tamil Nadu",Dharmapuri,"Pennagaram(Uzhavar Sandhai )",Raddish,Raddish,Local,21/09/2026,2200,2400,2300
"Tamil Nadu",Dharmapuri,"Pennagaram(Uzhavar Sandhai )","Chow Chow","Chow Chow",Local,21/09/2026,4000,4500,4250
"Tamil Nadu",Dharmapuri,"Pennagaram(Uzhavar Sandhai )","Knool Khol","Knool Khol",Local,21/09/2026,4500,5000,4750
"Tamil Nadu",Dharmapuri,"Pennagaram(Uzhavar Sandhai )","Onion Green","Onion Green",Local,21/09/2026,7000,8000,7500
"Tamil Nadu",Dharmapuri,"Pennagaram(Uzhavar Sandhai )",Mint(Pudina),Mint(Pudina),Local,21/09/2026,5500,6000,5750
"Tamil Nadu",Dindigul,"Chinnalapatti(Uzhavar Sandhai )",Onion,Bellary,Local,21/09/2026,6500,7000,6750
"Tamil Nadu",Dindigul,"Chinnalapatti(Uzhavar Sandhai )",Coriander(Leaves),"I Sort",Local,21/09/2026,3000,3500,3250
"Tamil Nadu",Dindigul,"Chinnalapatti(Uzhavar Sandhai )",Papaya,Papaya,Local,21/09/2026,4500,5000,4750
"Tamil Nadu",Dindigul,"Chinnalapatti(Uzhavar Sandhai )",Tomato,Deshi,Local,21/09/2026,2500,3000,2750
"Tamil Nadu",Dindigul,"Chinnalapatti(Uzhavar Sandhai )","Bottle gourd","Bottle Gourd",Local,21/09/2026,2500,3000,2750
"Tamil Nadu",Dindigul,"Chinnalapatti(Uzhavar Sandhai )",Coconut,Coconut,Local,21/09/2026,6500,7000,6750
"Tamil Nadu",Dindigul,"Chinnalapatti(Uzhavar Sandhai )",Cabbage,Cabbage,Local,21/09/2026,3600,4000,3800
"Tamil Nadu",Dindigul,"Chinnalapatti(Uzhavar Sandhai )",Raddish,Raddish,Local,21/09/2026,3600,4000,3800
"Tamil Nadu",Dindigul,"Chinnalapatti(Uzhavar Sandhai )","Green Avare(W)",Other,Local,21/09/2026,7000,9000,8000
"Tamil Nadu",Dindigul,"Chinnalapatti(Uzhavar Sandhai )","Elephant Yam(Suran)/Amorphophallus","Elephant Yam (Suran)",Local,21/09/2026,5600,6000,5800
"Tamil Nadu",Dindigul,"Chinnalapatti(Uzhavar Sandhai )","Amla(Nelli Kai)",Amla,Local,21/09/2026,5000,7000,6000
"Tamil Nadu",Dindigul,"Dindigul(Uzhavar Sandhai )",Onion,Bellary,Local,21/09/2026,6000,7000,6500
"Tamil Nadu",Dindigul,"Dindigul(Uzhavar Sandhai )",Coriander(Leaves),"I Sort",Local,21/09/2026,3000,3500,3250
"Tamil Nadu",Dindigul,"Dindigul(Uzhavar Sandhai )",Tomato,Deshi,Local,21/09/2026,2500,3000,2750
"Tamil Nadu",Dindigul,"Dindigul(Uzhavar Sandhai )",Amaranthus,Amaranthus,Local,21/09/2026,2500,3000,2750
"Tamil Nadu",Dindigul,"Dindigul(Uzhavar Sandhai )",Ridgeguard(Tori),Ridgeguard(Tori),Local,21/09/2026,7000,8000,7500
"Tamil Nadu",Dindigul,"Dindigul(Uzhavar Sandhai )",Raddish,Raddish,Local,21/09/2026,3000,4000,3500
"Tamil Nadu",Dindigul,"Dindigul(Uzhavar Sandhai )","Green Avare(W)","Green Avare (W)",Local,21/09/2026,8000,9000,8500
"Tamil Nadu",Dindigul,"Dindigul(Uzhavar Sandhai )","Tamarind Fruit","Tamarind Fruit",Local,21/09/2026,13000,15000,14000
"Tamil Nadu",Dindigul,"Dindigul(Uzhavar Sandhai )",Mint(Pudina),Mint(Pudina),Local,21/09/2026,4000,4500,4250
"Tamil Nadu",Dindigul,"Palani(Uzhavar Sandhai )",Cauliflower,Ranchi,Local,21/09/2026,2000,4000,3000
"Tamil Nadu",Dindigul,"Palani(Uzhavar Sandhai )",Ashgourd,Gouard,Local,21/09/2026,1600,2000,1800
"Tamil Nadu",Dindigul,"Palani(Uzhavar Sandhai )",Coconut,Coconut,Local,21/09/2026,5000,5500,5250
"Tamil Nadu",Dindigul,"Palani(Uzhavar Sandhai )",Ridgeguard(Tori),Ridgeguard(Tori),Local,21/09/2026,3000,5500,4250
"Tamil Nadu",Erode,"Periyar Nagar(Uzhavar Sandhai )",Banana,Besrai,Local,21/09/2026,2400,2800,2600
"Tamil Nadu",Erode,"Periyar Nagar(Uzhavar Sandhai )",Coriander(Leaves),"I Sort",Local,21/09/2026,3500,4000,3750
"Tamil Nadu",Erode,"Periyar Nagar(Uzhavar Sandhai )","Bhindi(Ladies Finger)",Bhindi,Local,21/09/2026,3000,3400,3200
"Tamil Nadu",Erode,"Periyar Nagar(Uzhavar Sandhai )","Banana - Green","Banana - Green",Local,21/09/2026,3000,3500,3250
"Tamil Nadu",Erode,"Periyar Nagar(Uzhavar Sandhai )",Drumstick,Drumstick,Local,21/09/2026,3500,4000,3750
"Tamil Nadu",Erode,"Periyar Nagar(Uzhavar Sandhai )",Lemon,Lemon,Local,21/09/2026,26500,27000,26750
"Tamil Nadu",Kallakuruchi,"Sankarapuram(Uzhavar Sandhai )",Onion,Bellary,Local,21/09/2026,7000,7000,7000
"Tamil Nadu",Kallakuruchi,"Sankarapuram(Uzhavar Sandhai )",Brinjal,Round,Local,21/09/2026,4000,4000,4000
"Tamil Nadu",Kallakuruchi,"Sankarapuram(Uzhavar Sandhai )",Coriander(Leaves),"I Sort",Local,21/09/2026,6000,6000,6000
"Tamil Nadu",Kallakuruchi,"Sankarapuram(Uzhavar Sandhai )",Chikoos(Sapota),Sapota,Local,21/09/2026,5000,5000,5000
"Tamil Nadu",Kallakuruchi,"Sankarapuram(Uzhavar Sandhai )","Bitter gourd","Bitter Gourd",Local,21/09/2026,6000,7000,6500
"Tamil Nadu",Kallakuruchi,"Sankarapuram(Uzhavar Sandhai )","Bhindi(Ladies Finger)",Bhindi,Local,21/09/2026,3000,3000,3000
"Tamil Nadu",Kallakuruchi,"Sankarapuram(Uzhavar Sandhai )","Green Chilli","Green Chilly",Local,21/09/2026,6000,6000,6000
"Tamil Nadu",Kallakuruchi,"Sankarapuram(Uzhavar Sandhai )",Beans,"Beans (Whole)",Local,21/09/2026,10000,10000,10000
"Tamil Nadu",Kallakuruchi,"Sankarapuram(Uzhavar Sandhai )",Tapioca,Tapioca,Local,21/09/2026,3000,3000,3000
"Tamil Nadu",Kallakuruchi,"Sankarapuram(Uzhavar Sandhai )",Coconut,Coconut,Local,21/09/2026,6000,6000,6000
"Tamil Nadu",Kallakuruchi,"Sankarapuram(Uzhavar Sandhai )",Carrot,Pusakesar,Local,21/09/2026,8000,8000,8000
"Tamil Nadu",Kallakuruchi,"Sankarapuram(Uzhavar Sandhai )","Amla(Nelli Kai)",Amla,Local,21/09/2026,10000,10000,10000
"Tamil Nadu",Kallakuruchi,"Sankarapuram(Uzhavar Sandhai )",Mint(Pudina),Mint(Pudina),Local,21/09/2026,3000,3000,3000
"Tamil Nadu",Kancheepuram,"Kundrathur(Uzhavar Sandhai )",Cauliflower,Ranchi,Local,21/09/2026,3000,3500,3250
"Tamil Nadu",Kancheepuram,"Kundrathur(Uzhavar Sandhai )","Bottle gourd","Bottle Gourd",Local,21/09/2026,3000,3000,3000
"Tamil Nadu",Kancheepuram,"Kundrathur(Uzhavar Sandhai )","Bhindi(Ladies Finger)",Bhindi,Local,21/09/2026,4000,4000,4000
"Tamil Nadu",Kancheepuram,"Kundrathur(Uzhavar Sandhai )",Snakeguard,Snakeguard,Local,21/09/2026,4000,4000,4000
"Tamil Nadu",Kancheepuram,"Kundrathur(Uzhavar Sandhai )","Green Avare(W)","Green Avare (W)",Local,21/09/2026,4000,4000,4000
"Tamil Nadu",Kancheepuram,"Sunguvarchatram(Uzhavar Sandhai )",Pumpkin,Pumpkin,Local,21/09/2026,2000,2000,2000
"Tamil Nadu",Kancheepuram,"Sunguvarchatram(Uzhavar Sandhai )",Coconut,Coconut,Local,21/09/2026,5000,6000,5500
"Tamil Nadu",Kancheepuram,"Sunguvarchatram(Uzhavar Sandhai )",Carrot,Pusakesar,Local,21/09/2026,4500,5000,4750
"Tamil Nadu",Kancheepuram,"Sunguvarchatram(Uzhavar Sandhai )",Beetroot,Beetroot,Local,21/09/2026,3500,4000,3750
"Tamil Nadu",Kancheepuram,"Sunguvarchatram(Uzhavar Sandhai )","Green Avare(W)","Green Avare (W)",Local,21/09/2026,8000,8000,8000
"Tamil Nadu",Kancheepuram,"Sunguvarchatram(Uzhavar Sandhai )",Colacasia,Colacasia,Local,21/09/2026,3000,3000,3000
"Tamil Nadu",Krishnagiri,"Avallapalli(Uzhavar Sandhai )",Onion,Bellary,Local,21/09/2026,6000,6500,6250
"Tamil Nadu",Krishnagiri,"Avallapalli(Uzhavar Sandhai )",Cauliflower,Ranchi,Local,21/09/2026,2500,3000,2750
"Tamil Nadu",Krishnagiri,"Avallapalli(Uzhavar Sandhai )",Coriander(Leaves),"I Sort",Local,21/09/2026,5500,6000,5750
"Tamil Nadu",Krishnagiri,"Avallapalli(Uzhavar Sandhai )",Papaya,Papaya,Local,21/09/2026,3500,4000,3750
"Tamil Nadu",Krishnagiri,"Avallapalli(Uzhavar Sandhai )",Ashgourd,Gouard,Local,21/09/2026,2000,2500,2250
"Tamil Nadu",Krishnagiri,"Avallapalli(Uzhavar Sandhai )","Bhindi(Ladies Finger)",Bhindi,Local,21/09/2026,3000,3500,3250
"Tamil Nadu",Krishnagiri,"Avallapalli(Uzhavar Sandhai )","Green Chilli","Green Chilly",Local,21/09/2026,5500,6000,5750
"Tamil Nadu",Krishnagiri,"Avallapalli(Uzhavar Sandhai )",Cowpea(Veg),"Cowpea (Veg)",Local,21/09/2026,5500,6000,5750
"Tamil Nadu",Krishnagiri,"Avallapalli(Uzhavar Sandhai )",Tapioca,Tapioca,Local,21/09/2026,4500,5000,4750
"Tamil Nadu",Krishnagiri,"Avallapalli(Uzhavar Sandhai )",Carrot,Pusakesar,Local,21/09/2026,4500,5000,4750
"Tamil Nadu",Krishnagiri,"Avallapalli(Uzhavar Sandhai )",Cabbage,Cabbage,Local,21/09/2026,1000,1500,1250
"Tamil Nadu",Krishnagiri,"Avallapalli(Uzhavar Sandhai )",Snakeguard,Snakeguard,Local,21/09/2026,3000,3500,3250
"Tamil Nadu",Krishnagiri,"Avallapalli(Uzhavar Sandhai )",Raddish,Raddish,Local,21/09/2026,1000,1500,1250
"Tamil Nadu",Krishnagiri,"Avallapalli(Uzhavar Sandhai )","Green Avare(W)","Green Avare (W)",Local,21/09/2026,5500,6000,5750
"Tamil Nadu",Krishnagiri,"Avallapalli(Uzhavar Sandhai )","Chow Chow","Chow Chow",Local,21/09/2026,2000,2500,2250
"Tamil Nadu",Krishnagiri,"Avallapalli(Uzhavar Sandhai )","Onion Green","Onion Green",Local,21/09/2026,9000,10000,9500
"Tamil Nadu",Dharmapuri,"Karimangalam(Uzhavar Sandhai)",Onion,Bellary,Local,21/09/2026,6000,6400,6200
"Tamil Nadu",Dharmapuri,"Karimangalam(Uzhavar Sandhai)",Potato,Other,Local,21/09/2026,2600,2800,2700
"Tamil Nadu",Dharmapuri,"Karimangalam(Uzhavar Sandhai)",Cauliflower,Ranchi,Local,21/09/2026,3800,4000,3900
"Tamil Nadu",Dharmapuri,"Karimangalam(Uzhavar Sandhai)","Green Peas","Green Peas",Local,21/09/2026,15000,16000,15500
"Tamil Nadu",Dharmapuri,"Karimangalam(Uzhavar Sandhai)",Amaranthus,Amaranthus,Local,21/09/2026,2300,2500,2400
"Tamil Nadu",Dharmapuri,"Karimangalam(Uzhavar Sandhai)",Cabbage,Cabbage,Local,21/09/2026,2800,3000,2900
"Tamil Nadu",Dharmapuri,"Karimangalam(Uzhavar Sandhai)",Beetroot,Beetroot,Local,21/09/2026,4800,5200,5000
"Tamil Nadu",Dharmapuri,"Karimangalam(Uzhavar Sandhai)","Chow Chow","Chow Chow",Local,21/09/2026,4000,4600,4300
"Tamil Nadu",Krishnagiri,"Denkanikottai(Uzhavar Sandhai )","Green Peas","Green Peas",Local,21/09/2026,12000,14000,13000
"Tamil Nadu",Krishnagiri,"Denkanikottai(Uzhavar Sandhai )","Cluster beans","Cluster Beans",Local,21/09/2026,4500,5000,4750
"Tamil Nadu",Krishnagiri,"Denkanikottai(Uzhavar Sandhai )",Ashgourd,Gouard,Local,21/09/2026,1500,2000,1750
"Tamil Nadu",Krishnagiri,"Denkanikottai(Uzhavar Sandhai )","Bhindi(Ladies Finger)",Bhindi,Local,21/09/2026,3000,3500,3250
"Tamil Nadu",Krishnagiri,"Denkanikottai(Uzhavar Sandhai )",Ginger(Green),"Green Ginger",Local,21/09/2026,16000,18000,17000
"Tamil Nadu",Krishnagiri,"Denkanikottai(Uzhavar Sandhai )","Onion Green","Onion Green",Local,21/09/2026,9000,10000,9500
"Tamil Nadu",Krishnagiri,"Hosur(Uzhavar Sandhai )",Pineapple,"Pine Apple",Local,21/09/2026,8000,10000,9000
"Tamil Nadu",Krishnagiri,"Hosur(Uzhavar Sandhai )",Brinjal,Round,Local,21/09/2026,2500,3000,2750
"Tamil Nadu",Krishnagiri,"Hosur(Uzhavar Sandhai )","Green Peas","Green Peas",Local,21/09/2026,12000,14000,13000
"Tamil Nadu",Krishnagiri,"Hosur(Uzhavar Sandhai )","Banana - Green","Banana - Green",Local,21/09/2026,4500,5000,4750
"Tamil Nadu",Krishnagiri,"Hosur(Uzhavar Sandhai )",Beetroot,Beetroot,Local,21/09/2026,4000,4500,4250
"Tamil Nadu",Krishnagiri,"Hosur(Uzhavar Sandhai )","Tube Flower","Tube Flower",Local,21/09/2026,55000,60000,57500
"Tamil Nadu",Krishnagiri,"Hosur(Uzhavar Sandhai )",Mint(Pudina),Mint(Pudina),Local,21/09/2026,3500,4000,3750
"Tamil Nadu",Krishnagiri,"Hosur(Uzhavar Sandhai )","Tube Rose(Loose)","Tube Rose (Loose)",Local,21/09/2026,13000,15000,14000
"Tamil Nadu",Madurai,"Anaiyur(Uzhavar Sandhai )",Onion,Bellary,Local,21/09/2026,4000,6500,5250
"Tamil Nadu",Madurai,"Anaiyur(Uzhavar Sandhai )",Chikoos(Sapota),Sapota,Local,21/09/2026,4000,6000,5000
"Tamil Nadu",Madurai,"Anaiyur(Uzhavar Sandhai )","Bitter gourd",Other,Local,21/09/2026,5000,5500,5250
"Tamil Nadu",Madurai,"Anaiyur(Uzhavar Sandhai )",Ginger(Green),"Green Ginger",Local,21/09/2026,18000,20000,19000
"Tamil Nadu",Madurai,"Anaiyur(Uzhavar Sandhai )",Coconut,Coconut,Local,21/09/2026,6800,7000,6900
"Tamil Nadu",Madurai,"Anaiyur(Uzhavar Sandhai )",Carrot,Pusakesar,Local,21/09/2026,2800,4500,3650
"Tamil Nadu",Madurai,"Anaiyur(Uzhavar Sandhai )",Cabbage,Cabbage,Local,21/09/2026,2600,3000,2800
"Tamil Nadu",Madurai,"Anaiyur(Uzhavar Sandhai )",Ridgeguard(Tori),Ridgeguard(Tori),Local,21/09/2026,4000,4500,4250
"Tamil Nadu",Madurai,"Anaiyur(Uzhavar Sandhai )",Thondekai,Thondekai,Local,21/09/2026,6800,7000,6900
"Tamil Nadu",Madurai,"Anaiyur(Uzhavar Sandhai )",Pomegranate,Pomogranate,Local,21/09/2026,18000,23000,20500
"Tamil Nadu",Madurai,"Anaiyur(Uzhavar Sandhai )","Elephant Yam(Suran)/Amorphophallus","Elephant Yam (Suran)",Local,21/09/2026,4000,4500,4250
"Tamil Nadu",Madurai,"Anaiyur(Uzhavar Sandhai )",Mashrooms,Mashrooms,Local,21/09/2026,22500,25000,23750
"Tamil Nadu",Madurai,"Usilampatti(Uzhavar Sandhai )",Tapioca,Tapioca,Local,21/09/2026,3600,4000,3800
"Tamil Nadu",Madurai,"Usilampatti(Uzhavar Sandhai )","Green Avare(W)","Green Avare (W)",Local,21/09/2026,10000,11000,10500
"Tamil Nadu",Madurai,"Usilampatti(Uzhavar Sandhai )","Indian Beans(Seam)","Indian Beans (Seam)",Local,21/09/2026,5500,6000,5750
"Tamil Nadu",Nagapattinam,"Sirkali(Uzhavar Sandhai )",Potato,"Red Nanital",Local,21/09/2026,3600,4000,3800
"Tamil Nadu",Nagapattinam,"Sirkali(Uzhavar Sandhai )","Bhindi(Ladies Finger)",Bhindi,Local,21/09/2026,4500,5000,4750
"Tamil Nadu",Nagapattinam,"Sirkali(Uzhavar Sandhai )",Ginger(Green),"Green Ginger",Local,21/09/2026,18000,20000,19000
"Tamil Nadu",Nagapattinam,"Sirkali(Uzhavar Sandhai )",Carrot,Pusakesar,Local,21/09/2026,8000,8000,8000
"Tamil Nadu",Nagapattinam,"Sirkali(Uzhavar Sandhai )",Snakeguard,Snakeguard,Local,21/09/2026,4500,5000,4750
"Tamil Nadu",Nagapattinam,"Sirkali(Uzhavar Sandhai )",Lime,Lime,Local,21/09/2026,3500,4000,3750
"Tamil Nadu",Nagapattinam,"Sirkali(Uzhavar Sandhai )","Elephant Yam(Suran)/Amorphophallus","Elephant Yam (Suran)",Local,21/09/2026,6500,7000,6750
"Tamil Nadu",Nagapattinam,"Sirkali(Uzhavar Sandhai )",Yam(Ratalu),"Yam (Ratalu)",Local,21/09/2026,5500,6000,5750
"Tamil Nadu",Nagapattinam,"Sirkali(Uzhavar Sandhai )",Lemon,Lemon,Local,21/09/2026,18000,20000,19000
"Tamil Nadu",Nagapattinam,"Sirkali(Uzhavar Sandhai )",Mint(Pudina),Mint(Pudina),Local,21/09/2026,4000,4500,4250
"Tamil Nadu",Namakkal,"Kumarapalayam(Uzhavar Sandhai )",Potato,Other,Local,21/09/2026,3300,3500,3400
"Tamil Nadu",Namakkal,"Kumarapalayam(Uzhavar Sandhai )","Bottle gourd","Bottle Gourd",Local,21/09/2026,1800,2000,1900
"Tamil Nadu",Namakkal,"Kumarapalayam(Uzhavar Sandhai )",Pumpkin,Pumpkin,Local,21/09/2026,1600,2000,1800
"Tamil Nadu",Namakkal,"Kumarapalayam(Uzhavar Sandhai )",Amaranthus,Amaranthus,Local,21/09/2026,4500,5000,4750
"Tamil Nadu",Namakkal,"Kumarapalayam(Uzhavar Sandhai )","Banana - Green","Banana - Green",Local,21/09/2026,4000,4500,4250
"Tamil Nadu",Namakkal,"Kumarapalayam(Uzhavar Sandhai )",Tapioca,Tapioca,Local,21/09/2026,2900,3500,3200
"Tamil Nadu",Namakkal,"Kumarapalayam(Uzhavar Sandhai )",Ginger(Green),"Green Ginger",Local,21/09/2026,17000,18000,17500
"Tamil Nadu",Namakkal,"Kumarapalayam(Uzhavar Sandhai )",Guava,"Guava Allahabad",Local,21/09/2026,6500,7500,7000
"Tamil Nadu",Namakkal,"Mohanur(Uzhavar Sandhai )",Cauliflower,Ranchi,Local,21/09/2026,3400,4000,3700
"Tamil Nadu",Namakkal,"Mohanur(Uzhavar Sandhai )","Bhindi(Ladies Finger)",Bhindi,Local,21/09/2026,3600,4400,4000
"Tamil Nadu",Namakkal,"Mohanur(Uzhavar Sandhai )","Green Chilli","Green Chilly",Local,21/09/2026,6400,7000,6700
"Tamil Nadu",Namakkal,"Mohanur(Uzhavar Sandhai )",Cabbage,Cabbage,Local,21/09/2026,2800,3500,3150
"Tamil Nadu",Namakkal,"Mohanur(Uzhavar Sandhai )",Lemon,Lemon,Local,21/09/2026,14000,14800,14400
"Tamil Nadu",Namakkal,"Namakkal(Uzhavar Sandhai )","Green Peas","Green Peas",Local,21/09/2026,15000,16000,15500
"Tamil Nadu",Namakkal,"Namakkal(Uzhavar Sandhai )","Bitter gourd",Other,Local,21/09/2026,5000,6000,5500
"Tamil Nadu",Namakkal,"Namakkal(Uzhavar Sandhai )",Ashgourd,Gouard,Local,21/09/2026,1200,1400,1300
"Tamil Nadu",Namakkal,"Namakkal(Uzhavar Sandhai )","Banana - Green","Banana - Green",Local,21/09/2026,3500,4000,3750
"Tamil Nadu",Namakkal,"Namakkal(Uzhavar Sandhai )",Snakeguard,Snakeguard,Local,21/09/2026,5000,5400,5200
"Tamil Nadu",Namakkal,"Namakkal(Uzhavar Sandhai )",Cucumbar(Kheera),Cucumbar,Local,21/09/2026,6000,9000,7500
"Tamil Nadu",Namakkal,"Namakkal(Uzhavar Sandhai )",Guava,"Guava Allahabad",Local,21/09/2026,7000,8000,7500
"Tamil Nadu",Namakkal,"Namakkal(Uzhavar Sandhai )",Mashrooms,Mashrooms,Local,21/09/2026,22500,25000,23750
"Tamil Nadu",Namakkal,"Namakkal(Uzhavar Sandhai )","Onion Green","Onion Green",Local,21/09/2026,5000,9000,7000
"Tamil Nadu",Namakkal,"Paramathivelur(Uzhavar Sandhai )",Brinjal,Round,Local,21/09/2026,4600,5000,4800
"Tamil Nadu",Namakkal,"Paramathivelur(Uzhavar Sandhai )",Coriander(Leaves),"I Sort",Local,21/09/2026,12500,13500,13000
"Tamil Nadu",Namakkal,"Paramathivelur(Uzhavar Sandhai )","Banana - Green","Banana - Green",Local,21/09/2026,4000,4500,4250
"Tamil Nadu",Namakkal,"Paramathivelur(Uzhavar Sandhai )",Coconut,Coconut,Local,21/09/2026,6000,6400,6200
"Tamil Nadu",Namakkal,"Paramathivelur(Uzhavar Sandhai )","Onion Green","Onion Green",Local,21/09/2026,8500,9000,8750
"Tamil Nadu",Namakkal,"Paramathivelur(Uzhavar Sandhai )",Mint(Pudina),Mint(Pudina),Local,21/09/2026,5000,6000,5500
"Tamil Nadu",Namakkal,"Rasipuram(Uzhavar Sandhai )",Groundnut,"Big (With Shell)",Local,21/09/2026,7000,7500,7250
"Tamil Nadu",Namakkal,"Rasipuram(Uzhavar Sandhai )","Chili Red",Bold,Local,21/09/2026,17000,18000,17500
"Tamil Nadu",Namakkal,"Rasipuram(Uzhavar Sandhai )","Cluster beans","Cluster Beans",Local,21/09/2026,3000,3400,3200
"Tamil Nadu",Namakkal,"Rasipuram(Uzhavar Sandhai )",Beans,"Beans (Whole)",Local,21/09/2026,7000,8000,7500
"Tamil Nadu",Namakkal,"Rasipuram(Uzhavar Sandhai )",Tapioca,Tapioca,Local,21/09/2026,3600,3800,3700
"Tamil Nadu",Namakkal,"Rasipuram(Uzhavar Sandhai )",Cabbage,Cabbage,Local,21/09/2026,3400,3600,3500
"Tamil Nadu",Namakkal,"Rasipuram(Uzhavar Sandhai )",Snakeguard,Snakeguard,Local,21/09/2026,4500,5000,4750
"Tamil Nadu",Namakkal,"Rasipuram(Uzhavar Sandhai )",Cucumbar(Kheera),Cucumbar,Local,21/09/2026,7000,8000,7500
"Tamil Nadu",Namakkal,"Rasipuram(Uzhavar Sandhai )",Raddish,Raddish,Local,21/09/2026,2500,3200,2850
"Tamil Nadu",Namakkal,"Rasipuram(Uzhavar Sandhai )","Green Avare(W)",Other,Local,21/09/2026,8000,9000,8500
"Tamil Nadu",Namakkal,"Rasipuram(Uzhavar Sandhai )",Drumstick,Drumstick,Local,21/09/2026,3500,4000,3750
"Tamil Nadu",Namakkal,"Rasipuram(Uzhavar Sandhai )",Mango(Raw-Ripe),"Mango - Raw-Ripe",Local,21/09/2026,6000,7000,6500
"Tamil Nadu",Namakkal,"Rasipuram(Uzhavar Sandhai )",Marigold(Calcutta),Marigold(Calcutta),Local,21/09/2026,22000,24000,23000
"Tamil Nadu",Namakkal,"Rasipuram(Uzhavar Sandhai )",Lemon,Lemon,Local,21/09/2026,13000,15000,14000
"Tamil Nadu",Namakkal,"Rasipuram(Uzhavar Sandhai )","Custard Apple(Sharifa)","Custard Apple(Sharifa)",Local,21/09/2026,3500,4000,3750
"Tamil Nadu",Namakkal,"Rasipuram(Uzhavar Sandhai )",Rose(Local),"Rose (Local)",Local,21/09/2026,14000,16000,15000
"Tamil Nadu",Thanjavur,"Tirukattupalli(Uzhavar Sandhai )",Carrot,Pusakesar,Local,21/09/2026,5600,5600,5600
"Tamil Nadu",Thanjavur,"Tirukattupalli(Uzhavar Sandhai )","Onion Green","Onion Green",Local,21/09/2026,8800,8800,8800
"Tamil Nadu",Madurai,"Palanganatham(Uzhavar Sandhai )",Banana,Besrai,Local,21/09/2026,3000,4000,3500
"Tamil Nadu",Madurai,"Palanganatham(Uzhavar Sandhai )",Grapes,Annabesahai,Local,21/09/2026,10000,12000,11000
"Tamil Nadu",Madurai,"Palanganatham(Uzhavar Sandhai )",Cauliflower,Ranchi,Local,21/09/2026,3000,3500,3250
"Tamil Nadu",Madurai,"Palanganatham(Uzhavar Sandhai )",Tomato,Other,Local,21/09/2026,2500,3000,2750
"Tamil Nadu",Madurai,"Palanganatham(Uzhavar Sandhai )","Bitter gourd","Bitter Gourd",Local,21/09/2026,5000,5500,5250
"Tamil Nadu",Madurai,"Palanganatham(Uzhavar Sandhai )","Betal Leaves",Mysore,Local,21/09/2026,20000,28000,24000
"Tamil Nadu",Madurai,"Palanganatham(Uzhavar Sandhai )",Thondekai,Thondekai,Local,21/09/2026,3000,4000,3500
"Tamil Nadu",Madurai,"Palanganatham(Uzhavar Sandhai )",Capsicum,Capsicum,Local,21/09/2026,6000,7000,6500
"Tamil Nadu",Madurai,"Palanganatham(Uzhavar Sandhai )","Green Avare(W)","Green Avare (W)",Local,21/09/2026,9000,11000,10000
"Tamil Nadu",Madurai,"Palanganatham(Uzhavar Sandhai )",Lime,Lime,Local,21/09/2026,10000,13000,11500
"Tamil Nadu",Madurai,"Palanganatham(Uzhavar Sandhai )",Colacasia,Colacasia,Local,21/09/2026,5000,6000,5500
"Tamil Nadu",Madurai,"Palanganatham(Uzhavar Sandhai )",Mashrooms,Mashrooms,Local,21/09/2026,30000,35000,32500
"Tamil Nadu",Madurai,"Palanganatham(Uzhavar Sandhai )",Mint(Pudina),Mint(Pudina),Local,21/09/2026,5000,5500,5250
"Tamil Nadu",Madurai,"Anna nagar(Uzhavar Sandhai )",Orange,Darjeeling,Local,21/09/2026,14000,14000,14000
"Tamil Nadu",Madurai,"Anna nagar(Uzhavar Sandhai )",Banana,"Red Banana",Local,21/09/2026,9000,9000,9000
"Tamil Nadu",Madurai,"Anna nagar(Uzhavar Sandhai )",Pineapple,"Pine Apple",Local,21/09/2026,7500,7500,7500
"Tamil Nadu",Madurai,"Anna nagar(Uzhavar Sandhai )",Papaya,Papaya,Local,21/09/2026,4500,4500,4500
"Tamil Nadu",Madurai,"Anna nagar(Uzhavar Sandhai )","Water Melon","Water Melon",Local,21/09/2026,1800,2000,1900
"Tamil Nadu",Madurai,"Anna nagar(Uzhavar Sandhai )","Bitter gourd",Other,Local,21/09/2026,5600,5600,5600
"Tamil Nadu",Madurai,"Anna nagar(Uzhavar Sandhai )",Tapioca,Tapioca,Local,21/09/2026,3600,4000,3800
"Tamil Nadu",Madurai,"Anna nagar(Uzhavar Sandhai )",Coconut,Coconut,Local,21/09/2026,6400,6400,6400
"Tamil Nadu",Madurai,"Anna nagar(Uzhavar Sandhai )",Carrot,Pusakesar,Local,21/09/2026,5400,5400,5400
"Tamil Nadu",Madurai,"Anna nagar(Uzhavar Sandhai )","Green Avare(W)",Other,Local,21/09/2026,13000,13000,13000
"Tamil Nadu",Madurai,"Anna nagar(Uzhavar Sandhai )",Pomegranate,Pomogranate,Local,21/09/2026,14000,14000,14000
"Tamil Nadu",Madurai,"Anna nagar(Uzhavar Sandhai )",Lemon,Lemon,Local,21/09/2026,22000,22000,22000
"Tamil Nadu",Perambalur,"Perambalur(Uzhavar Sandhai )",Brinjal,Other,Local,21/09/2026,3800,4000,3900
"Tamil Nadu",Perambalur,"Perambalur(Uzhavar Sandhai )",Coriander(Leaves),"I Sort",Local,21/09/2026,3500,4000,3750
"Tamil Nadu",Perambalur,"Perambalur(Uzhavar Sandhai )","Mousambi(Sweet Lime)",Mousambi,Local,21/09/2026,8000,8000,8000
"Tamil Nadu",Perambalur,"Perambalur(Uzhavar Sandhai )",Ashgourd,Gouard,Local,21/09/2026,1600,2000,1800
"Tamil Nadu",Perambalur,"Perambalur(Uzhavar Sandhai )","Green Chilli","Green Chilly",Local,21/09/2026,5000,5000,5000
"Tamil Nadu",Perambalur,"Perambalur(Uzhavar Sandhai )","Sweet Potato","Hosur Red",Local,21/09/2026,6000,6400,6200
"Tamil Nadu",Perambalur,"Perambalur(Uzhavar Sandhai )",Cabbage,Cabbage,Local,21/09/2026,3200,3200,3200
"Tamil Nadu",Perambalur,"Perambalur(Uzhavar Sandhai )",Snakeguard,Snakeguard,Local,21/09/2026,3200,3200,3200
"Tamil Nadu",Perambalur,"Perambalur(Uzhavar Sandhai )",Ridgeguard(Tori),Ridgeguard(Tori),Local,21/09/2026,6000,6000,6000
"Tamil Nadu",Perambalur,"Perambalur(Uzhavar Sandhai )",Raddish,Raddish,Local,21/09/2026,2800,3200,3000
"Tamil Nadu",Perambalur,"Perambalur(Uzhavar Sandhai )",Mango(Raw-Ripe),"Mango - Raw-Ripe",Local,21/09/2026,9200,10000,9600
"Tamil Nadu",Perambalur,"Perambalur(Uzhavar Sandhai )",Guava,"Guava Allahabad",Local,21/09/2026,6000,7000,6500
"Tamil Nadu",Perambalur,"Perambalur(Uzhavar Sandhai )","Sweet Corn ","Sweet Corn ",Local,21/09/2026,4000,5000,4500
"Tamil Nadu",Salem,"Mecheri(Uzhavar Sandhai)","Bottle gourd","Bottle Gourd",Local,21/09/2026,2000,2500,2250
"Tamil Nadu",Salem,"Mecheri(Uzhavar Sandhai)",Ashgourd,Gouard,Local,21/09/2026,1500,2000,1750
"Tamil Nadu",Salem,"Mecheri(Uzhavar Sandhai)","Green Chilli","Green Chilly",Local,21/09/2026,4000,4500,4250
"Tamil Nadu",Salem,"Mecheri(Uzhavar Sandhai)","Onion Green","Onion Green",Local,21/09/2026,7500,8000,7750
"Tamil Nadu",Ranipet,"Arcot(Uzhavar Sandhai )",Garlic,Garlic,Local,21/09/2026,20000,20000,20000
"Tamil Nadu",Ranipet,"Arcot(Uzhavar Sandhai )",Coriander(Leaves),"I Sort",Local,21/09/2026,3000,3000,3000
"Tamil Nadu",Ranipet,"Arcot(Uzhavar Sandhai )","Cluster beans","Cluster Beans",Local,21/09/2026,3000,3000,3000
"Tamil Nadu",Ranipet,"Arcot(Uzhavar Sandhai )",Beans,"Beans (Whole)",Local,21/09/2026,8000,8000,8000
"Tamil Nadu",Ranipet,"Arcot(Uzhavar Sandhai )",Carrot,Pusakesar,Local,21/09/2026,6000,6000,6000
"Tamil Nadu",Ranipet,"Arcot(Uzhavar Sandhai )",Beetroot,Beetroot,Local,21/09/2026,4500,4500,4500
"Tamil Nadu",Ranipet,"Arcot(Uzhavar Sandhai )","Tender Coconut","Tender Coconut",Local,21/09/2026,2500,3000,2750
"Tamil Nadu",Ranipet,"Ranipettai(Uzhavar Sandhai )",Banana,"Red Banana",Local,21/09/2026,11000,11000,11000
"Tamil Nadu",Ranipet,"Ranipettai(Uzhavar Sandhai )",Coriander(Leaves),"I Sort",Local,21/09/2026,3000,3000,3000
"Tamil Nadu",Ranipet,"Ranipettai(Uzhavar Sandhai )","Banana - Green","Banana - Green",Local,21/09/2026,5000,6000,5500
"Tamil Nadu",Ranipet,"Ranipettai(Uzhavar Sandhai )",Coconut,Coconut,Local,21/09/2026,5000,6000,5500
"Tamil Nadu",Ranipet,"Ranipettai(Uzhavar Sandhai )",Carrot,Pusakesar,Local,21/09/2026,5500,5500,5500
"Tamil Nadu",Ranipet,"Ranipettai(Uzhavar Sandhai )",Drumstick,Drumstick,Local,21/09/2026,4000,5000,4500
"Tamil Nadu",Ranipet,"Ranipettai(Uzhavar Sandhai )","Amla(Nelli Kai)",Amla,Local,21/09/2026,10000,12000,11000
"Tamil Nadu",Salem,"Ammapet(Uzhavar Sandhai )",Groundnut,"Big (With Shell)",Local,21/09/2026,6500,7000,6750
"Tamil Nadu",Salem,"Ammapet(Uzhavar Sandhai )",Coriander(Leaves),"I Sort",Local,21/09/2026,3600,4000,3800
"Tamil Nadu",Salem,"Ammapet(Uzhavar Sandhai )",Papaya,Papaya,Local,21/09/2026,3500,4000,3750
"Tamil Nadu",Salem,"Ammapet(Uzhavar Sandhai )",Tomato,Local,Local,21/09/2026,2000,2500,2250
"Tamil Nadu",Salem,"Ammapet(Uzhavar Sandhai )","Bitter gourd",Other,Local,21/09/2026,3200,3500,3350
"Tamil Nadu",Salem,"Ammapet(Uzhavar Sandhai )",Ginger(Green),"Green Ginger",Local,21/09/2026,17000,18000,17500
"Tamil Nadu",Salem,"Ammapet(Uzhavar Sandhai )",Snakeguard,Snakeguard,Local,21/09/2026,3200,3400,3300
"Tamil Nadu",Salem,"Ammapet(Uzhavar Sandhai )",Capsicum,Capsicum,Local,21/09/2026,5500,6000,5750
"Tamil Nadu",Salem,"Ammapet(Uzhavar Sandhai )",Guava,"Guava Allahabad",Local,21/09/2026,6000,8000,7000
"Tamil Nadu",Salem,"Ammapet(Uzhavar Sandhai )",Pomegranate,Pomogranate,Local,21/09/2026,15000,16000,15500
"Tamil Nadu",Salem,"Ammapet(Uzhavar Sandhai )",Marigold(Calcutta),Marigold(Calcutta),Local,21/09/2026,12000,14000,13000
"Tamil Nadu",Salem,"Ammapet(Uzhavar Sandhai )",Lemon,Lemon,Local,21/09/2026,10000,12000,11000
"Tamil Nadu",Salem,"Ammapet(Uzhavar Sandhai )",Mint(Pudina),Mint(Pudina),Local,21/09/2026,4200,4600,4400
"Tamil Nadu",Salem,"Ammapet(Uzhavar Sandhai )",Rose(Local),"Rose (Local)",Local,21/09/2026,9000,10000,9500
"Tamil Nadu",Salem,"Ammapet(Uzhavar Sandhai )","Baby Corn","Baby Corn","Grade A",21/09/2026,2500,3000,2750
"Tamil Nadu",Salem,"Ammapet(Uzhavar Sandhai )","Sweet Corn ","Sweet Corn ",Local,21/09/2026,3500,4000,3750
"Tamil Nadu",Salem,"Mettur(Uzhavar Sandhai )",Garlic,Garlic,Local,21/09/2026,26000,28000,27000
"Tamil Nadu",Salem,"Mettur(Uzhavar Sandhai )","Mousambi(Sweet Lime)",Mousambi,Local,21/09/2026,2500,3000,2750
"Tamil Nadu",Salem,"Mettur(Uzhavar Sandhai )",Pumpkin,Pumpkin,Local,21/09/2026,1500,2000,1750
"Tamil Nadu",Salem,"Mettur(Uzhavar Sandhai )",Amaranthus,Amaranthus,Local,21/09/2026,2000,2500,2250
"Tamil Nadu",Salem,"Mettur(Uzhavar Sandhai )",Ginger(Green),"Green Ginger",Local,21/09/2026,17000,18000,17500
"Tamil Nadu",Salem,"Mettur(Uzhavar Sandhai )","Chow Chow","Chow Chow",Local,21/09/2026,3500,4000,3750
"Tamil Nadu",Salem,"Mettur(Uzhavar Sandhai )",Drumstick,Drumstick,Local,21/09/2026,2000,2500,2250
"Tamil Nadu",Salem,"Mettur(Uzhavar Sandhai )",Guava,"Guava Allahabad",Local,21/09/2026,5000,6000,5500
"Tamil Nadu",Salem,"Mettur(Uzhavar Sandhai )","Onion Green","Onion Green",Local,21/09/2026,7500,8000,7750
"Tamil Nadu",Salem,"Mettur(Uzhavar Sandhai )","Sweet Corn ","Sweet Corn ",Local,21/09/2026,3500,4000,3750
"Tamil Nadu",Salem,"Sooramangalam(Uzhavar Sandhai )",Onion,Bellary,Local,21/09/2026,6000,6500,6250
"Tamil Nadu",Salem,"Sooramangalam(Uzhavar Sandhai )","Green Peas","Green Peas",Local,21/09/2026,15000,15400,15200
"Tamil Nadu",Salem,"Sooramangalam(Uzhavar Sandhai )","Cluster beans","Cluster Beans",Local,21/09/2026,3400,3600,3500
"Tamil Nadu",Salem,"Sooramangalam(Uzhavar Sandhai )",Ashgourd,Gouard,Local,21/09/2026,1500,1800,1650
"Tamil Nadu",Salem,"Sooramangalam(Uzhavar Sandhai )","Green Chilli","Green Chilly",Local,21/09/2026,3800,4000,3900
"Tamil Nadu",Salem,"Sooramangalam(Uzhavar Sandhai )",Beans,"Beans (Whole)",Local,21/09/2026,10000,10800,10400
"Tamil Nadu",Salem,"Sooramangalam(Uzhavar Sandhai )",Tapioca,Tapioca,Local,21/09/2026,3000,3500,3250
"Tamil Nadu",Salem,"Sooramangalam(Uzhavar Sandhai )","Sweet Potato","Hosur Red",Local,21/09/2026,4000,5000,4500
"Tamil Nadu",Salem,"Sooramangalam(Uzhavar Sandhai )",Carrot,Pusakesar,Local,21/09/2026,4500,4800,4650
"Tamil Nadu",Salem,"Sooramangalam(Uzhavar Sandhai )",Cabbage,Cabbage,Local,21/09/2026,2600,3000,2800
"Tamil Nadu",Salem,"Sooramangalam(Uzhavar Sandhai )","Green Avare(W)",Other,Local,21/09/2026,6800,7000,6900
"Tamil Nadu",Salem,"Sooramangalam(Uzhavar Sandhai )",Mango(Raw-Ripe),"Mango - Raw-Ripe",Local,21/09/2026,5500,6000,5750
"Tamil Nadu",Salem,"Sooramangalam(Uzhavar Sandhai )","Tender Coconut","Tender Coconut",Local,21/09/2026,3500,4000,3750
"Tamil Nadu",Salem,"Sooramangalam(Uzhavar Sandhai )",Yam(Ratalu),"Yam (Ratalu)",Local,21/09/2026,6500,7000,6750
"Tamil Nadu",Salem,"Sooramangalam(Uzhavar Sandhai )",Colacasia,Colacasia,Local,21/09/2026,6500,7000,6750
"Tamil Nadu",Salem,"Sooramangalam(Uzhavar Sandhai )",Mint(Pudina),Mint(Pudina),Local,21/09/2026,4000,4200,4100
"Tamil Nadu",Thiruchirappalli,"Thuraiyur APMC",Potato,Other,Local,21/09/2026,2500,3000,2750
"Tamil Nadu",Thiruchirappalli,"Thuraiyur APMC",Ashgourd,Gouard,Local,21/09/2026,1200,1800,1500
"Tamil Nadu",Thiruchirappalli,"Thuraiyur APMC","Green Chilli","Green Chilly",Local,21/09/2026,3500,4200,3850
"Tamil Nadu",Thiruchirappalli,"Thuraiyur APMC",Thondekai,Thondekai,Local,21/09/2026,4500,5000,4750
"Tamil Nadu",Thiruchirappalli,"Thuraiyur APMC",Mango(Raw-Ripe),"Mango - Raw-Ripe",Local,21/09/2026,9000,10000,9500
"Tamil Nadu",Thiruchirappalli,"Thuraiyur APMC",Yam(Ratalu),"Yam (Ratalu)",Local,21/09/2026,4500,5000,4750
"Tamil Nadu",Salem,"Thammampatti (Uzhavar Sandhai )",Tomato,Deshi,Local,21/09/2026,2000,2800,2400
"Tamil Nadu",Salem,"Thammampatti (Uzhavar Sandhai )","Bottle gourd","Bottle Gourd",Local,21/09/2026,2000,2500,2250
"Tamil Nadu",Salem,"Thammampatti (Uzhavar Sandhai )",Beans,"Beans (Whole)",Local,21/09/2026,8500,9000,8750
"Tamil Nadu",Salem,"Thammampatti (Uzhavar Sandhai )","Green Avare(W)","Green Avare (W)",Local,21/09/2026,7000,7500,7250
"Tamil Nadu",Salem,"Thammampatti (Uzhavar Sandhai )",Drumstick,Drumstick,Local,21/09/2026,4000,4500,4250
"Tamil Nadu",Salem,"Thammampatti (Uzhavar Sandhai )","Amla(Nelli Kai)",Amla,Local,21/09/2026,7000,8000,7500
"Tamil Nadu",Salem,"Thammampatti (Uzhavar Sandhai )",Mint(Pudina),Mint(Pudina),Local,21/09/2026,4000,4500,4250
"Tamil Nadu",Salem,"Thathakapatti(Uzhavar Sandhai )",Groundnut,"Big (With Shell)",Local,21/09/2026,7000,8000,7500
"Tamil Nadu",Salem,"Thathakapatti(Uzhavar Sandhai )","Green Peas","Green Peas",Local,21/09/2026,14000,15000,14500
"Tamil Nadu",Salem,"Thathakapatti(Uzhavar Sandhai )","Bitter gourd","Bitter Gourd",Local,21/09/2026,3600,4000,3800
"Tamil Nadu",Salem,"Thathakapatti(Uzhavar Sandhai )",Ashgourd,Gouard,Local,21/09/2026,1500,2000,1750
"Tamil Nadu",Salem,"Thathakapatti(Uzhavar Sandhai )",Tapioca,Tapioca,Local,21/09/2026,3000,4000,3500
"Tamil Nadu",Salem,"Thathakapatti(Uzhavar Sandhai )",Cucumbar(Kheera),Cucumbar,Local,21/09/2026,4000,5000,4500
"Tamil Nadu",Salem,"Thathakapatti(Uzhavar Sandhai )",Thondekai,Thondekai,Local,21/09/2026,3500,4000,3750
"Tamil Nadu",Salem,"Thathakapatti(Uzhavar Sandhai )",Capsicum,Capsicum,Local,21/09/2026,5500,6000,5750
"Tamil Nadu",Salem,"Thathakapatti(Uzhavar Sandhai )","Indian Beans(Seam)","Indian Beans (Seam)",Local,21/09/2026,6000,6500,6250
"Tamil Nadu",Salem,"Thathakapatti(Uzhavar Sandhai )",Colacasia,Colacasia,Local,21/09/2026,5000,6000,5500
"Tamil Nadu",Theni,"Chinnamanur(Uzhavar Sandhai )",Onion,Bellary,Local,21/09/2026,6600,6600,6600
"Tamil Nadu",Theni,"Chinnamanur(Uzhavar Sandhai )",Potato,Other,Local,21/09/2026,5500,5500,5500
"Tamil Nadu",Theni,"Chinnamanur(Uzhavar Sandhai )",Pumpkin,Pumpkin,Local,21/09/2026,1500,2400,1950
"Tamil Nadu",Theni,"Chinnamanur(Uzhavar Sandhai )",Amaranthus,Amaranthus,Local,21/09/2026,2500,2500,2500
"Tamil Nadu",Theni,"Chinnamanur(Uzhavar Sandhai )",Coconut,Coconut,Local,21/09/2026,5800,5800,5800
"Tamil Nadu",Theni,"Chinnamanur(Uzhavar Sandhai )",Snakeguard,Snakeguard,Local,21/09/2026,3000,3000,3000
"Tamil Nadu",Theni,"Chinnamanur(Uzhavar Sandhai )",Yam(Ratalu),"Yam (Ratalu)",Local,21/09/2026,5000,5000,5000
"Tamil Nadu",Theni,"Kambam(Uzhavar Sandhai )",Potato,"Red Nanital",Local,21/09/2026,3000,3000,3000
"Tamil Nadu",Theni,"Kambam(Uzhavar Sandhai )",Cauliflower,Ranchi,Local,21/09/2026,2500,3500,3000
"Tamil Nadu",Theni,"Kambam(Uzhavar Sandhai )",Brinjal,Round,Local,21/09/2026,2500,3000,2750
"Tamil Nadu",Theni,"Kambam(Uzhavar Sandhai )","Cluster beans","Cluster Beans",Local,21/09/2026,3000,3000,3000
"Tamil Nadu",Theni,"Kambam(Uzhavar Sandhai )","Banana - Green","Banana - Green",Local,21/09/2026,3500,3600,3550
"Tamil Nadu",Theni,"Kambam(Uzhavar Sandhai )",Cabbage,Cabbage,Local,21/09/2026,3000,3000,3000
"Tamil Nadu",Theni,"Kambam(Uzhavar Sandhai )",Thondekai,Thondekai,Local,21/09/2026,3800,3800,3800
"Tamil Nadu",Theni,"Kambam(Uzhavar Sandhai )","Green Avare(W)","Green Avare (W)",Local,21/09/2026,8000,8000,8000
"Tamil Nadu",Theni,"Kambam(Uzhavar Sandhai )",Mashrooms,Mashrooms,Local,21/09/2026,25000,25000,25000
"Tamil Nadu",Theni,"Theni(Uzhavar Sandhai )",Apple,American,Local,21/09/2026,14000,26000,20000
"Tamil Nadu",Theni,"Theni(Uzhavar Sandhai )",Onion,Bellary,Local,21/09/2026,6000,6500,6250
"Tamil Nadu",Theni,"Theni(Uzhavar Sandhai )",Cauliflower,Ranchi,Local,21/09/2026,2000,3500,2750
"Tamil Nadu",Theni,"Theni(Uzhavar Sandhai )","Mousambi(Sweet Lime)",Mousambi,Local,21/09/2026,7000,7000,7000
"Tamil Nadu",Theni,"Theni(Uzhavar Sandhai )",Tomato,Other,Local,21/09/2026,2000,2500,2250
"Tamil Nadu",Theni,"Theni(Uzhavar Sandhai )",Pumpkin,Pumpkin,Local,21/09/2026,1500,1800,1650
"Tamil Nadu",Theni,"Theni(Uzhavar Sandhai )","Banana - Green","Banana - Green",Local,21/09/2026,2500,3000,2750
"Tamil Nadu",Theni,"Theni(Uzhavar Sandhai )","Betal Leaves",Mysore,Local,21/09/2026,22000,22000,22000
"Tamil Nadu",Theni,"Theni(Uzhavar Sandhai )","Green Avare(W)",Other,Local,21/09/2026,7000,9000,8000
"Tamil Nadu",Theni,"Theni(Uzhavar Sandhai )",Colacasia,Colacasia,Local,21/09/2026,5000,5000,5000
"Tamil Nadu",Theni,"Theni(Uzhavar Sandhai )","Custard Apple(Sharifa)","Custard Apple(Sharifa)",Local,21/09/2026,8000,8000,8000
"Tamil Nadu",Thirunelveli,"Ambasamudram(Uzhavar Sandhai )",Brinjal,Other,Local,21/09/2026,3000,3600,3300
"Tamil Nadu",Thirunelveli,"Ambasamudram(Uzhavar Sandhai )",Tomato,Local,Local,21/09/2026,2000,2400,2200
"Tamil Nadu",Thirunelveli,"Ambasamudram(Uzhavar Sandhai )","Green Chilli","Green Chilly",Local,21/09/2026,3300,4000,3650
"Tamil Nadu",Thirunelveli,"NGO Colony(Uzhavar Sandhai )",Cauliflower,Ranchi,Local,21/09/2026,3500,4400,3950
"Tamil Nadu",Thirunelveli,"NGO Colony(Uzhavar Sandhai )",Brinjal,Round,Local,21/09/2026,3000,3600,3300
"Tamil Nadu",Thirunelveli,"NGO Colony(Uzhavar Sandhai )",Tomato,Deshi,Local,21/09/2026,2000,2400,2200
"Tamil Nadu",Thirunelveli,"NGO Colony(Uzhavar Sandhai )","Green Chilli","Green Chilly",Local,21/09/2026,3500,4000,3750
"Tamil Nadu",Thirunelveli,"NGO Colony(Uzhavar Sandhai )",Snakeguard,Snakeguard,Local,21/09/2026,2200,2600,2400
"Tamil Nadu",Thirunelveli,"NGO Colony(Uzhavar Sandhai )",Ridgeguard(Tori),Ridgeguard(Tori),Local,21/09/2026,3500,4000,3750
"Tamil Nadu",Thirunelveli,"NGO Colony(Uzhavar Sandhai )",Raddish,Raddish,Local,21/09/2026,3000,3500,3250
"Tamil Nadu",Thirunelveli,"Palayamkottai(Uzhavar Sandhai )",Banana,"Red Banana",Local,21/09/2026,10000,11000,10500
"Tamil Nadu",Thirunelveli,"Palayamkottai(Uzhavar Sandhai )",Garlic,Garlic,Local,21/09/2026,28000,30000,29000
"Tamil Nadu",Thirunelveli,"Palayamkottai(Uzhavar Sandhai )",Cauliflower,Ranchi,Local,21/09/2026,4200,4400,4300
"Tamil Nadu",Thirunelveli,"Palayamkottai(Uzhavar Sandhai )",Papaya,Papaya,Local,21/09/2026,3500,4000,3750
"Tamil Nadu",Thirunelveli,"Palayamkottai(Uzhavar Sandhai )",Ashgourd,Gouard,Local,21/09/2026,1000,1200,1100
"Tamil Nadu",Thirunelveli,"Palayamkottai(Uzhavar Sandhai )",Pumpkin,Pumpkin,Local,21/09/2026,1000,1200,1100
"Tamil Nadu",Thirunelveli,"Palayamkottai(Uzhavar Sandhai )","Green Chilli","Green Chilly",Local,21/09/2026,4000,5000,4500
"Tamil Nadu",Thirunelveli,"Palayamkottai(Uzhavar Sandhai )","Banana - Green","Banana - Green",Local,21/09/2026,3500,4000,3750
"Tamil Nadu",Thirunelveli,"Palayamkottai(Uzhavar Sandhai )",Beans,"Beans (Whole)",Local,21/09/2026,11000,12000,11500
"Tamil Nadu",Thirunelveli,"Palayamkottai(Uzhavar Sandhai )",Coconut,Coconut,Local,21/09/2026,5600,6000,5800
"Tamil Nadu",Thirunelveli,"Palayamkottai(Uzhavar Sandhai )",Carrot,Pusakesar,Local,21/09/2026,3000,4600,3800
"Tamil Nadu",Thirunelveli,"Palayamkottai(Uzhavar Sandhai )",Cabbage,Cabbage,Local,21/09/2026,2400,2600,2500
"Tamil Nadu",Thirunelveli,"Palayamkottai(Uzhavar Sandhai )",Ridgeguard(Tori),Ridgeguard(Tori),Local,21/09/2026,3500,4000,3750
"Tamil Nadu",Thirunelveli,"Palayamkottai(Uzhavar Sandhai )",Thondekai,Thondekai,Local,21/09/2026,5000,5500,5250
"Tamil Nadu",Thirupur,"Kangayam(Uzhavar Sandhai )",Banana,Besrai,Local,21/09/2026,3500,4000,3750
"Tamil Nadu",Thirupur,"Kangayam(Uzhavar Sandhai )","Green Chilli","Green Chilly",Local,21/09/2026,6000,7000,6500
"Tamil Nadu",Thirupur,"Kangayam(Uzhavar Sandhai )",Snakeguard,Snakeguard,Local,21/09/2026,4500,5000,4750
"Tamil Nadu",Thirupur,"Kangayam(Uzhavar Sandhai )",Lemon,Lemon,Local,21/09/2026,15000,20000,17500
"Tamil Nadu",Thirupur,"Tiruppur (North) (Uzhavar Sandhai )",Brinjal,Other,Local,21/09/2026,2500,3000,2750
"Tamil Nadu",Thirupur,"Tiruppur (North) (Uzhavar Sandhai )","Bitter gourd",Other,Local,21/09/2026,5000,5500,5250
"Tamil Nadu",Thirupur,"Tiruppur (North) (Uzhavar Sandhai )",Cowpea(Veg),"Cowpea (Veg)",Local,21/09/2026,2500,3000,2750
"Tamil Nadu",Thirupur,"Tiruppur (North) (Uzhavar Sandhai )","Chow Chow","Chow Chow",Local,21/09/2026,2500,3000,2750
"Tamil Nadu",Thiruvannamalai,"Chengam(Uzhavar Sandhai )",Potato,"Red Nanital",Local,21/09/2026,2500,3000,2750
"Tamil Nadu",Thiruvannamalai,"Chengam(Uzhavar Sandhai )",Cauliflower,Ranchi,Local,21/09/2026,3300,4000,3650
"Tamil Nadu",Thiruvannamalai,"Chengam(Uzhavar Sandhai )",Tomato,Deshi,Local,21/09/2026,2000,2500,2250
"Tamil Nadu",Thiruvannamalai,"Chengam(Uzhavar Sandhai )","Bottle gourd","Bottle Gourd",Local,21/09/2026,1600,2000,1800
"Tamil Nadu",Thiruvannamalai,"Chengam(Uzhavar Sandhai )",Ginger(Green),"Green Ginger",Local,21/09/2026,16000,20000,18000
"Tamil Nadu",Thiruvannamalai,"Chengam(Uzhavar Sandhai )",Beetroot,Beetroot,Local,21/09/2026,4000,4800,4400
"Tamil Nadu",Thiruvannamalai,"Keelpennathur(Uzhavar Sandhai )",Brinjal,Round,Local,21/09/2026,4500,5000,4750
"Tamil Nadu",Thiruvannamalai,"Keelpennathur(Uzhavar Sandhai )","Tender Coconut","Tender Coconut",Local,21/09/2026,5000,6000,5500
"Tamil Nadu",Thiruvannamalai,"Keelpennathur(Uzhavar Sandhai )","Amla(Nelli Kai)",Amla,Local,21/09/2026,9000,10000,9500
"Tamil Nadu",Thiruvannamalai,"Tamarainagar(Uzhavar Sandhai )",Papaya,Papaya,Local,21/09/2026,4000,4800,4400
"Tamil Nadu",Thiruvannamalai,"Tamarainagar(Uzhavar Sandhai )",Coconut,Coconut,Local,21/09/2026,5800,6800,6300
"Tamil Nadu",Thiruvannamalai,"Tamarainagar(Uzhavar Sandhai )",Ridgeguard(Tori),Ridgeguard(Tori),Local,21/09/2026,4000,5000,4500
"Tamil Nadu",Thiruvannamalai,"Tamarainagar(Uzhavar Sandhai )",Raddish,Raddish,Local,21/09/2026,2500,3000,2750
"Tamil Nadu",Thiruvannamalai,"Tamarainagar(Uzhavar Sandhai )","Green Avare(W)","Green Avare (W)",Local,21/09/2026,7500,9000,8250
"Tamil Nadu",Thiruvannamalai,"Tamarainagar(Uzhavar Sandhai )",Drumstick,Drumstick,Local,21/09/2026,4000,5000,4500
"Tamil Nadu",Thiruvannamalai,"Tamarainagar(Uzhavar Sandhai )","Elephant Yam(Suran)/Amorphophallus","Elephant Yam (Suran)",Local,21/09/2026,5000,6000,5500
"Tamil Nadu",Thiruvannamalai,"Tamarainagar(Uzhavar Sandhai )","Onion Green","Onion Green",Local,21/09/2026,10000,12000,11000
"Tamil Nadu",Thiruvannamalai,"Vandavasi(Uzhavar Sandhai )",Coriander(Leaves),"I Sort",Local,21/09/2026,4000,5000,4500
"Tamil Nadu",Thiruvannamalai,"Vandavasi(Uzhavar Sandhai )",Tomato,Local,Local,21/09/2026,2500,3000,2750
"Tamil Nadu",Thiruvannamalai,"Vandavasi(Uzhavar Sandhai )","Bhindi(Ladies Finger)",Bhindi,Local,21/09/2026,3600,4200,3900
"Tamil Nadu",Thiruvannamalai,"Vandavasi(Uzhavar Sandhai )",Beans,"Beans (Whole)",Local,21/09/2026,8500,9600,9050
"Tamil Nadu",Thiruvannamalai,"Vandavasi(Uzhavar Sandhai )",Coconut,Coconut,Local,21/09/2026,4000,5000,4500
"Tamil Nadu",Thiruvannamalai,"Vandavasi(Uzhavar Sandhai )",Carrot,Pusakesar,Local,21/09/2026,5000,6000,5500
"Tamil Nadu",Thiruvannamalai,"Vandavasi(Uzhavar Sandhai )",Thondekai,Thondekai,Local,21/09/2026,3500,4000,3750
"Tamil Nadu",Thiruvarur,"Muthupettai(Uzhavar Sandhai )",Brinjal,Round,Local,21/09/2026,3600,3600,3600
"Tamil Nadu",Thiruvarur,"Muthupettai(Uzhavar Sandhai )",Coriander(Leaves),"I Sort",Local,21/09/2026,4000,4000,4000
"Tamil Nadu",Thiruvarur,"Muthupettai(Uzhavar Sandhai )","Bitter gourd","Bitter Gourd",Local,21/09/2026,5400,5400,5400
"Tamil Nadu",Thiruvarur,"Muthupettai(Uzhavar Sandhai )","Bottle gourd","Bottle Gourd",Local,21/09/2026,2800,2800,2800
"Tamil Nadu",Thiruvarur,"Muthupettai(Uzhavar Sandhai )","Green Chilli","Green Chilly",Local,21/09/2026,4800,4800,4800
"Tamil Nadu",Thiruvarur,"Muthupettai(Uzhavar Sandhai )",Cabbage,Cabbage,Local,21/09/2026,3400,3400,3400
"Tamil Nadu",Thiruvarur,"Muthupettai(Uzhavar Sandhai )",Snakeguard,Snakeguard,Local,21/09/2026,3400,3400,3400
"Tamil Nadu",Coimbatore,"Sulur(Uzhavar Sandhai )",Carrot,Pusakesar,Local,21/09/2026,3600,4200,3900
"Tamil Nadu",Pudukkottai,"Gandarvakottai(Uzhavar Sandhai )",Brinjal,Other,Local,21/09/2026,5000,6500,5750
"Tamil Nadu",Pudukkottai,"Gandarvakottai(Uzhavar Sandhai )","Bitter gourd",Other,Local,21/09/2026,7000,8000,7500
"Tamil Nadu",Pudukkottai,"Gandarvakottai(Uzhavar Sandhai )","Bottle gourd","Bottle Gourd",Local,21/09/2026,1600,2000,1800
"Tamil Nadu",Pudukkottai,"Gandarvakottai(Uzhavar Sandhai )",Coconut,Coconut,Local,21/09/2026,3000,4000,3500
"Tamil Nadu",Pudukkottai,"Gandarvakottai(Uzhavar Sandhai )","Onion Green","Onion Green",Local,21/09/2026,8000,9000,8500
"Tamil Nadu",Pudukkottai,"Gandarvakottai(Uzhavar Sandhai )",Mint(Pudina),Mint(Pudina),Local,21/09/2026,4500,5000,4750
"Tamil Nadu",Cuddalore,"Panruti(Uzhavar Sandhai )",Onion,Bellary,Local,21/09/2026,5500,6000,5750
"Tamil Nadu",Cuddalore,"Panruti(Uzhavar Sandhai )",Brinjal,Round,Local,21/09/2026,3500,4000,3750
"Tamil Nadu",Cuddalore,"Panruti(Uzhavar Sandhai )",Papaya,Papaya,Local,21/09/2026,4000,4000,4000
"Tamil Nadu",Cuddalore,"Panruti(Uzhavar Sandhai )","Bitter gourd","Bitter Gourd",Local,21/09/2026,5000,5000,5000
"Tamil Nadu",Cuddalore,"Panruti(Uzhavar Sandhai )","Bottle gourd","Bottle Gourd",Local,21/09/2026,3000,3000,3000
"Tamil Nadu",Cuddalore,"Panruti(Uzhavar Sandhai )",Amaranthus,Amaranthus,Local,21/09/2026,2000,2000,2000
"Tamil Nadu",Cuddalore,"Panruti(Uzhavar Sandhai )",Coconut,Coconut,Local,21/09/2026,5000,5000,5000
"Tamil Nadu",Cuddalore,"Panruti(Uzhavar Sandhai )",Raddish,Raddish,Local,21/09/2026,2500,2500,2500
"Tamil Nadu",Cuddalore,"Panruti(Uzhavar Sandhai )",Mint(Pudina),Mint(Pudina),Local,21/09/2026,4000,4000,4000
"Tamil Nadu",Cuddalore,"Vadalur(Uzhavar Sandhai )",Potato,Other,Local,21/09/2026,3000,4000,3500
"Tamil Nadu",Cuddalore,"Vadalur(Uzhavar Sandhai )",Coriander(Leaves),"I Sort",Local,21/09/2026,5000,5000,5000
"Tamil Nadu",Cuddalore,"Vadalur(Uzhavar Sandhai )",Pumpkin,Pumpkin,Local,21/09/2026,2500,2500,2500
"Tamil Nadu",Cuddalore,"Vadalur(Uzhavar Sandhai )","Green Chilli","Green Chilly",Local,21/09/2026,5000,6000,5500
"Tamil Nadu",Cuddalore,"Vadalur(Uzhavar Sandhai )","Banana - Green","Banana - Green",Local,21/09/2026,4000,4000,4000
"Tamil Nadu",Cuddalore,"Vadalur(Uzhavar Sandhai )",Beans,"Beans (Whole)",Local,21/09/2026,8000,8000,8000
"Tamil Nadu",Cuddalore,"Vadalur(Uzhavar Sandhai )",Ginger(Green),"Green Ginger",Local,21/09/2026,7000,7000,7000
"Tamil Nadu",Cuddalore,"Vadalur(Uzhavar Sandhai )",Cabbage,Cabbage,Local,21/09/2026,3000,3000,3000
"Tamil Nadu",Cuddalore,"Vadalur(Uzhavar Sandhai )","Green Avare(W)",Other,Local,21/09/2026,6000,6000,6000
"Tamil Nadu",Cuddalore,"Vadalur(Uzhavar Sandhai )",Drumstick,Drumstick,Local,21/09/2026,3000,3000,3000
"Tamil Nadu",Cuddalore,"Vadalur(Uzhavar Sandhai )","Onion Green","Onion Green",Local,21/09/2026,8000,8000,8000
"Tamil Nadu",Dharmapuri,"AJattihalli(Uzhavar Sandhai )",Beans,"Beans (Whole)",Local,21/09/2026,9600,9600,9600
"Tamil Nadu",Dharmapuri,"AJattihalli(Uzhavar Sandhai )",Cabbage,Cabbage,Local,21/09/2026,2600,3000,2800
"Tamil Nadu",Dharmapuri,"AJattihalli(Uzhavar Sandhai )",Capsicum,Capsicum,Local,21/09/2026,7000,7000,7000
"Tamil Nadu",Dharmapuri,"AJattihalli(Uzhavar Sandhai )","Elephant Yam(Suran)/Amorphophallus","Elephant Yam (Suran)",Local,21/09/2026,6400,6400,6400
"Tamil Nadu",Dharmapuri,"AJattihalli(Uzhavar Sandhai )","Onion Green","Onion Green",Local,21/09/2026,7000,8000,7500
"Tamil Nadu",Thanjavur,"Peravurani(Uzhavar Sandhai)",Onion,Bellary,Local,21/09/2026,6000,6000,6000
"Tamil Nadu",Thanjavur,"Peravurani(Uzhavar Sandhai)",Potato,"Red Nanital",Local,21/09/2026,3000,3000,3000
"Tamil Nadu",Thanjavur,"Peravurani(Uzhavar Sandhai)","Cluster beans","Cluster Beans",Local,21/09/2026,4000,4000,4000
"Tamil Nadu",Thanjavur,"Peravurani(Uzhavar Sandhai)",Pumpkin,Pumpkin,Local,21/09/2026,2600,2600,2600
"Tamil Nadu",Thanjavur,"Peravurani(Uzhavar Sandhai)",Beans,"Beans (Whole)",Local,21/09/2026,8200,8200,8200
"Tamil Nadu",Thanjavur,"Peravurani(Uzhavar Sandhai)",Coconut,Coconut,Local,21/09/2026,5000,5000,5000
"Tamil Nadu",Thanjavur,"Peravurani(Uzhavar Sandhai)",Drumstick,Drumstick,Local,21/09/2026,5000,5000,5000
"Tamil Nadu",Thanjavur,"Peravurani(Uzhavar Sandhai)",Lemon,Lemon,Local,21/09/2026,14000,14000,14000
"Tamil Nadu",Karur,"Pallapatti (Uzhavar Sandhai )",Coconut,Coconut,Local,21/09/2026,5500,6000,5750
"Tamil Nadu",Karur,"Pallapatti (Uzhavar Sandhai )","Baby Corn","Baby Corn","Grade A",21/09/2026,4500,5000,4750
"Tamil Nadu",Karur,"Velayuthampalayam(Uzhavar Sandhai )","Banana - Green","Banana - Green",Local,21/09/2026,2400,3000,2700
"Tamil Nadu",Karur,"Velayuthampalayam(Uzhavar Sandhai )",Ginger(Green),"Green Ginger",Local,21/09/2026,17000,19000,18000
"Tamil Nadu",Karur,"Velayuthampalayam(Uzhavar Sandhai )",Drumstick,Drumstick,Local,21/09/2026,2400,3000,2700
"Tamil Nadu",Karur,"Vengamedu(Uzhavar Sandhai )",Banana,"Red Banana",Local,21/09/2026,5000,6000,5500
"Tamil Nadu",Karur,"Vengamedu(Uzhavar Sandhai )",Coriander(Leaves),"I Sort",Local,21/09/2026,5500,6000,5750
"Tamil Nadu",Karur,"Vengamedu(Uzhavar Sandhai )",Raddish,Raddish,Local,21/09/2026,2500,3000,2750
"Tamil Nadu",Karur,"Vengamedu(Uzhavar Sandhai )","Onion Green","Onion Green",Local,21/09/2026,9000,9500,9250
"Tamil Nadu",Karur,"Vengamedu(Uzhavar Sandhai )",Mint(Pudina),Mint(Pudina),Local,21/09/2026,5500,6000,5750
"Tamil Nadu",Theni,"Devaram(Uzhavar Sandhai )",Onion,Bellary,Local,21/09/2026,6500,6500,6500
"Tamil Nadu",Theni,"Devaram(Uzhavar Sandhai )",Brinjal,Round,Local,21/09/2026,3200,3200,3200
"Tamil Nadu",Theni,"Devaram(Uzhavar Sandhai )","Bottle gourd","Bottle Gourd",Local,21/09/2026,1500,1500,1500
"Tamil Nadu",Theni,"Devaram(Uzhavar Sandhai )",Coconut,Coconut,Local,21/09/2026,5600,5600,5600
"Tamil Nadu",Theni,"Devaram(Uzhavar Sandhai )","Green Avare(W)","Green Avare (W)",Local,21/09/2026,8000,8000,8000
"Tamil Nadu",Theni,"Devaram(Uzhavar Sandhai )","Knool Khol","Knool Khol",Local,21/09/2026,3400,3400,3400
"Tamil Nadu",Salem,"Attayampatti(Uzhavar Sandhai )",Groundnut,"Big (With Shell)",Local,21/09/2026,7000,7000,7000
"Tamil Nadu",Salem,"Attayampatti(Uzhavar Sandhai )",Brinjal,Round,Local,21/09/2026,3600,3800,3700
"Tamil Nadu",Salem,"Attayampatti(Uzhavar Sandhai )","Bitter gourd","Bitter Gourd",Local,21/09/2026,5000,5500,5250
"Tamil Nadu",Salem,"Attayampatti(Uzhavar Sandhai )",Amaranthus,Amaranthus,Local,21/09/2026,2400,2800,2600
"Tamil Nadu",Salem,"Attayampatti(Uzhavar Sandhai )","Green Avare(W)","Green Avare (W)",Local,21/09/2026,5500,6000,5750
"Tamil Nadu",Salem,"Attayampatti(Uzhavar Sandhai )","Elephant Yam(Suran)/Amorphophallus","Elephant Yam (Suran)",Local,21/09/2026,5000,5000,5000
"Tamil Nadu",Salem,"Attayampatti(Uzhavar Sandhai )","Onion Green","Onion Green",Local,21/09/2026,7000,8200,7600
"Tamil Nadu",Salem,"Attayampatti(Uzhavar Sandhai )",Mint(Pudina),Mint(Pudina),Local,21/09/2026,4000,4500,4250
"Tamil Nadu",Sivaganga,"Sivagangai (Uzhavar Sandhai )",Brinjal,Other,Local,21/09/2026,4200,4600,4400
"Tamil Nadu",Salem,"Edapadi (Uzhavar Sandhai )",Ashgourd,Gouard,Local,21/09/2026,1800,2000,1900
"Tamil Nadu",Salem,"Edapadi (Uzhavar Sandhai )",Coconut,Coconut,Local,21/09/2026,5500,6000,5750
"Tamil Nadu",Salem,"Edapadi (Uzhavar Sandhai )",Cabbage,Cabbage,Local,21/09/2026,3000,3500,3250
"Tamil Nadu",Salem,"Edapadi (Uzhavar Sandhai )",Drumstick,Drumstick,Local,21/09/2026,3000,3500,3250
"Tamil Nadu",Salem,"Edapadi (Uzhavar Sandhai )","Elephant Yam(Suran)/Amorphophallus","Elephant Yam (Suran)",Local,21/09/2026,3500,4000,3750
"Tamil Nadu",Salem,"Elampillai(Uzhavar Sandhai )","Cluster beans","Cluster Beans",Local,21/09/2026,3000,3500,3250
"Tamil Nadu",Salem,"Elampillai(Uzhavar Sandhai )","Bottle gourd","Bottle Gourd",Local,21/09/2026,2000,2500,2250
"Tamil Nadu",Salem,"Elampillai(Uzhavar Sandhai )",Ashgourd,Gouard,Local,21/09/2026,1500,2000,1750
"Tamil Nadu",Salem,"Elampillai(Uzhavar Sandhai )",Amaranthus,Amaranthus,Local,21/09/2026,2000,2500,2250
"Tamil Nadu",Salem,"Elampillai(Uzhavar Sandhai )","Green Chilli","Green Chilly",Local,21/09/2026,4000,4500,4250
"Tamil Nadu",Salem,"Elampillai(Uzhavar Sandhai )",Cabbage,Cabbage,Local,21/09/2026,2500,3000,2750
"Tamil Nadu",Salem,"Elampillai(Uzhavar Sandhai )","Onion Green","Onion Green",Local,21/09/2026,7500,8000,7750
"Tamil Nadu",Salem,"Hasthampatti(Uzhavar Sandhai )",Groundnut,"Big (With Shell)",Local,21/09/2026,6500,7000,6750
"Tamil Nadu",Salem,"Hasthampatti(Uzhavar Sandhai )",Apple,American,Local,21/09/2026,14000,15000,14500
"Tamil Nadu",Salem,"Hasthampatti(Uzhavar Sandhai )",Orange,Darjeeling,Local,21/09/2026,8000,10000,9000
"Tamil Nadu",Salem,"Hasthampatti(Uzhavar Sandhai )",Onion,Bellary,Local,21/09/2026,6000,6500,6250
"Tamil Nadu",Salem,"Hasthampatti(Uzhavar Sandhai )",Brinjal,Round,Local,21/09/2026,3500,4000,3750
"Tamil Nadu",Salem,"Hasthampatti(Uzhavar Sandhai )","Bitter gourd",Other,Local,21/09/2026,3500,4000,3750
"Tamil Nadu",Salem,"Hasthampatti(Uzhavar Sandhai )","Banana - Green","Banana - Green",Local,21/09/2026,2000,2400,2200
"Tamil Nadu",Salem,"Hasthampatti(Uzhavar Sandhai )","Sweet Potato","Hosur Red",Local,21/09/2026,4000,4500,4250
"Tamil Nadu",Salem,"Hasthampatti(Uzhavar Sandhai )",Cabbage,Cabbage,Local,21/09/2026,3000,3400,3200
"Tamil Nadu",Salem,"Hasthampatti(Uzhavar Sandhai )",Beetroot,Beetroot,Local,21/09/2026,5500,6000,5750
"Tamil Nadu",Salem,"Hasthampatti(Uzhavar Sandhai )",Raddish,Raddish,Local,21/09/2026,2600,2800,2700
"Tamil Nadu",Salem,"Hasthampatti(Uzhavar Sandhai )",Thondekai,Thondekai,Local,21/09/2026,3500,4000,3750
"Tamil Nadu",Salem,"Hasthampatti(Uzhavar Sandhai )",Lime,Lime,Local,21/09/2026,3500,4000,3750
"Tamil Nadu",Salem,"Jalagandapuram(Uzhavar Sandhai )",Banana,"Red Banana",Local,21/09/2026,6500,7000,6750
"Tamil Nadu",Salem,"Jalagandapuram(Uzhavar Sandhai )",Coriander(Leaves),"I Sort",Local,21/09/2026,1600,2000,1800
"Tamil Nadu",Salem,"Jalagandapuram(Uzhavar Sandhai )","Bitter gourd",Other,Local,21/09/2026,4000,4500,4250
"Tamil Nadu",Salem,"Jalagandapuram(Uzhavar Sandhai )",Beans,"Beans (Whole)",Local,21/09/2026,7000,8000,7500
"Tamil Nadu",Salem,"Jalagandapuram(Uzhavar Sandhai )",Ridgeguard(Tori),Ridgeguard(Tori),Local,21/09/2026,3500,4000,3750
"Tamil Nadu",Salem,"Jalagandapuram(Uzhavar Sandhai )","Chow Chow","Chow Chow",Local,21/09/2026,3500,3800,3650
"Tamil Nadu",Salem,"Jalagandapuram(Uzhavar Sandhai )","Tender Coconut","Tender Coconut",Local,21/09/2026,3000,3500,3250
"Tamil Nadu",Salem,"Jalagandapuram(Uzhavar Sandhai )",Lemon,Lemon,Local,21/09/2026,5500,6000,5750
"Tamil Nadu",Sivaganga,"Singampunari(Uzhavar Sandhai )",Coriander(Leaves),"I Sort",Local,21/09/2026,5200,5600,5400
"Tamil Nadu",Sivaganga,"Singampunari(Uzhavar Sandhai )","Bhindi(Ladies Finger)",Bhindi,Local,21/09/2026,3000,3200,3100
"Tamil Nadu",Sivaganga,"Singampunari(Uzhavar Sandhai )","Green Chilli","Green Chilly",Local,21/09/2026,3200,3800,3500
"Tamil Nadu",Sivaganga,"Singampunari(Uzhavar Sandhai )",Ginger(Green),"Green Ginger",Local,21/09/2026,11000,20000,15500
"Tamil Nadu",Sivaganga,"Singampunari(Uzhavar Sandhai )",Cabbage,Cabbage,Local,21/09/2026,2800,3200,3000
"Tamil Nadu",Sivaganga,"Singampunari(Uzhavar Sandhai )",Beetroot,Beetroot,Local,21/09/2026,4200,5200,4700
"Tamil Nadu",Sivaganga,"Singampunari(Uzhavar Sandhai )",Drumstick,Drumstick,Local,21/09/2026,4400,6200,5300
"Tamil Nadu",Sivaganga,"Singampunari(Uzhavar Sandhai )",Mango(Raw-Ripe),"Mango - Raw-Ripe",Local,21/09/2026,12000,13000,12500
"Tamil Nadu",Sivaganga,"Singampunari(Uzhavar Sandhai )",Guava,"Guava Allahabad",Local,21/09/2026,6000,7000,6500
"Tamil Nadu",Sivaganga,"Singampunari(Uzhavar Sandhai )",Yam(Ratalu),"Yam (Ratalu)",Local,21/09/2026,6600,7200,6900
"Tamil Nadu",Sivaganga,"Singampunari(Uzhavar Sandhai )",Mint(Pudina),Mint(Pudina),Local,21/09/2026,5200,5600,5400
"Tamil Nadu",Sivaganga,"Karaikudi(Uzhavar Sandhai )",Ashgourd,Gouard,Local,21/09/2026,2000,2200,2100
"Tamil Nadu",Sivaganga,"Karaikudi(Uzhavar Sandhai )",Pumpkin,Pumpkin,Local,21/09/2026,2000,2500,2250
"Tamil Nadu",Sivaganga,"Karaikudi(Uzhavar Sandhai )",Cabbage,Cabbage,Local,21/09/2026,3000,3500,3250
"Tamil Nadu",Sivaganga,"Karaikudi(Uzhavar Sandhai )",Capsicum,Capsicum,Local,21/09/2026,6500,7500,7000
"Tamil Nadu",Sivaganga,"Karaikudi(Uzhavar Sandhai )","Knool Khol","Knool Khol",Local,21/09/2026,5000,5200,5100
"Tamil Nadu",Sivaganga,"Karaikudi(Uzhavar Sandhai )",Guava,"Guava Allahabad",Local,21/09/2026,6500,7500,7000
"Tamil Nadu",Sivaganga,"Karaikudi(Uzhavar Sandhai )","Onion Green","Onion Green",Local,21/09/2026,8500,9500,9000
"Tamil Nadu",Sivaganga,"Karaikudi(Uzhavar Sandhai )",Mint(Pudina),Mint(Pudina),Local,21/09/2026,5500,6000,5750
"Tamil Nadu",Sivaganga,"Tirupatthur(Uzhavar Sandhai )",Onion,Bellary,Local,21/09/2026,4400,5500,4950
"Tamil Nadu",Sivaganga,"Tirupatthur(Uzhavar Sandhai )","Bhindi(Ladies Finger)",Bhindi,Local,21/09/2026,3200,3500,3350
"Tamil Nadu",Sivaganga,"Tirupatthur(Uzhavar Sandhai )",Raddish,Raddish,Local,21/09/2026,2800,3000,2900
"Tamil Nadu",Sivaganga,"Tirupatthur(Uzhavar Sandhai )",Drumstick,Drumstick,Local,21/09/2026,4000,4500,4250
"Tamil Nadu",Sivaganga,"Tirupatthur(Uzhavar Sandhai )",Lemon,Lemon,Local,21/09/2026,30500,32500,31500
"Tamil Nadu",Sivaganga,"Tirupatthur(Uzhavar Sandhai )","Onion Green","Onion Green",Local,21/09/2026,8400,9500,8950
"Tamil Nadu",Thanjavur,"Pattukottai(Uzhavar Sandhai )",Banana,Besrai,Local,21/09/2026,3500,3500,3500
"Tamil Nadu",Thanjavur,"Pattukottai(Uzhavar Sandhai )","Green Chilli","Green Chilly",Local,21/09/2026,4800,4800,4800
"Tamil Nadu",Thanjavur,"Pattukottai(Uzhavar Sandhai )",Carrot,Pusakesar,Local,21/09/2026,6000,6000,6000
"Tamil Nadu",Thanjavur,"Pattukottai(Uzhavar Sandhai )",Cabbage,Cabbage,Local,21/09/2026,3400,3400,3400
"Tamil Nadu",Thiruchirappalli,"KKNagar(Uzhavar Sandhai )",Orange,Darjeeling,Local,21/09/2026,9000,9000,9000
"Tamil Nadu",Thiruchirappalli,"KKNagar(Uzhavar Sandhai )",Cowpea(Veg),"Cowpea (Veg)",Local,21/09/2026,3600,3600,3600
"Tamil Nadu",Thiruchirappalli,"KKNagar(Uzhavar Sandhai )",Tapioca,Tapioca,Local,21/09/2026,4800,4800,4800
"Tamil Nadu",Thiruchirappalli,"KKNagar(Uzhavar Sandhai )","Sweet Potato","Hosur Red",Local,21/09/2026,6000,6000,6000
"Tamil Nadu",Thiruchirappalli,"KKNagar(Uzhavar Sandhai )",Ridgeguard(Tori),Ridgeguard(Tori),Local,21/09/2026,4600,4600,4600
"Tamil Nadu",Thiruchirappalli,"KKNagar(Uzhavar Sandhai )",Raddish,Raddish,Local,21/09/2026,3600,3600,3600
"Tamil Nadu",Thiruchirappalli,"KKNagar(Uzhavar Sandhai )",Capsicum,Capsicum,Local,21/09/2026,5400,5400,5400
"Tamil Nadu",Thiruchirappalli,"KKNagar(Uzhavar Sandhai )","Green Avare(W)",Other,Local,21/09/2026,11000,11000,11000
"Tamil Nadu",Thiruchirappalli,"KKNagar(Uzhavar Sandhai )",Drumstick,Drumstick,Local,21/09/2026,4500,4500,4500
"Tamil Nadu",Thiruchirappalli,"KKNagar(Uzhavar Sandhai )","Knool Khol","Knool Khol",Local,21/09/2026,4000,4000,4000
"Tamil Nadu",Thiruchirappalli,"KKNagar(Uzhavar Sandhai )",Pomegranate,Pomogranate,Local,21/09/2026,24000,24000,24000
"Tamil Nadu",Thiruchirappalli,"KKNagar(Uzhavar Sandhai )","Tender Coconut","Tender Coconut",Local,21/09/2026,4500,4500,4500
"Tamil Nadu",Thiruchirappalli,"KKNagar(Uzhavar Sandhai )",Yam(Ratalu),"Yam (Ratalu)",Local,21/09/2026,8000,8000,8000
"Tamil Nadu",Thiruchirappalli,"KKNagar(Uzhavar Sandhai )",Colacasia,Colacasia,Local,21/09/2026,6000,6000,6000
"Tamil Nadu",Thiruchirappalli,"KKNagar(Uzhavar Sandhai )","Sweet Corn ","Sweet Corn ",Local,21/09/2026,3000,3000,3000
"Tamil Nadu",Thiruchirappalli,"Lalgudi(Uzhavar Sandhai )","Bitter gourd",Other,Local,21/09/2026,5600,5600,5600
"Tamil Nadu",Thiruchirappalli,"Lalgudi(Uzhavar Sandhai )","Green Chilli","Green Chilly",Local,21/09/2026,4600,4600,4600
"Tamil Nadu",Thiruchirappalli,"Lalgudi(Uzhavar Sandhai )",Coconut,Coconut,Local,21/09/2026,7000,7000,7000
"Tamil Nadu",Thiruchirappalli,"Lalgudi(Uzhavar Sandhai )",Carrot,Pusakesar,Local,21/09/2026,5400,5400,5400
"Tamil Nadu",Thiruchirappalli,"Lalgudi(Uzhavar Sandhai )",Mango(Raw-Ripe),"Mango - Raw-Ripe",Local,21/09/2026,15000,15000,15000
"Tamil Nadu",Thiruchirappalli,"Lalgudi(Uzhavar Sandhai )","Knool Khol","Knool Khol",Local,21/09/2026,3600,3600,3600
"Tamil Nadu",Thiruchirappalli,"Lalgudi(Uzhavar Sandhai )",Guava,"Guava Allahabad",Local,21/09/2026,8000,8000,8000
"Tamil Nadu",Thiruchirappalli,"Lalgudi(Uzhavar Sandhai )",Mint(Pudina),Mint(Pudina),Local,21/09/2026,5600,5600,5600
"Tamil Nadu",Thiruchirappalli,"Manachanallur(Uzhavar Sandhai )",Brinjal,Round,Local,21/09/2026,4600,4600,4600
"Tamil Nadu",Thiruchirappalli,"Manachanallur(Uzhavar Sandhai )",Coriander(Leaves),"I Sort",Local,21/09/2026,3400,3400,3400
"Tamil Nadu",Thiruchirappalli,"Manachanallur(Uzhavar Sandhai )",Pumpkin,Pumpkin,Local,21/09/2026,2000,2000,2000
"Tamil Nadu",Thiruchirappalli,"Manachanallur(Uzhavar Sandhai )",Carrot,Pusakesar,Local,21/09/2026,5400,5400,5400
"Tamil Nadu",Thiruchirappalli,"Manachanallur(Uzhavar Sandhai )","Onion Green","Onion Green",Local,21/09/2026,10000,10000,10000
"Tamil Nadu",Thiruchirappalli,"Manapparai(Uzhavar Sandhai )",Onion,Bellary,Local,21/09/2026,5000,7000,6000
"Tamil Nadu",Thiruchirappalli,"Manapparai(Uzhavar Sandhai )","Bitter gourd",Other,Local,21/09/2026,5000,6000,5500
"Tamil Nadu",Thiruchirappalli,"Manapparai(Uzhavar Sandhai )",Beetroot,Beetroot,Local,21/09/2026,5000,5000,5000
"Tamil Nadu",Thiruchirappalli,"Manapparai(Uzhavar Sandhai )",Mango(Raw-Ripe),"Mango - Raw-Ripe",Local,21/09/2026,12000,12000,12000
"Tamil Nadu",Thiruchirappalli,"Manapparai(Uzhavar Sandhai )",Guava,"Guava Allahabad",Local,21/09/2026,8000,8000,8000
"Tamil Nadu",Thiruchirappalli,"Musiri(Uzhavar Sandhai )","Cluster beans","Cluster Beans",Local,21/09/2026,3000,3600,3300
"Tamil Nadu",Thiruchirappalli,"Musiri(Uzhavar Sandhai )",Pumpkin,Pumpkin,Local,21/09/2026,1800,1800,1800
"Tamil Nadu",Thiruchirappalli,"Musiri(Uzhavar Sandhai )","Bhindi(Ladies Finger)",Bhindi,Local,21/09/2026,3000,3600,3300
"Tamil Nadu",Thiruchirappalli,"Musiri(Uzhavar Sandhai )",Cowpea(Veg),"Cowpea (Veg)",Local,21/09/2026,3000,3600,3300
"Tamil Nadu",Thiruchirappalli,"Musiri(Uzhavar Sandhai )",Beans,"Beans (Whole)",Local,21/09/2026,7000,7600,7300
"Tamil Nadu",Thiruchirappalli,"Musiri(Uzhavar Sandhai )",Tapioca,Tapioca,Local,21/09/2026,3000,3600,3300
"Tamil Nadu",Thiruchirappalli,"Musiri(Uzhavar Sandhai )",Cabbage,Cabbage,Local,21/09/2026,2500,3000,2750
"Tamil Nadu",Thiruchirappalli,"Musiri(Uzhavar Sandhai )",Turnip,Turnip,Local,21/09/2026,3000,3600,3300
"Tamil Nadu",Thiruchirappalli,"Thiruverumbur(Uzhavar Sandhai )",Onion,Bellary,Local,21/09/2026,5000,7000,6000
"Tamil Nadu",Thiruchirappalli,"Thiruverumbur(Uzhavar Sandhai )",Tomato,Other,Local,21/09/2026,3000,3000,3000
"Tamil Nadu",Thiruchirappalli,"Thiruverumbur(Uzhavar Sandhai )","Cluster beans","Cluster Beans",Local,21/09/2026,3600,3600,3600
"Tamil Nadu",Thiruchirappalli,"Thiruverumbur(Uzhavar Sandhai )","Bottle gourd","Bottle Gourd",Local,21/09/2026,2000,2000,2000
"Tamil Nadu",Thiruchirappalli,"Thiruverumbur(Uzhavar Sandhai )",Ridgeguard(Tori),Ridgeguard(Tori),Local,21/09/2026,4600,4600,4600
"Tamil Nadu",Virudhunagar,"Rajapalayam(Uzhavar Sandhai )",Papaya,Papaya,Local,21/09/2026,3000,3500,3250
"Tamil Nadu",Virudhunagar,"Rajapalayam(Uzhavar Sandhai )",Raddish,Raddish,Local,21/09/2026,3000,3500,3250
"Tamil Nadu",Virudhunagar,"Rajapalayam(Uzhavar Sandhai )",Lime,Lime,Local,21/09/2026,15000,16000,15500
"Tamil Nadu",Virudhunagar,"Thalavaipuram(Uzhavar Sandhai )",Banana,Besrai,Local,21/09/2026,3500,4000,3750
"Tamil Nadu",Virudhunagar,"Thalavaipuram(Uzhavar Sandhai )",Coriander(Leaves),"I Sort",Local,21/09/2026,4000,4500,4250
"Tamil Nadu",Virudhunagar,"Thalavaipuram(Uzhavar Sandhai )","Cluster beans","Cluster Beans",Local,21/09/2026,2500,3000,2750
"Tamil Nadu",Virudhunagar,"Thalavaipuram(Uzhavar Sandhai )","Bottle gourd","Bottle Gourd",Local,21/09/2026,1500,2000,1750
"Tamil Nadu",Virudhunagar,"Thalavaipuram(Uzhavar Sandhai )",Pumpkin,Pumpkin,Local,21/09/2026,2000,2500,2250
"Tamil Nadu",Virudhunagar,"Thalavaipuram(Uzhavar Sandhai )","Green Chilli","Green Chilly",Local,21/09/2026,6000,7000,6500
"Tamil Nadu",Virudhunagar,"Thalavaipuram(Uzhavar Sandhai )",Snakeguard,Snakeguard,Local,21/09/2026,3500,4000,3750
"Tamil Nadu",Virudhunagar,"Thalavaipuram(Uzhavar Sandhai )",Ridgeguard(Tori),Ridgeguard(Tori),Local,21/09/2026,3000,3500,3250
"Tamil Nadu",Virudhunagar,"Thalavaipuram(Uzhavar Sandhai )",Drumstick,Drumstick,Local,21/09/2026,5000,6000,5500
"Tamil Nadu",Virudhunagar,"Thalavaipuram(Uzhavar Sandhai )",Lime,Lime,Local,21/09/2026,12000,14000,13000
"Tamil Nadu",Virudhunagar,"Thalavaipuram(Uzhavar Sandhai )",Lemon,Lemon,Local,21/09/2026,20000,22000,21000
"Tamil Nadu",Virudhunagar,"Thalavaipuram(Uzhavar Sandhai )","Onion Green","Onion Green",Local,21/09/2026,7000,8000,7500
"Tamil Nadu",Chengalpattu,"Nanganallur(Uzhavar Sandhai )",Orange,Darjeeling,Local,21/09/2026,9000,10000,9500
"Tamil Nadu",Chengalpattu,"Nanganallur(Uzhavar Sandhai )",Banana,"Red Banana",Local,21/09/2026,9000,10000,9500
"Tamil Nadu",Chengalpattu,"Nanganallur(Uzhavar Sandhai )",Grapes,Annabesahai,Local,21/09/2026,9000,10000,9500
"Tamil Nadu",Chengalpattu,"Nanganallur(Uzhavar Sandhai )",Garlic,Garlic,Local,21/09/2026,19000,20000,19500
"Tamil Nadu",Chengalpattu,"Nanganallur(Uzhavar Sandhai )",Brinjal,Round,Local,21/09/2026,3500,4000,3750
"Tamil Nadu",Chengalpattu,"Nanganallur(Uzhavar Sandhai )","Water Melon","Water Melon",Local,21/09/2026,2000,2500,2250
"Tamil Nadu",Chengalpattu,"Nanganallur(Uzhavar Sandhai )","Mousambi(Sweet Lime)",Mousambi,Local,21/09/2026,3500,4000,3750
"Tamil Nadu",Chengalpattu,"Nanganallur(Uzhavar Sandhai )","Bitter gourd","Bitter Gourd",Local,21/09/2026,5500,6000,5750
"Tamil Nadu",Chengalpattu,"Nanganallur(Uzhavar Sandhai )","Bottle gourd","Bottle Gourd",Local,21/09/2026,4500,5000,4750
"Tamil Nadu",Chengalpattu,"Nanganallur(Uzhavar Sandhai )",Ashgourd,Gouard,Local,21/09/2026,2500,3000,2750
"Tamil Nadu",Chengalpattu,"Nanganallur(Uzhavar Sandhai )","Bhindi(Ladies Finger)",Bhindi,Local,21/09/2026,4500,5000,4750
"Tamil Nadu",Chengalpattu,"Nanganallur(Uzhavar Sandhai )","Banana - Green","Banana - Green",Local,21/09/2026,3500,4000,3750
"Tamil Nadu",Chengalpattu,"Nanganallur(Uzhavar Sandhai )",Cabbage,Cabbage,Local,21/09/2026,3500,4000,3750
"Tamil Nadu",Chengalpattu,"Nanganallur(Uzhavar Sandhai )",Cucumbar(Kheera),Cucumbar,Local,21/09/2026,5500,6000,5750
"Tamil Nadu",Chengalpattu,"Nanganallur(Uzhavar Sandhai )",Capsicum,Capsicum,Local,21/09/2026,5500,6000,5750
"Tamil Nadu",Chengalpattu,"Nanganallur(Uzhavar Sandhai )","Green Avare(W)","Green Avare (W)",Local,21/09/2026,5500,6000,5750
"Tamil Nadu",Chengalpattu,"Nanganallur(Uzhavar Sandhai )","Knool Khol","Knool Khol",Local,21/09/2026,4500,5000,4750
"Tamil Nadu",Chengalpattu,"Nanganallur(Uzhavar Sandhai )",Pomegranate,Pomogranate,Local,21/09/2026,13000,14000,13500
"Tamil Nadu",Chengalpattu,"Nanganallur(Uzhavar Sandhai )","Tender Coconut","Tender Coconut",Local,21/09/2026,5500,6000,5750
"Tamil Nadu",Chengalpattu,"Nanganallur(Uzhavar Sandhai )","Elephant Yam(Suran)/Amorphophallus","Elephant Yam (Suran)",Local,21/09/2026,5500,6000,5750
"Tamil Nadu",Chengalpattu,"Nanganallur(Uzhavar Sandhai )","Amla(Nelli Kai)",Amla,Local,21/09/2026,9000,10000,9500
"Tamil Nadu",Chengalpattu,"Nanganallur(Uzhavar Sandhai )","Baby Corn","Baby Corn","Grade A",21/09/2026,4500,5000,4750
"Tamil Nadu",Chengalpattu,"Pallavaram(Uzhavar Sandhai )",Coriander(Leaves),"I Sort",Local,21/09/2026,5000,6000,5500
"Tamil Nadu",Chengalpattu,"Pallavaram(Uzhavar Sandhai )",Ashgourd,Gouard,Local,21/09/2026,2000,2500,2250
"Tamil Nadu",Chengalpattu,"Pallavaram(Uzhavar Sandhai )",Pumpkin,Pumpkin,Local,21/09/2026,2500,3000,2750
"Tamil Nadu",Chengalpattu,"Pallavaram(Uzhavar Sandhai )","Bhindi(Ladies Finger)",Bhindi,Local,21/09/2026,4500,5000,4750
"Tamil Nadu",Chengalpattu,"Pallavaram(Uzhavar Sandhai )",Tapioca,Tapioca,Local,21/09/2026,4000,5000,4500
"Tamil Nadu",Chengalpattu,"Pallavaram(Uzhavar Sandhai )",Cucumbar(Kheera),Cucumbar,Local,21/09/2026,4500,5000,4750
"Tamil Nadu",Chengalpattu,"Pallavaram(Uzhavar Sandhai )","Green Avare(W)","Green Avare (W)",Local,21/09/2026,10000,11000,10500
"Tamil Nadu",Chengalpattu,"Pallavaram(Uzhavar Sandhai )",Mango(Raw-Ripe),"Mango - Raw-Ripe",Local,21/09/2026,7000,8000,7500
"Tamil Nadu",Chengalpattu,"Pallavaram(Uzhavar Sandhai )","Tender Coconut","Tender Coconut",Local,21/09/2026,2500,3000,2750
"Tamil Nadu",Chengalpattu,"Pallavaram(Uzhavar Sandhai )","Sweet Corn ","Sweet Corn ",Local,21/09/2026,4500,5000,4750
"Tamil Nadu","Nagercoil (Kannyiakumari)","Myladi(Uzhavar Sandhai )",Potato,"Red Nanital",Local,21/09/2026,3300,3800,3550
"Tamil Nadu","Nagercoil (Kannyiakumari)","Myladi(Uzhavar Sandhai )","Bhindi(Ladies Finger)",Bhindi,Local,21/09/2026,4000,4500,4250
"Tamil Nadu","Nagercoil (Kannyiakumari)","Myladi(Uzhavar Sandhai )",Ginger(Green),"Green Ginger",Local,21/09/2026,17000,18000,17500
"Tamil Nadu","Nagercoil (Kannyiakumari)","Myladi(Uzhavar Sandhai )",Carrot,Pusakesar,Local,21/09/2026,5000,6000,5500
"Tamil Nadu","Nagercoil (Kannyiakumari)","Myladi(Uzhavar Sandhai )",Beetroot,Beetroot,Local,21/09/2026,5000,6000,5500
"Tamil Nadu","Nagercoil (Kannyiakumari)","Myladi(Uzhavar Sandhai )",Cucumbar(Kheera),Cucumbar,Local,21/09/2026,2200,2500,2350
"Tamil Nadu",Chengalpattu,"Jameenrayapettai(Uzhavar Sandhai )",Ashgourd,Gouard,Local,21/09/2026,2200,2500,2350
"Tamil Nadu",Chengalpattu,"Jameenrayapettai(Uzhavar Sandhai )",Beans,"Beans (Whole)",Local,21/09/2026,9000,10000,9500
"Tamil Nadu",Chengalpattu,"Jameenrayapettai(Uzhavar Sandhai )",Carrot,Pusakesar,Local,21/09/2026,6000,7000,6500
"Tamil Nadu",Chengalpattu,"Jameenrayapettai(Uzhavar Sandhai )",Capsicum,Capsicum,Local,21/09/2026,6000,7000,6500
"Tamil Nadu",Chengalpattu,"Jameenrayapettai(Uzhavar Sandhai )","Green Avare(W)",Other,Local,21/09/2026,10000,11000,10500
"Tamil Nadu",Villupuram,"Ulundurpettai APMC",Coriander(Leaves),"I Sort",Local,21/09/2026,6000,6000,6000
"Tamil Nadu",Villupuram,"Ulundurpettai APMC","Cluster beans","Cluster Beans",Local,21/09/2026,5000,5000,5000
"Tamil Nadu",Villupuram,"Ulundurpettai APMC","Banana - Green","Banana - Green",Local,21/09/2026,3000,3000,3000
"Tamil Nadu",Villupuram,"Ulundurpettai APMC",Coconut,Coconut,Local,21/09/2026,3000,3000,3000
"Tamil Nadu",Villupuram,"Ulundurpettai APMC",Drumstick,Drumstick,Local,21/09/2026,4000,4000,4000
"Tamil Nadu",Villupuram,"Ulundurpettai APMC","Elephant Yam(Suran)/Amorphophallus","Elephant Yam (Suran)",Local,21/09/2026,6000,6000,6000
"Tamil Nadu",Villupuram,"Ulundurpettai APMC",Yam(Ratalu),"Yam (Ratalu)",Local,21/09/2026,3000,3000,3000
"Tamil Nadu",Villupuram,"Vikkiravandi APMC","Bajra(Pearl Millet/Cumbu)",Other,Local,21/09/2026,4719,5099,4909
Karnataka,"Bengaluru Rural","Doddaballapur APMC",Rice,"Broken Rice",Medium,21/09/2026,2610,2748,2678
Karnataka,"Bengaluru Rural","Doddaballapur APMC",Cabbage,Cabbage,Medium,21/09/2026,1000,1500,1300
Karnataka,"Bengaluru Rural","Doddaballapur APMC",Cucumbar(Kheera),Cucumbar,Medium,21/09/2026,2000,2500,2300
Karnataka,"Bengaluru Rural","Doddaballapur APMC",Capsicum,Capsicum,Medium,21/09/2026,2500,3000,2800
Karnataka,"Bengaluru Rural","Doddaballapur APMC","Black Gram Dal(Urd Dal)","Black Gram Dal",Medium,21/09/2026,10500,10500,10500
"Uttar Pradesh",Badaun,"Babrala APMC",Paddy(Basmati),"Basmati 1509",Local,21/09/2026,2480,2500,2490
Gujarat,Gandhinagar,"Mansa(Manas Veg Yard) APMC","Bhindi(Ladies Finger)",Other,Local,21/09/2026,2000,2000,2000
Gujarat,Gandhinagar,"Mansa(Manas Veg Yard) APMC",Brinjal,Round/Long,Local,21/09/2026,1500,3000,2000
Gujarat,Gandhinagar,"Mansa(Manas Veg Yard) APMC",Brinjal,Round,Local,21/09/2026,3000,3000,3000
Gujarat,Rajkot,"Dhoraji APMC","Bengal Gram(Gram)(Whole)","Desi (Whole)",Non-FAQ,21/09/2026,6230,6355,6230
Gujarat,Amreli,"Damnagar APMC",Guar,Gwar,Local,21/09/2026,4000,4000,4000
Gujarat,Amreli,"Damnagar APMC",Brinjal,Other,Local,21/09/2026,2500,2500,2500
Gujarat,Rajkot,"Gondal(Veg.market Gondal) APMC",Tomato,Tomato,Local,21/09/2026,1000,2500,1750
Gujarat,Rajkot,"Gondal(Veg.market Gondal) APMC",Brinjal,Brinjal,Local,21/09/2026,100,1500,800
Gujarat,Rajkot,"Gondal(Veg.market Gondal) APMC",Cucumbar(Kheera),Cucumbar,Local,21/09/2026,400,4000,2200
"Tamil Nadu",Madurai,"Chokkikulam(Uzhavar Sandhai )",Orange,Darjeeling,Local,21/09/2026,14000,16000,15000
"Tamil Nadu",Madurai,"Chokkikulam(Uzhavar Sandhai )",Grapes,Annabesahai,Local,21/09/2026,11000,12000,11500
"Tamil Nadu",Madurai,"Chokkikulam(Uzhavar Sandhai )",Papaya,Papaya,Local,21/09/2026,4500,5000,4750
"Tamil Nadu",Madurai,"Chokkikulam(Uzhavar Sandhai )","Mousambi(Sweet Lime)",Mousambi,Local,21/09/2026,6500,7000,6750
"Tamil Nadu",Madurai,"Chokkikulam(Uzhavar Sandhai )",Pumpkin,Pumpkin,Local,21/09/2026,1600,2000,1800
"Tamil Nadu",Madurai,"Chokkikulam(Uzhavar Sandhai )",Beans,"Beans (Whole)",Local,21/09/2026,8000,9000,8500
"Tamil Nadu",Madurai,"Chokkikulam(Uzhavar Sandhai )",Ginger(Green),"Green Ginger",Local,21/09/2026,11000,20000,15500
"Tamil Nadu",Madurai,"Chokkikulam(Uzhavar Sandhai )",Coconut,Coconut,Local,21/09/2026,6800,7000,6900
"Tamil Nadu",Madurai,"Chokkikulam(Uzhavar Sandhai )",Thondekai,Thondekai,Local,21/09/2026,5500,6000,5750
"Tamil Nadu",Madurai,"Chokkikulam(Uzhavar Sandhai )","Green Avare(W)","Green Avare (W)",Local,21/09/2026,9000,11000,10000
"Tamil Nadu",Madurai,"Chokkikulam(Uzhavar Sandhai )",Mango(Raw-Ripe),"Mango - Raw-Ripe",Local,21/09/2026,12000,13000,12500
"Tamil Nadu",Madurai,"Chokkikulam(Uzhavar Sandhai )",Lime,Lime,Local,21/09/2026,3600,4000,3800
Haryana,Kurukshetra,"Babain APMC",Paddy(Basmati),"Basmati 1509",Local,21/09/2026,3720,3720,3720
Gujarat,Surat,"Surat APMC","French Beans(Frasbean)",Other,FAQ,21/09/2026,2000,4000,3000
Gujarat,Surat,"Surat APMC",Lemon,Other,FAQ,21/09/2026,4000,16000,10000
Gujarat,Surat,"Surat APMC","Groundnut pods(raw)",Other,FAQ,21/09/2026,4000,5000,4500
Gujarat,Surat,"Surat APMC","Little gourd(Kundru)",Other,FAQ,21/09/2026,4000,12500,8250
Gujarat,Surat,"Surat APMC",Mango(Raw-Ripe),Other,FAQ,21/09/2026,15000,16000,15500
Gujarat,Surat,"Surat APMC",Tomato,Other,FAQ,21/09/2026,800,2500,1650
Gujarat,Surat,"Surat APMC",Potato,Other,FAQ,21/09/2026,500,1900,1200
Gujarat,Surat,"Surat APMC",Turmeric(raw),Other,FAQ,21/09/2026,4000,9000,6500
Gujarat,Surat,"Surat APMC","Sponge gourd",Other,FAQ,21/09/2026,1000,2500,1750
"Andhra Pradesh",Tirupathi,"Pakala APMC",Gur(Jaggery),"NO 3",Local,21/09/2026,2900,2900,2900
Telangana,Warangal,"Warangal APMC",Cabbage,Cabbage,FAQ,21/09/2026,1600,2000,1800
Telangana,Warangal,"Warangal APMC","Cluster beans","Cluster Beans",FAQ,21/09/2026,2500,3000,2750
Telangana,Warangal,"Warangal APMC","Field Pea","Field Pea",FAQ,21/09/2026,3500,4000,3750
Telangana,Warangal,"Warangal APMC","French Beans(Frasbean)","French Beans (Frasbean)",FAQ,21/09/2026,8500,9000,8750
Haryana,Fatehabad,"Fatehabad APMC",Lemon,Other,Local,21/09/2026,4000,4000,4000
"Andhra Pradesh",Prakasam,"Kondapi APMC","Bengal Gram(Gram)(Whole)","Average (Whole)",Local,21/09/2026,5400,5800,5600
"Andhra Pradesh",Prakasam,"Ongole APMC",Paddy(Common),"B P T",Local,21/09/2026,2500,2500,2500
"Andhra Pradesh",Tirupathi,"Srikalahasti APMC",Groundnut,Local,Local,21/09/2026,6500,6800,6650
"Andhra Pradesh",Tirupathi,"Naidupet APMC",Paddy(Common),MTU-1010,Local,21/09/2026,2350,2450,2400
"Andhra Pradesh",Ananthapuramu,"Urvakonda APMC",Groundnut,Local,Local,21/09/2026,7000,8200,7500
Uttarakhand,Haridwar,"Roorkee APMC","Bitter gourd",Other,Local,21/09/2026,650,850,750
Uttarakhand,Haridwar,"Roorkee APMC",Cauliflower,Other,Local,21/09/2026,1000,1500,1200
Maharashtra,Pune,"Pune(Moshi) ",Mint(Pudina),Other,Local,21/09/2026,7,8,8
Maharashtra,Pune,"Pune(Moshi) ",Brinjal,Other,Local,21/09/2026,1000,3000,2000
Maharashtra,Pune,"Pune(Moshi) ","Green Chilli",Other,Local,21/09/2026,2500,3000,2750
Maharashtra,Pune,"Pune(Moshi) ",Lime,Other,Local,21/09/2026,18000,20000,19000
Maharashtra,Pune,"Pune(Moshi) ",Orange,Other,Local,21/09/2026,4000,7000,5500
Maharashtra,Pune,"Pune(Moshi) ","Bhindi(Ladies Finger)",Other,Local,21/09/2026,2000,3000,2500
Maharashtra,Pune,"Pune(Moshi) ",Onion,Local,Local,21/09/2026,2000,4500,3250
Maharashtra,Raigad,"APMC Alibagh ",Rice,Other,Local,21/09/2026,4000,4500,4250
Maharashtra,Ratnagiri,"APMC Ratnagiri (Nachane) ",Brinjal,Other,Local,21/09/2026,1000,1500,1300
Maharashtra,Ratnagiri,"APMC Ratnagiri (Nachane) ","Green Chilli",Other,Local,21/09/2026,3000,4000,3500
Maharashtra,Ratnagiri,"APMC Ratnagiri (Nachane) ","Bhindi(Ladies Finger)",Other,Local,21/09/2026,2000,3000,2500
"Tamil Nadu",Erode,"Thalavadi(Uzhavar Sandhai )",Banana,"Red Banana",Local,21/09/2026,6500,7000,6750
"Tamil Nadu",Erode,"Thalavadi(Uzhavar Sandhai )",Potato,"Red Nanital",Local,21/09/2026,3500,4000,3750
"Tamil Nadu",Erode,"Thalavadi(Uzhavar Sandhai )","Bottle gourd","Bottle Gourd",Local,21/09/2026,1600,2000,1800
"Tamil Nadu",Erode,"Thalavadi(Uzhavar Sandhai )",Pumpkin,Pumpkin,Local,21/09/2026,1000,1200,1100
"Tamil Nadu",Erode,"Thalavadi(Uzhavar Sandhai )","Banana - Green","Banana - Green",Local,21/09/2026,3000,3500,3250
"Tamil Nadu",Erode,"Thalavadi(Uzhavar Sandhai )",Tapioca,Tapioca,Local,21/09/2026,2500,3000,2750
"Tamil Nadu",Erode,"Thalavadi(Uzhavar Sandhai )",Ginger(Green),"Green Ginger",Local,21/09/2026,13000,14000,13500
"Tamil Nadu",Erode,"Thalavadi(Uzhavar Sandhai )",Coconut,Coconut,Local,21/09/2026,4400,5000,4700
"Tamil Nadu",Erode,"Thalavadi(Uzhavar Sandhai )",Raddish,Raddish,Local,21/09/2026,2400,2800,2600
"Tamil Nadu",Erode,"Thalavadi(Uzhavar Sandhai )","Chow Chow","Chow Chow",Local,21/09/2026,2500,3000,2750
"Tamil Nadu",Cuddalore,"Viruthachalam(Uzhavar Sandhai )",Onion,Bellary,Local,21/09/2026,5500,5500,5500
"Tamil Nadu",Cuddalore,"Viruthachalam(Uzhavar Sandhai )",Beans,"Beans (Whole)",Local,21/09/2026,10000,10000,10000
"Tamil Nadu",Cuddalore,"Viruthachalam(Uzhavar Sandhai )",Ginger(Green),"Green Ginger",Local,21/09/2026,8000,18000,13000
"Tamil Nadu",Cuddalore,"Viruthachalam(Uzhavar Sandhai )",Coconut,Coconut,Local,21/09/2026,6000,6000,6000
"Tamil Nadu",Krishnagiri,"Krishnagiri(Uzhavar Sandhai )",Tomato,Deshi,Local,21/09/2026,2000,2600,2300
"Tamil Nadu",Krishnagiri,"Krishnagiri(Uzhavar Sandhai )",Tapioca,Tapioca,Local,21/09/2026,2500,2800,2650
"Tamil Nadu",Krishnagiri,"Krishnagiri(Uzhavar Sandhai )",Cabbage,Cabbage,Local,21/09/2026,2500,3000,2750
"Tamil Nadu",Krishnagiri,"Krishnagiri(Uzhavar Sandhai )",Drumstick,Drumstick,Local,21/09/2026,2500,3000,2750
"Tamil Nadu",Krishnagiri,"Krishnagiri(Uzhavar Sandhai )","Amla(Nelli Kai)",Amla,Local,21/09/2026,10000,11000,10500
"Tamil Nadu",Krishnagiri,"Krishnagiri(Uzhavar Sandhai )",Mint(Pudina),Mint(Pudina),Local,21/09/2026,2500,3000,2750
"Tamil Nadu",Krishnagiri,"Krishnagiri(Uzhavar Sandhai )",Rose(Local),"Rose (Local)",Local,21/09/2026,15000,16000,15500
"Tamil Nadu",Nagapattinam,"Nagapattinam(Uzhavar Sandhai )",Brinjal,Round,Local,21/09/2026,4700,5500,5100
"Tamil Nadu",Nagapattinam,"Nagapattinam(Uzhavar Sandhai )",Pumpkin,Pumpkin,Local,21/09/2026,3000,3000,3000
"Tamil Nadu",Nagapattinam,"Nagapattinam(Uzhavar Sandhai )","Banana - Green","Banana - Green",Local,21/09/2026,2800,2800,2800
"Tamil Nadu",Nagapattinam,"Nagapattinam(Uzhavar Sandhai )",Cucumbar(Kheera),Cucumbar,Local,21/09/2026,6700,6700,6700
"Tamil Nadu",Nagapattinam,"Nagapattinam(Uzhavar Sandhai )",Mint(Pudina),Mint(Pudina),Local,21/09/2026,3300,3300,3300
"Tamil Nadu",Pudukkottai,"Pudukottai(Uzhavar Sandhai )",Banana,"Red Banana",Local,21/09/2026,8000,9000,8500
"Tamil Nadu",Pudukkottai,"Pudukottai(Uzhavar Sandhai )",Onion,Bellary,Local,21/09/2026,7000,8000,7500
"Tamil Nadu",Pudukkottai,"Pudukottai(Uzhavar Sandhai )",Cauliflower,Ranchi,Local,21/09/2026,5000,6000,5500
"Tamil Nadu",Pudukkottai,"Pudukottai(Uzhavar Sandhai )",Cowpea(Veg),"Cowpea (Veg)",Local,21/09/2026,1500,2000,1750
"Tamil Nadu",Pudukkottai,"Pudukottai(Uzhavar Sandhai )","Banana - Green","Banana - Green",Local,21/09/2026,2500,3000,2750
"Tamil Nadu",Pudukkottai,"Pudukottai(Uzhavar Sandhai )",Beans,"Beans (Whole)",Local,21/09/2026,8000,8500,8250
"Tamil Nadu",Pudukkottai,"Pudukottai(Uzhavar Sandhai )",Tapioca,Tapioca,Local,21/09/2026,3000,4000,3500
"Tamil Nadu",Pudukkottai,"Pudukottai(Uzhavar Sandhai )",Ginger(Green),"Green Ginger",Local,21/09/2026,18000,20000,19000
"Tamil Nadu",Pudukkottai,"Pudukottai(Uzhavar Sandhai )",Coconut,Coconut,Local,21/09/2026,3000,4000,3500
"Tamil Nadu",Pudukkottai,"Pudukottai(Uzhavar Sandhai )",Beetroot,Beetroot,Local,21/09/2026,5000,5500,5250
"Tamil Nadu",Pudukkottai,"Pudukottai(Uzhavar Sandhai )",Ridgeguard(Tori),Ridgeguard(Tori),Local,21/09/2026,6000,7000,6500
"Tamil Nadu",Pudukkottai,"Pudukottai(Uzhavar Sandhai )","Knool Khol","Knool Khol",Local,21/09/2026,3000,4000,3500
"Tamil Nadu",Pudukkottai,"Pudukottai(Uzhavar Sandhai )",Lime,Lime,Local,21/09/2026,1500,2000,1750
"Tamil Nadu",Pudukkottai,"Pudukottai(Uzhavar Sandhai )","Tender Coconut","Tender Coconut",Local,21/09/2026,5000,6000,5500
"Tamil Nadu",Pudukkottai,"Pudukottai(Uzhavar Sandhai )","Elephant Yam(Suran)/Amorphophallus","Elephant Yam (Suran)",Local,21/09/2026,5000,6000,5500
"Tamil Nadu",Pudukkottai,"Pudukottai(Uzhavar Sandhai )",Yam(Ratalu),"Yam (Ratalu)",Local,21/09/2026,7000,8000,7500
"Tamil Nadu",Thanjavur,"Kumbakonam (Uzhavar Sandhai )",Cucumbar(Kheera),Cucumbar,Local,21/09/2026,6000,6000,6000
"Tamil Nadu",Thanjavur,"Kumbakonam (Uzhavar Sandhai )","Chow Chow","Chow Chow",Local,21/09/2026,3600,3600,3600
"Tamil Nadu",Thanjavur,"Kumbakonam (Uzhavar Sandhai )","Onion Green","Onion Green",Local,21/09/2026,9600,12000,10800
"Tamil Nadu","The Nilgiris","Udhagamandalam(Uzhavar Sandhai )",Orange,Darjeeling,Local,21/09/2026,10000,11000,10500
"Tamil Nadu","The Nilgiris","Udhagamandalam(Uzhavar Sandhai )",Onion,Bellary,Local,21/09/2026,6000,6400,6200
"Tamil Nadu","The Nilgiris","Udhagamandalam(Uzhavar Sandhai )","Cluster beans","Cluster Beans",Local,21/09/2026,3500,4000,3750
"Tamil Nadu","The Nilgiris","Udhagamandalam(Uzhavar Sandhai )",Ashgourd,Gouard,Local,21/09/2026,1500,2000,1750
"Tamil Nadu","The Nilgiris","Udhagamandalam(Uzhavar Sandhai )",Cowpea(Veg),"Cowpea (Veg)",Local,21/09/2026,3000,3500,3250
"Tamil Nadu","The Nilgiris","Udhagamandalam(Uzhavar Sandhai )",Beans,"Beans (Whole)",Local,21/09/2026,6000,7000,6500
"Tamil Nadu","The Nilgiris","Udhagamandalam(Uzhavar Sandhai )",Tapioca,Tapioca,Local,21/09/2026,3000,3500,3250
"Tamil Nadu","The Nilgiris","Udhagamandalam(Uzhavar Sandhai )",Snakeguard,Snakeguard,Local,21/09/2026,3200,3500,3350
"Tamil Nadu","The Nilgiris","Udhagamandalam(Uzhavar Sandhai )","Chow Chow","Chow Chow",Local,21/09/2026,2000,2500,2250
"Tamil Nadu","The Nilgiris","Udhagamandalam(Uzhavar Sandhai )",Drumstick,Drumstick,Local,21/09/2026,3500,4000,3750
"Tamil Nadu","The Nilgiris","Udhagamandalam(Uzhavar Sandhai )","Amla(Nelli Kai)",Amla,Local,21/09/2026,8000,9000,8500
"Tamil Nadu",Theni,"Bodinayakanur(Uzhavar Sandhai )",Banana,Besrai,Local,21/09/2026,5000,5000,5000
"Tamil Nadu",Theni,"Bodinayakanur(Uzhavar Sandhai )",Onion,Bellary,Local,21/09/2026,6500,6500,6500
"Tamil Nadu",Theni,"Bodinayakanur(Uzhavar Sandhai )","Bhindi(Ladies Finger)",Bhindi,Local,21/09/2026,4000,4000,4000
"Tamil Nadu",Theni,"Bodinayakanur(Uzhavar Sandhai )",Carrot,Pusakesar,Local,21/09/2026,3800,3800,3800
"Tamil Nadu",Theni,"Bodinayakanur(Uzhavar Sandhai )",Cabbage,Cabbage,Local,21/09/2026,3000,3000,3000
"Tamil Nadu",Theni,"Bodinayakanur(Uzhavar Sandhai )","Chow Chow","Chow Chow",Local,21/09/2026,2400,2400,2400
"Tamil Nadu",Theni,"Bodinayakanur(Uzhavar Sandhai )","Knool Khol","Knool Khol",Local,21/09/2026,3400,3400,3400
Punjab,"Ropar (Rupnagar)","Morinda APMC","Mousambi(Sweet Lime)",Mousambi,Medium,21/09/2026,3500,4000,3750
Punjab,"Ropar (Rupnagar)","Morinda APMC",Papaya,Papaya,Medium,21/09/2026,2800,3200,3000
Punjab,"Ropar (Rupnagar)","Morinda APMC","Green Chilli","Green Chilly",Local,21/09/2026,3500,4000,3750
Punjab,"Ropar (Rupnagar)","Morinda APMC",Garlic,Garlic,Local,21/09/2026,10000,12000,11000
Punjab,"Ropar (Rupnagar)","Morinda APMC",Cucumbar(Kheera),Cucumbar,Medium,21/09/2026,2000,2500,2250
Punjab,"Ropar (Rupnagar)","Morinda APMC",Ginger(Green),"Green Ginger",Medium,21/09/2026,10000,11000,10500
"Tamil Nadu",Thiruvarur,"Tiruvarur(Uzhavar Sandhai )",Coriander(Leaves),"I Sort",Local,21/09/2026,4000,4000,4000
"Tamil Nadu",Thiruvarur,"Tiruvarur(Uzhavar Sandhai )",Pumpkin,Pumpkin,Local,21/09/2026,3000,3000,3000
"Tamil Nadu",Thiruvarur,"Tiruvarur(Uzhavar Sandhai )","Green Chilli","Green Chilly",Local,21/09/2026,5000,5000,5000
"Tamil Nadu",Thiruvarur,"Tiruvarur(Uzhavar Sandhai )","Banana - Green","Banana - Green",Local,21/09/2026,4000,4000,4000
"Tamil Nadu",Thiruvarur,"Tiruvarur(Uzhavar Sandhai )",Snakeguard,Snakeguard,Local,21/09/2026,3000,3000,3000
"Tamil Nadu",Thiruvarur,"Tiruvarur(Uzhavar Sandhai )",Raddish,Raddish,Local,21/09/2026,3600,3600,3600
Bihar,"East Champaran/ Motihari","Raxaul APMC","Bhindi(Ladies Finger)",Bhindi,"Grade A",21/09/2026,850,1050,950
"Tamil Nadu",Virudhunagar,"Aruppukottai(Uzhavar Sandhai )",Soyabean,Local,Local,21/09/2026,9500,10000,9750
"Tamil Nadu",Virudhunagar,"Aruppukottai(Uzhavar Sandhai )",Chikoos(Sapota),Sapota,Local,21/09/2026,3500,4000,3750
"Tamil Nadu",Virudhunagar,"Aruppukottai(Uzhavar Sandhai )",Papaya,Papaya,Local,21/09/2026,3000,3500,3250
"Tamil Nadu",Virudhunagar,"Aruppukottai(Uzhavar Sandhai )","Bottle gourd","Bottle Gourd",Local,21/09/2026,2500,3000,2750
"Tamil Nadu",Virudhunagar,"Aruppukottai(Uzhavar Sandhai )",Ashgourd,Gouard,Local,21/09/2026,2000,2500,2250
"Tamil Nadu",Virudhunagar,"Aruppukottai(Uzhavar Sandhai )",Pumpkin,Pumpkin,Local,21/09/2026,1800,2000,1900
"Tamil Nadu",Virudhunagar,"Aruppukottai(Uzhavar Sandhai )",Ginger(Green),"Green Ginger",Local,21/09/2026,19000,20000,19500
"Tamil Nadu",Virudhunagar,"Aruppukottai(Uzhavar Sandhai )",Carrot,Pusakesar,Local,21/09/2026,4500,5000,4750
"Tamil Nadu",Virudhunagar,"Aruppukottai(Uzhavar Sandhai )",Cabbage,Cabbage,Local,21/09/2026,3000,3500,3250
"Tamil Nadu",Virudhunagar,"Aruppukottai(Uzhavar Sandhai )",Raddish,Raddish,Local,21/09/2026,3000,3500,3250
"Tamil Nadu",Virudhunagar,"Aruppukottai(Uzhavar Sandhai )",Lime,Lime,Local,21/09/2026,15000,16000,15500
"Tamil Nadu",Virudhunagar,"Aruppukottai(Uzhavar Sandhai )","Elephant Yam(Suran)/Amorphophallus","Elephant Yam (Suran)",Local,21/09/2026,4500,5000,4750
"Tamil Nadu",Villupuram,"Gingee(Uzhavar Sandhai )",Groundnut,"Big (With Shell)",Local,21/09/2026,7000,7000,7000
"Tamil Nadu",Villupuram,"Gingee(Uzhavar Sandhai )",Onion,Bellary,Local,21/09/2026,5000,6000,5500
"Tamil Nadu",Villupuram,"Gingee(Uzhavar Sandhai )",Coriander(Leaves),"I Sort",Local,21/09/2026,4000,4000,4000
"Tamil Nadu",Villupuram,"Gingee(Uzhavar Sandhai )",Tomato,Deshi,Local,21/09/2026,2500,2500,2500
"Tamil Nadu",Villupuram,"Gingee(Uzhavar Sandhai )","Bitter gourd","Bitter Gourd",Local,21/09/2026,5000,7000,6000
"Tamil Nadu",Villupuram,"Gingee(Uzhavar Sandhai )","Bottle gourd","Bottle Gourd",Local,21/09/2026,2500,2500,2500
"Tamil Nadu",Villupuram,"Gingee(Uzhavar Sandhai )",Pumpkin,Pumpkin,Local,21/09/2026,2000,2000,2000
"Tamil Nadu",Villupuram,"Gingee(Uzhavar Sandhai )","Green Chilli","Green Chilly",Local,21/09/2026,5000,5000,5000
"Tamil Nadu",Villupuram,"Gingee(Uzhavar Sandhai )",Beetroot,Beetroot,Local,21/09/2026,5000,5000,5000
"Tamil Nadu",Villupuram,"Gingee(Uzhavar Sandhai )",Cucumbar(Kheera),Cucumbar,Local,21/09/2026,4500,4500,4500
"Tamil Nadu",Villupuram,"Gingee(Uzhavar Sandhai )",Thondekai,Thondekai,Local,21/09/2026,3500,3500,3500
"Tamil Nadu",Thiruvarur,"Valangaiman APMC",Brinjal,Round,Local,21/09/2026,4000,4000,4000
"Tamil Nadu",Thiruvarur,"Valangaiman APMC","Cluster beans","Cluster Beans",Local,21/09/2026,4000,4000,4000
"Tamil Nadu",Thiruvarur,"Valangaiman APMC",Pumpkin,Pumpkin,Local,21/09/2026,2400,2400,2400
"Tamil Nadu",Thiruvarur,"Valangaiman APMC",Snakeguard,Snakeguard,Local,21/09/2026,4000,4000,4000
"Tamil Nadu",Thiruvarur,"Valangaiman APMC",Raddish,Raddish,Local,21/09/2026,3000,3000,3000
"Madhya Pradesh",Shivpuri,"Karera(F&V) APMC","Green Chilli","Green Chilly",Local,21/09/2026,2800,3900,3500
"Madhya Pradesh",Shivpuri,"Karera(F&V) APMC",Tomato,Tomato,Local,21/09/2026,1900,2300,2100
"Andhra Pradesh",Kakinada,"Peddapuram APMC",Paddy(Common),1001,FAQ,21/09/2026,2369,2400,2390
"Andhra Pradesh",Srikakulam,"Palasa APMC",Paddy(Common),Common,FAQ,21/09/2026,2369,2369,2369
"Tamil Nadu",Madurai,"Thirumangalam(Uzhavar Sandhai )",Chikoos(Sapota),Sapota,Local,21/09/2026,4000,6000,5000
"Tamil Nadu",Madurai,"Thirumangalam(Uzhavar Sandhai )","Cluster beans","Cluster Beans",Local,21/09/2026,3600,4000,3800
"Tamil Nadu",Madurai,"Thirumangalam(Uzhavar Sandhai )","Bitter gourd","Bitter Gourd",Local,21/09/2026,5000,5500,5250
"Tamil Nadu",Madurai,"Thirumangalam(Uzhavar Sandhai )",Raddish,Raddish,Local,21/09/2026,2400,2800,2600
"Tamil Nadu",Madurai,"Thirumangalam(Uzhavar Sandhai )","Elephant Yam(Suran)/Amorphophallus","Elephant Yam (Suran)",Local,21/09/2026,4000,4500,4250
"Tamil Nadu",Madurai,"Melur(Uzhavar Sandhai )","Bottle gourd","Bottle Gourd",Local,21/09/2026,1600,2000,1800
"Tamil Nadu",Madurai,"Melur(Uzhavar Sandhai )",Amaranthus,Amaranthus,Local,21/09/2026,3000,3600,3300
"Tamil Nadu",Madurai,"Melur(Uzhavar Sandhai )","Green Chilli","Green Chilly",Local,21/09/2026,4000,4800,4400
"Tamil Nadu",Madurai,"Melur(Uzhavar Sandhai )",Cowpea(Veg),"Cowpea (Veg)",Local,21/09/2026,4000,5000,4500
"Tamil Nadu",Madurai,"Melur(Uzhavar Sandhai )","Sweet Potato","Hosur Red",Local,21/09/2026,5500,6000,5750
"Tamil Nadu",Madurai,"Melur(Uzhavar Sandhai )",Ridgeguard(Tori),Ridgeguard(Tori),Local,21/09/2026,4000,4500,4250
"Tamil Nadu",Madurai,"Melur(Uzhavar Sandhai )",Yam(Ratalu),"Yam (Ratalu)",Local,21/09/2026,6500,7000,6750
"Tamil Nadu",Karur,"Gandhigramam(Uzhavar Sandhai)",Onion,Bellary,Local,21/09/2026,6000,6500,6250
"Tamil Nadu",Karur,"Gandhigramam(Uzhavar Sandhai)",Brinjal,Other,Local,21/09/2026,3000,3500,3250
"Tamil Nadu",Karur,"Gandhigramam(Uzhavar Sandhai)","Bhindi(Ladies Finger)",Bhindi,Local,21/09/2026,3500,4000,3750
"Tamil Nadu",Karur,"Gandhigramam(Uzhavar Sandhai)",Coconut,Coconut,Local,21/09/2026,5500,6000,5750
"Tamil Nadu",Karur,"Gandhigramam(Uzhavar Sandhai)","Sweet Potato","Hosur Red",Local,21/09/2026,4500,5000,4750
"Tamil Nadu",Karur,"Gandhigramam(Uzhavar Sandhai)",Raddish,Raddish,Local,21/09/2026,2500,3000,2750
"Tamil Nadu",Karur,"Gandhigramam(Uzhavar Sandhai)",Mint(Pudina),Mint(Pudina),Local,21/09/2026,5500,6000,5750
"Tamil Nadu",Salem,"Vazhapadi(Uzhavar Sandhai)",Potato,Other,Local,21/09/2026,3000,3400,3200
"Tamil Nadu",Salem,"Vazhapadi(Uzhavar Sandhai)",Garlic,Garlic,Local,21/09/2026,25000,25000,25000
"Tamil Nadu",Salem,"Vazhapadi(Uzhavar Sandhai)",Tomato,Deshi,Local,21/09/2026,2500,2800,2650
"Tamil Nadu",Salem,"Vazhapadi(Uzhavar Sandhai)",Ashgourd,Gouard,Local,21/09/2026,3000,3000,3000
"Tamil Nadu",Salem,"Vazhapadi(Uzhavar Sandhai)",Ginger(Green),"Green Ginger",Local,21/09/2026,14000,17000,15500
"Tamil Nadu",Salem,"Vazhapadi(Uzhavar Sandhai)",Beetroot,Beetroot,Local,21/09/2026,5500,5500,5500
"Tamil Nadu",Salem,"Vazhapadi(Uzhavar Sandhai)",Raddish,Raddish,Local,21/09/2026,2400,2400,2400
"Tamil Nadu",Salem,"Vazhapadi(Uzhavar Sandhai)","Elephant Yam(Suran)/Amorphophallus","Elephant Yam (Suran)",Local,21/09/2026,3000,3000,3000
"Tamil Nadu",Pudukkottai,"Aranthangi(Uzhavar Sandhai )",Tomato,Other,Local,21/09/2026,3000,3500,3250
"Tamil Nadu",Pudukkottai,"Aranthangi(Uzhavar Sandhai )",Pumpkin,Pumpkin,Local,21/09/2026,1000,1500,1250
"Tamil Nadu",Pudukkottai,"Aranthangi(Uzhavar Sandhai )","Green Avare(W)",Other,Local,21/09/2026,6000,7000,6500
"Tamil Nadu",Nagapattinam,"Vedaranyam(Uzhavar Sandhai)",Potato,"Red Nanital",Local,21/09/2026,3500,4000,3750
"Tamil Nadu",Nagapattinam,"Vedaranyam(Uzhavar Sandhai)",Brinjal,Round,Local,21/09/2026,5000,5500,5250
"Tamil Nadu",Nagapattinam,"Vedaranyam(Uzhavar Sandhai)","Bitter gourd","Bitter Gourd",Local,21/09/2026,5000,6500,5750
"Tamil Nadu",Nagapattinam,"Vedaranyam(Uzhavar Sandhai)",Ashgourd,Gouard,Local,21/09/2026,2600,2600,2600
"Tamil Nadu",Nagapattinam,"Vedaranyam(Uzhavar Sandhai)",Pumpkin,Pumpkin,Local,21/09/2026,2400,2400,2400
"Tamil Nadu",Nagapattinam,"Vedaranyam(Uzhavar Sandhai)","Bhindi(Ladies Finger)",Bhindi,Local,21/09/2026,4500,5500,5000
"Tamil Nadu",Nagapattinam,"Vedaranyam(Uzhavar Sandhai)",Drumstick,Drumstick,Local,21/09/2026,3600,3600,3600
"Tamil Nadu",Nagapattinam,"Vedaranyam(Uzhavar Sandhai)",Yam(Ratalu),"Yam (Ratalu)",Local,21/09/2026,6500,7500,7000
"Tamil Nadu",Nagapattinam,"Vedaranyam(Uzhavar Sandhai)",Lemon,Lemon,Local,21/09/2026,9000,9000,9000
"Tamil Nadu",Vellore,"Perampet(Uzhavar Sandhai)",Onion,Bellary,Local,21/09/2026,5500,6000,5750
"Tamil Nadu",Vellore,"Perampet(Uzhavar Sandhai)",Tomato,Deshi,Local,21/09/2026,2000,2400,2200
"Tamil Nadu",Vellore,"Perampet(Uzhavar Sandhai)","Cluster beans","Cluster Beans",Local,21/09/2026,3000,3000,3000
"Tamil Nadu",Vellore,"Perampet(Uzhavar Sandhai)",Amaranthus,Amaranthus,Local,21/09/2026,4000,4000,4000
"Tamil Nadu",Vellore,"Perampet(Uzhavar Sandhai)",Cabbage,Cabbage,Local,21/09/2026,3000,3000,3000
"Tamil Nadu",Vellore,"Perampet(Uzhavar Sandhai)",Raddish,Raddish,Local,21/09/2026,3000,3600,3300
"Tamil Nadu",Vellore,"Perampet(Uzhavar Sandhai)","Chow Chow","Chow Chow",Local,21/09/2026,4000,4000,4000
"Tamil Nadu",Vellore,"Perampet(Uzhavar Sandhai)","Knool Khol","Knool Khol",Local,21/09/2026,4000,4000,4000
"Tamil Nadu",Vellore,"Perampet(Uzhavar Sandhai)","Indian Beans(Seam)","Indian Beans (Seam)",Local,21/09/2026,5000,5600,5300
"Tamil Nadu",Vellore,"Perampet(Uzhavar Sandhai)",Mint(Pudina),Mint(Pudina),Local,21/09/2026,4000,4000,4000
"Andhra Pradesh","Alluri Sitharama Raju","Araku Valley APMC",Ginger(Dry),Ginger-Organic,"Grade Range-1",21/09/2026,12500,13000,12800
Telangana,Siddipet,"Bejjenki APMC",Maize,Local,FAQ,21/09/2026,2250,2250,2250
"Andhra Pradesh",Srikakulam,"Etcherla APMC",Paddy(Common),1121,FAQ,21/09/2026,2369,2369,2369
"Tamil Nadu",Karur,"Kulithalai(Uzhavar Sandhai )",Brinjal,Other,Local,21/09/2026,2500,3000,2750
"Tamil Nadu",Karur,"Kulithalai(Uzhavar Sandhai )",Papaya,Papaya,Local,21/09/2026,3000,4000,3500
"Tamil Nadu",Karur,"Kulithalai(Uzhavar Sandhai )",Tapioca,Tapioca,Local,21/09/2026,3000,3500,3250
"Tamil Nadu",Karur,"Kulithalai(Uzhavar Sandhai )",Carrot,Pusakesar,Local,21/09/2026,4500,5000,4750
"Tamil Nadu",Karur,"Kulithalai(Uzhavar Sandhai )",Mango(Raw-Ripe),"Mango - Raw-Ripe",Local,21/09/2026,10000,12000,11000
"Tamil Nadu",Thirupur,"Dharapuram(Uzhavar Sandhai )",Potato,"Red Nanital",Local,21/09/2026,4000,7000,5500
"Tamil Nadu",Thirupur,"Dharapuram(Uzhavar Sandhai )","Bhindi(Ladies Finger)",Bhindi,Local,21/09/2026,4500,5200,4850
"Tamil Nadu",Thirupur,"Dharapuram(Uzhavar Sandhai )",Ginger(Green),"Green Ginger",Local,21/09/2026,15000,18000,16500
"Tamil Nadu",Thirupur,"Dharapuram(Uzhavar Sandhai )",Ridgeguard(Tori),Ridgeguard(Tori),Local,21/09/2026,5000,6000,5500
"Tamil Nadu",Thirupur,"Dharapuram(Uzhavar Sandhai )","Chow Chow","Chow Chow",Local,21/09/2026,3000,3500,3250
"Tamil Nadu",Thirupur,"Dharapuram(Uzhavar Sandhai )","Onion Green","Onion Green",Local,21/09/2026,5000,6000,5500
"Tamil Nadu",Thirupur,"Palladam(Uzhavar Sandhai )",Brinjal,Other,Local,21/09/2026,2500,3000,2750
"Tamil Nadu",Thirupur,"Palladam(Uzhavar Sandhai )",Ashgourd,Gouard,Local,21/09/2026,2000,2500,2250
"Tamil Nadu",Thirupur,"Palladam(Uzhavar Sandhai )",Pumpkin,Pumpkin,Local,21/09/2026,1500,2000,1750
"Tamil Nadu",Thirupur,"Palladam(Uzhavar Sandhai )","Banana - Green","Banana - Green",Local,21/09/2026,2500,3000,2750
"Tamil Nadu",Thirupur,"Palladam(Uzhavar Sandhai )",Guava,"Guava Allahabad",Local,21/09/2026,4000,5000,4500
"Tamil Nadu",Thirupur,"Palladam(Uzhavar Sandhai )","Onion Green","Onion Green",Local,21/09/2026,8000,9000,8500
"Tamil Nadu",Kallakuruchi,"Kallakurichi(Uzhavar Sandhai )",Onion,Bellary,Local,21/09/2026,7000,7000,7000
"Tamil Nadu",Kallakuruchi,"Kallakurichi(Uzhavar Sandhai )",Potato,"Red Nanital",Local,21/09/2026,4000,4000,4000
"Tamil Nadu",Kallakuruchi,"Kallakurichi(Uzhavar Sandhai )",Coriander(Leaves),"I Sort",Local,21/09/2026,6000,6000,6000
"Tamil Nadu",Kallakuruchi,"Kallakurichi(Uzhavar Sandhai )","Bitter gourd","Bitter Gourd",Local,21/09/2026,6000,6000,6000
"Tamil Nadu",Kallakuruchi,"Kallakurichi(Uzhavar Sandhai )",Pumpkin,Pumpkin,Local,21/09/2026,2000,2000,2000
"Tamil Nadu",Kallakuruchi,"Kallakurichi(Uzhavar Sandhai )",Amaranthus,Amaranthus,Local,21/09/2026,3000,3000,3000
"Tamil Nadu",Kallakuruchi,"Kallakurichi(Uzhavar Sandhai )","Banana - Green","Banana - Green",Local,21/09/2026,3000,3000,3000
"Tamil Nadu",Kallakuruchi,"Kallakurichi(Uzhavar Sandhai )","Tender Coconut","Tender Coconut",Local,21/09/2026,3000,3000,3000
"Tamil Nadu",Kallakuruchi,"Kallakurichi(Uzhavar Sandhai )",Jasmine,Jasmine,Local,21/09/2026,40000,40000,40000
"Tamil Nadu",Kallakuruchi,"Kallakurichi(Uzhavar Sandhai )","Amla(Nelli Kai)",Amla,Local,21/09/2026,10000,10000,10000
Bihar,Muzaffarpur,"Bhagwanpur Mandi APMC",Pumpkin,Other,"Grade A",21/09/2026,2100,2100,2100
Haryana,Panipat,"Panipat APMC",Apple,Other,Local,21/09/2026,2000,10000,6000
Haryana,Panipat,"Panipat APMC",Brinjal,Other,Local,21/09/2026,1000,1500,1250
"Andhra Pradesh","Sri Sathya Sai","Dharmavaram APMC",Paddy(Common),"B P T",FAQ,21/09/2026,2100,2300,2200
"Andhra Pradesh",Srikakulam,"Jalumuru APMC",Paddy(Common),1121,FAQ,21/09/2026,2369,2369,2369
"Andhra Pradesh","East Godavari","Gopalapuram APMC",Maize,Local,Local,21/09/2026,2405,2405,2405
"Andhra Pradesh",Ananthapuramu,"Guntakal APMC",Groundnut,Local,Local,21/09/2026,7000,8500,7800
"Andhra Pradesh",Ananthapuramu,"Guntakal APMC","Bengal Gram(Gram)(Whole)",Gulabi,Local,21/09/2026,6600,7000,6800
"Andhra Pradesh",Markapuram,"Kanigiri APMC","Red gram/Arhar/Tur(whole)",(Whole),Local,21/09/2026,8600,8800,8700
"Andhra Pradesh",Ananthapuramu,"Gooti APMC",Groundnut,Local,"Grade Range-1",21/09/2026,3699,8099,6527
"Andhra Pradesh",Ananthapuramu,"RAYADURG APMC",Paddy(Common),"I.R. 64","Grade Range-1",21/09/2026,3200,3800,3400
"Andhra Pradesh","Parvathipuram Manyam","Parvathipuram APMC",Maize,Local,Local,21/09/2026,2400,2400,2400
"Andhra Pradesh","Parvathipuram Manyam","Saluru APMC",Maize,Hybrid/Local,FAQ,21/09/2026,2600,2600,2600
"Tamil Nadu",Salem,"Athur(Uzhavar Sandhai )",Brinjal,Other,Local,21/09/2026,2500,3000,2750
"Tamil Nadu",Salem,"Athur(Uzhavar Sandhai )",Ashgourd,Gouard,Local,21/09/2026,1800,2000,1900
"Tamil Nadu",Salem,"Athur(Uzhavar Sandhai )",Amaranthus,Amaranthus,Local,21/09/2026,2000,2500,2250
"Tamil Nadu",Salem,"Athur(Uzhavar Sandhai )",Ginger(Green),"Green Ginger",Local,21/09/2026,17000,18000,17500
"Tamil Nadu",Salem,"Athur(Uzhavar Sandhai )","Chow Chow","Chow Chow",Local,21/09/2026,3500,4000,3750
"Tamil Nadu",Salem,"Athur(Uzhavar Sandhai )",Drumstick,Drumstick,Local,21/09/2026,4000,4500,4250
Telangana,Karimnagar,"V.Saidapur APMC",Paddy(Common),1001,Non-FAQ,21/09/2026,2369,2369,2369
"Tamil Nadu",Theni,"Periyakulam(Uzhavar Sandhai )","Bottle gourd","Bottle Gourd",Local,21/09/2026,1200,1400,1300
"Tamil Nadu",Theni,"Periyakulam(Uzhavar Sandhai )",Pumpkin,Pumpkin,Local,21/09/2026,1600,1800,1700
"Tamil Nadu",Theni,"Periyakulam(Uzhavar Sandhai )",Beans,"Beans (Whole)",Local,21/09/2026,8000,8500,8250
"Tamil Nadu",Theni,"Periyakulam(Uzhavar Sandhai )",Carrot,Pusakesar,Local,21/09/2026,3000,3400,3200
"Tamil Nadu",Theni,"Periyakulam(Uzhavar Sandhai )","Chow Chow","Chow Chow",Local,21/09/2026,2800,3000,2900
"Tamil Nadu",Theni,"Periyakulam(Uzhavar Sandhai )",Mint(Pudina),Mint(Pudina),Local,21/09/2026,5500,5500,5500
"Tamil Nadu",Virudhunagar,"Srivilliputhur(Uzhavar Sandhai )",Banana,Besrai,Local,21/09/2026,3500,4000,3750
"Tamil Nadu",Virudhunagar,"Srivilliputhur(Uzhavar Sandhai )",Cauliflower,Ranchi,Local,21/09/2026,2500,3000,2750
"Tamil Nadu",Virudhunagar,"Srivilliputhur(Uzhavar Sandhai )",Brinjal,Round,Local,21/09/2026,2500,3000,2750
"Tamil Nadu",Virudhunagar,"Srivilliputhur(Uzhavar Sandhai )","Bitter gourd","Bitter Gourd",Local,21/09/2026,5000,6000,5500
"Tamil Nadu",Virudhunagar,"Srivilliputhur(Uzhavar Sandhai )",Carrot,Pusakesar,Local,21/09/2026,3500,4000,3750
"Tamil Nadu",Virudhunagar,"Srivilliputhur(Uzhavar Sandhai )",Snakeguard,Snakeguard,Local,21/09/2026,3500,4000,3750
"Tamil Nadu",Virudhunagar,"Srivilliputhur(Uzhavar Sandhai )","Green Avare(W)","Green Avare (W)",Local,21/09/2026,9000,10000,9500
"Tamil Nadu",Virudhunagar,"Srivilliputhur(Uzhavar Sandhai )","Onion Green","Onion Green",Local,21/09/2026,7000,8000,7500
"Uttar Pradesh",Badaun,"Shahaswan APMC",Banana,Amruthapani,Medium,21/09/2026,2000,2200,2100
Punjab,Ludhiana,"Sahnewal APMC","Bhindi(Ladies Finger)",Bhindi,FAQ,21/09/2026,3000,3000,3000
Nagaland,Wokha,"Wokha Town APMC","Passion Fruit","Passion Fruit","Grade B",21/09/2026,6500,7400,7000
Nagaland,Wokha,"Wokha Town APMC","Green Chilli","Green Chilly",Local,21/09/2026,7600,8300,8000
Nagaland,Tsemenyu,"Tsemenyu APMC","Green Chilli","Green Chilly",Local,21/09/2026,7500,7500,7500
Odisha,Kalahandi,"Mukhiguda APMC","Bhindi(Ladies Finger)",Bhindi,"Grade B",21/09/2026,2500,3300,2900
Odisha,Kalahandi,"Mukhiguda APMC",Tomato,Tomato,"Grade B",21/09/2026,2400,3400,2900
Odisha,Kalahandi,"Mukhiguda APMC","Bitter gourd","Bitter Gourd","Grade B",21/09/2026,4000,4600,4300
"West Bengal",Bankura,"Khatra APMC",Paddy(Common),"Swarna Masuri (New)",FAQ,21/09/2026,2350,2500,2441
"West Bengal",Bankura,"Khatra APMC","Sweet Pumpkin","Sweet Pumpkin",FAQ,21/09/2026,1100,1500,1200
"West Bengal",Bankura,"Khatra APMC",Brinjal,Round/Long,FAQ,21/09/2026,2600,3500,3000
Nagaland,Kohima,"Kohima APMC","Squash(Chappal Kadoo)",Other,Local,21/09/2026,3000,3000,3000
Nagaland,Kohima,"Kohima APMC",Tomato,Tomato,Local,21/09/2026,5000,5000,5000
"Tamil Nadu",Coimbatore,"Vadavalli(Uzhavar Sandhai )",Brinjal,Other,Local,21/09/2026,3400,3800,3600
"Tamil Nadu",Coimbatore,"Vadavalli(Uzhavar Sandhai )",Tomato,Local,Local,21/09/2026,3000,3400,3200
"Tamil Nadu",Coimbatore,"Vadavalli(Uzhavar Sandhai )","Bhindi(Ladies Finger)",Bhindi,Local,21/09/2026,4000,4800,4400
"Tamil Nadu",Coimbatore,"Vadavalli(Uzhavar Sandhai )",Tapioca,Tapioca,Local,21/09/2026,3000,3500,3250
"Tamil Nadu",Coimbatore,"Vadavalli(Uzhavar Sandhai )",Snakeguard,Snakeguard,Local,21/09/2026,3200,3600,3400
"Tamil Nadu",Coimbatore,"Vadavalli(Uzhavar Sandhai )",Beetroot,Beetroot,Local,21/09/2026,4500,5200,4850
"Tamil Nadu",Coimbatore,"Vadavalli(Uzhavar Sandhai )",Lemon,Lemon,Local,21/09/2026,21000,25000,23000
"Tamil Nadu",Coimbatore,"Vadavalli(Uzhavar Sandhai )","Onion Green","Onion Green",Local,21/09/2026,8500,9000,8750
"Tamil Nadu",Coimbatore,"Vadavalli(Uzhavar Sandhai )",Mint(Pudina),Mint(Pudina),Local,21/09/2026,4500,5000,4750
"Andhra Pradesh","YSR Kadapa","Jammalamadugu APMC",Cotton,Desi,FAQ,21/09/2026,8000,8500,8300
"Andhra Pradesh","YSR Kadapa","Jammalamadugu APMC",Jowar(Sorghum),Local,FAQ,21/09/2026,2500,2700,2600
"Andhra Pradesh","West Godavari","Bhimavaram APMC",Paddy(Common),1001,"Grade Range-1",21/09/2026,2360,2360,2360
"Uttar Pradesh",Bulandshahar,"Gulavati APMC",Lemon,Other,FAQ,21/09/2026,9000,9200,9100
Haryana,Hissar,"Barwala(Hisar) APMC","Mousambi(Sweet Lime)",Mousambi,Local,21/09/2026,3500,3500,3500
Haryana,Hissar,"Barwala(Hisar) APMC",Pomegranate,Pomogranate,Local,21/09/2026,11000,12000,11500
Haryana,Hissar,"Barwala(Hisar) APMC",Potato,Potato,Local,21/09/2026,800,900,900
Haryana,Hissar,"Barwala(Hisar) APMC","Bitter gourd","Bitter Gourd",Local,21/09/2026,3200,3500,3400
Haryana,Hissar,"Barwala(Hisar) APMC",Lemon,Other,Local,21/09/2026,4500,5000,4800
Haryana,Kaithal,"Dhand APMC",Tomato,Other,Medium,21/09/2026,2000,2400,2300
Haryana,Kaithal,"Dhand APMC",Banana,Other,Medium,21/09/2026,3500,4000,3800
"Himachal Pradesh",Solan,"SMY Parwanoo",Apple,Other,Local,21/09/2026,3000,14000,12000
"Tamil Nadu",Coimbatore,"Udumalpet APMC",Coriander(Leaves),"I Sort",Local,21/09/2026,5000,6000,5500
"Tamil Nadu",Coimbatore,"Udumalpet APMC",Papaya,Papaya,Local,21/09/2026,3000,3500,3250
"Tamil Nadu",Coimbatore,"Udumalpet APMC","Bhindi(Ladies Finger)",Bhindi,Local,21/09/2026,5000,6000,5500
"Tamil Nadu",Coimbatore,"Udumalpet APMC",Ridgeguard(Tori),Ridgeguard(Tori),Local,21/09/2026,5000,6000,5500
"Himachal Pradesh",Kangra,"SMY Nagrota Bagwan",Pineapple,"Pine Apple",Medium,21/09/2026,4000,4200,4100
"Himachal Pradesh",Kangra,"SMY Nagrota Bagwan","Green Chilli","Green Chilly",FAQ,21/09/2026,4500,5000,4800
"Tamil Nadu",Erode,"Gobichettipalayam(Uzhavar Sandhai )",Coriander(Leaves),"I Sort",Local,21/09/2026,5000,5200,5100
"Tamil Nadu",Erode,"Gobichettipalayam(Uzhavar Sandhai )","Bitter gourd","Bitter Gourd",Local,21/09/2026,4800,5000,4900
"Tamil Nadu",Erode,"Gobichettipalayam(Uzhavar Sandhai )",Pumpkin,Pumpkin,Local,21/09/2026,3000,3500,3250
"Tamil Nadu",Erode,"Gobichettipalayam(Uzhavar Sandhai )","Bhindi(Ladies Finger)",Bhindi,Local,21/09/2026,2500,2800,2650
"Tamil Nadu",Erode,"Gobichettipalayam(Uzhavar Sandhai )",Amaranthus,Amaranthus,Local,21/09/2026,4200,4500,4350
"Tamil Nadu",Erode,"Gobichettipalayam(Uzhavar Sandhai )",Beans,"Beans (Whole)",Local,21/09/2026,7000,7400,7200
"Tamil Nadu",Erode,"Gobichettipalayam(Uzhavar Sandhai )",Beetroot,Beetroot,Local,21/09/2026,6000,6500,6250
"Tamil Nadu",Erode,"Gobichettipalayam(Uzhavar Sandhai )",Guava,"Guava Allahabad",Local,21/09/2026,5000,5500,5250
"Tamil Nadu",Erode,"Gobichettipalayam(Uzhavar Sandhai )","Tender Coconut","Tender Coconut",Local,21/09/2026,3500,4000,3750
"Tamil Nadu",Erode,"Gobichettipalayam(Uzhavar Sandhai )",Mint(Pudina),Mint(Pudina),Local,21/09/2026,4000,4200,4100
"Himachal Pradesh",Shimla,"SMY Rohroo",Cabbage,Other,"Grade B",21/09/2026,2200,2400,2300
"Himachal Pradesh",Shimla,"SMY Rohroo","Water Melon",Other,"Grade B",21/09/2026,3200,3600,3400
"Himachal Pradesh",Shimla,"SMY Rohroo",Lemon,Lemon,"Grade B",21/09/2026,12000,13000,12500
"Andhra Pradesh",Srikakulam,"Ponduru APMC",Maize,Local,FAQ,21/09/2026,2400,2400,2400
Punjab,Jalandhar,"Mehatpur APMC","Bhindi(Ladies Finger)",Bhindi,Local,21/09/2026,3100,3300,3200
"Andhra Pradesh",Kakinada,"Samalkot APMC",Paddy(Common),Paddy,FAQ,21/09/2026,2339,2345,2340
"Tamil Nadu",Pudukkottai,"Ponnamaravathi(Uzhavar Sandhai)","Bhindi(Ladies Finger)",Bhindi,Local,21/09/2026,2500,3000,2750
"Tamil Nadu",Pudukkottai,"Ponnamaravathi(Uzhavar Sandhai)","Green Chilli","Green Chilly",Local,21/09/2026,5500,6000,5750
Odisha,Kalahandi,"Bhawanipatna APMC",Tomato,Tomato,Local,21/09/2026,3500,3500,3500
Odisha,Kalahandi,"Bhawanipatna APMC","Pointed gourd(Parval)","Pointed gourd (Parval)",Local,21/09/2026,2900,2900,2900
"Tamil Nadu",Nagapattinam,"Mayiladuthurai(Uzhavar Sandhai )",Banana,Besrai,Local,21/09/2026,3600,4000,3800
"Tamil Nadu",Nagapattinam,"Mayiladuthurai(Uzhavar Sandhai )",Cauliflower,Ranchi,Local,21/09/2026,4500,5000,4750
"Tamil Nadu",Nagapattinam,"Mayiladuthurai(Uzhavar Sandhai )","Bottle gourd","Bottle Gourd",Local,21/09/2026,2500,3000,2750
"Tamil Nadu",Nagapattinam,"Mayiladuthurai(Uzhavar Sandhai )",Pumpkin,Pumpkin,Local,21/09/2026,1500,2000,1750
"Tamil Nadu",Nagapattinam,"Mayiladuthurai(Uzhavar Sandhai )",Carrot,Pusakesar,Local,21/09/2026,6000,7000,6500
"Tamil Nadu",Nagapattinam,"Mayiladuthurai(Uzhavar Sandhai )",Raddish,Raddish,Local,21/09/2026,2500,3000,2750
"Tamil Nadu",Nagapattinam,"Mayiladuthurai(Uzhavar Sandhai )","Chow Chow","Chow Chow",Local,21/09/2026,4000,4000,4000
"Tamil Nadu",Nagapattinam,"Mayiladuthurai(Uzhavar Sandhai )",Lime,Lime,Local,21/09/2026,3500,4000,3750
"Tamil Nadu",Nagapattinam,"Mayiladuthurai(Uzhavar Sandhai )",Yam(Ratalu),"Yam (Ratalu)",Local,21/09/2026,6000,7000,6500
"Tamil Nadu",Nagapattinam,"Mayiladuthurai(Uzhavar Sandhai )",Mint(Pudina),Mint(Pudina),Local,21/09/2026,4000,4500,4250
"Tamil Nadu",Pudukkottai,"Viralimalai(Uzhavar Sandhai )",Drumstick,Drumstick,Local,21/09/2026,5000,6000,5500
"Tamil Nadu",Ramanathapuram,"Paramakudi(Uzhavar Sandhai )",Soyabean,Local,Local,21/09/2026,9000,10000,9500
"Tamil Nadu",Ramanathapuram,"Paramakudi(Uzhavar Sandhai )",Onion,Bellary,Local,21/09/2026,4500,5000,4750
"Tamil Nadu",Ramanathapuram,"Paramakudi(Uzhavar Sandhai )",Cauliflower,Ranchi,Local,21/09/2026,5000,5500,5250
"Tamil Nadu",Ramanathapuram,"Paramakudi(Uzhavar Sandhai )",Tomato,Deshi,Local,21/09/2026,2500,3000,2750
"Tamil Nadu",Ramanathapuram,"Paramakudi(Uzhavar Sandhai )",Pumpkin,Pumpkin,Local,21/09/2026,2200,2500,2350
"Tamil Nadu",Ramanathapuram,"Paramakudi(Uzhavar Sandhai )","Bhindi(Ladies Finger)",Bhindi,Local,21/09/2026,4500,5000,4750
"Tamil Nadu",Ramanathapuram,"Paramakudi(Uzhavar Sandhai )",Beetroot,Beetroot,Local,21/09/2026,4500,5000,4750
"Tamil Nadu",Ramanathapuram,"Paramakudi(Uzhavar Sandhai )",Drumstick,Drumstick,Local,21/09/2026,7000,8000,7500
"Tamil Nadu",Ramanathapuram,"Paramakudi(Uzhavar Sandhai )",Lime,Lime,Local,21/09/2026,11000,12000,11500
"Tamil Nadu",Ramanathapuram,"Paramakudi(Uzhavar Sandhai )",Kakada,Kakada,Local,21/09/2026,35000,40000,37500
"Tamil Nadu",Ramanathapuram,"Paramakudi(Uzhavar Sandhai )","Tube Flower","Tube Flower",Local,21/09/2026,60000,70000,65000
"Tamil Nadu",Pudukkottai,"Alangudi(Uzhavar Sandhai )",Brinjal,Other,Local,21/09/2026,6000,7000,6500
"Tamil Nadu",Pudukkottai,"Alangudi(Uzhavar Sandhai )",Ashgourd,Gouard,Local,21/09/2026,1000,1500,1250
"Tamil Nadu",Pudukkottai,"Alangudi(Uzhavar Sandhai )","Bhindi(Ladies Finger)",Bhindi,Local,21/09/2026,2500,3000,2750
"Tamil Nadu",Pudukkottai,"Alangudi(Uzhavar Sandhai )",Amaranthus,Amaranthus,Local,21/09/2026,1500,2000,1750
"Tamil Nadu",Pudukkottai,"Alangudi(Uzhavar Sandhai )",Coconut,Coconut,Local,21/09/2026,3500,4000,3750
"Tamil Nadu",Thiruvannamalai,"Arani(Uzhavar Sandhai )",Banana,Other,Local,21/09/2026,5000,6000,5500
"Tamil Nadu",Thiruvannamalai,"Arani(Uzhavar Sandhai )",Coriander(Leaves),"I Sort",Local,21/09/2026,4000,5000,4500
"Tamil Nadu",Thiruvannamalai,"Arani(Uzhavar Sandhai )",Papaya,Papaya,Local,21/09/2026,3500,4000,3750
"Tamil Nadu",Thiruvannamalai,"Arani(Uzhavar Sandhai )",Amaranthus,Amaranthus,Local,21/09/2026,1500,2000,1750
"Tamil Nadu",Thiruvannamalai,"Arani(Uzhavar Sandhai )",Coconut,Coconut,Local,21/09/2026,4000,5000,4500
"Tamil Nadu",Thiruvannamalai,"Arani(Uzhavar Sandhai )",Cabbage,Cabbage,Local,21/09/2026,2500,3000,2750
"Tamil Nadu",Thiruvannamalai,"Arani(Uzhavar Sandhai )",Snakeguard,Snakeguard,Local,21/09/2026,2500,3000,2750
"Tamil Nadu",Thiruvannamalai,"Arani(Uzhavar Sandhai )",Ridgeguard(Tori),Ridgeguard(Tori),Local,21/09/2026,3500,4200,3850
"Tamil Nadu",Thiruvannamalai,"Arani(Uzhavar Sandhai )","Knool Khol","Knool Khol",Local,21/09/2026,3500,4200,3850
"Tamil Nadu",Thiruvannamalai,"Arani(Uzhavar Sandhai )",Mint(Pudina),Mint(Pudina),Local,21/09/2026,4000,4500,4250
"Tamil Nadu",Thiruvannamalai,"Polur(Uzhavar Sandhai )",Papaya,Papaya,Local,21/09/2026,2500,3000,2750
"Tamil Nadu",Thiruvannamalai,"Polur(Uzhavar Sandhai )",Cabbage,Cabbage,Local,21/09/2026,2000,2500,2250
"Tamil Nadu",Thiruvannamalai,"Polur(Uzhavar Sandhai )",Beetroot,Beetroot,Local,21/09/2026,4000,4800,4400
"Tamil Nadu",Thiruvannamalai,"Polur(Uzhavar Sandhai )",Drumstick,Drumstick,Local,21/09/2026,5000,6000,5500
"Tamil Nadu",Thiruvannamalai,"Polur(Uzhavar Sandhai )",Colacasia,Colacasia,Local,21/09/2026,3300,4000,3650
"Tamil Nadu",Thiruvannamalai,"Tiruvannamalai(Uzhavar Sandhai )",Banana,Besrai,Local,21/09/2026,5000,6000,5500
"Tamil Nadu",Thiruvannamalai,"Tiruvannamalai(Uzhavar Sandhai )",Chikoos(Sapota),Sapota,Local,21/09/2026,5000,6000,5500
"Tamil Nadu",Thiruvannamalai,"Tiruvannamalai(Uzhavar Sandhai )","Mousambi(Sweet Lime)",Mousambi,Local,21/09/2026,5000,6000,5500
"Tamil Nadu",Thiruvannamalai,"Tiruvannamalai(Uzhavar Sandhai )","Cluster beans","Cluster Beans",Local,21/09/2026,3600,4000,3800
"Tamil Nadu",Thiruvannamalai,"Tiruvannamalai(Uzhavar Sandhai )","Bottle gourd","Bottle Gourd",Local,21/09/2026,2000,2500,2250
"Tamil Nadu",Thiruvannamalai,"Tiruvannamalai(Uzhavar Sandhai )",Ashgourd,Gouard,Local,21/09/2026,2000,2500,2250
"Tamil Nadu",Thiruvannamalai,"Tiruvannamalai(Uzhavar Sandhai )",Tapioca,Tapioca,Local,21/09/2026,3000,3500,3250
"Tamil Nadu",Thiruvannamalai,"Tiruvannamalai(Uzhavar Sandhai )",Cabbage,Cabbage,Local,21/09/2026,2000,2500,2250
"Tamil Nadu",Thiruvannamalai,"Tiruvannamalai(Uzhavar Sandhai )",Cucumbar(Kheera),Cucumbar,Local,21/09/2026,4000,5000,4500
"Tamil Nadu",Thiruvannamalai,"Tiruvannamalai(Uzhavar Sandhai )","Green Avare(W)","Green Avare (W)",Local,21/09/2026,6400,7200,6800
"Tamil Nadu",Thiruvannamalai,"Tiruvannamalai(Uzhavar Sandhai )",Drumstick,Drumstick,Local,21/09/2026,5000,6000,5500
"Tamil Nadu",Thiruvannamalai,"Tiruvannamalai(Uzhavar Sandhai )","Karbuja(Musk Melon)",Karbhuja,Local,21/09/2026,3000,3500,3250
"Tamil Nadu",Thiruvannamalai,"Tiruvannamalai(Uzhavar Sandhai )","Indian Beans(Seam)","Indian Beans (Seam)",Local,21/09/2026,5000,6000,5500
"Tamil Nadu",Thiruvannamalai,"Tiruvannamalai(Uzhavar Sandhai )",Lemon,Lemon,Local,21/09/2026,25000,28000,26500
"Tamil Nadu",Thiruvannamalai,"Tiruvannamalai(Uzhavar Sandhai )",Colacasia,Colacasia,Local,21/09/2026,3500,4000,3750
"Tamil Nadu",Thiruvannamalai,"Tiruvannamalai(Uzhavar Sandhai )","Onion Green","Onion Green",Local,21/09/2026,8000,10000,9000
"Tamil Nadu",Thiruvarur,"Tiruthuraipoondi(Uzhavar Sandhai )",Ashgourd,Gouard,Local,21/09/2026,3000,3000,3000
"Tamil Nadu",Thiruvarur,"Tiruthuraipoondi(Uzhavar Sandhai )",Coconut,Coconut,Local,21/09/2026,5000,5000,5000
"Tamil Nadu",Thiruvarur,"Tiruthuraipoondi(Uzhavar Sandhai )","Sweet Potato","Hosur Red",Local,21/09/2026,6000,6000,6000
"Tamil Nadu",Tuticorin,"Kovilpatti(Uzhavar Sandhai )",Onion,Bellary,Local,21/09/2026,6500,7000,6750
"Tamil Nadu",Tuticorin,"Kovilpatti(Uzhavar Sandhai )",Papaya,Papaya,Local,21/09/2026,3000,3500,3250
"Tamil Nadu",Tuticorin,"Kovilpatti(Uzhavar Sandhai )",Ashgourd,Gouard,Local,21/09/2026,2000,2500,2250
"Tamil Nadu",Tuticorin,"Kovilpatti(Uzhavar Sandhai )",Coconut,Coconut,Local,21/09/2026,6000,6500,6250
"Tamil Nadu",Tuticorin,"Kovilpatti(Uzhavar Sandhai )",Snakeguard,Snakeguard,Local,21/09/2026,4000,4500,4250
"Tamil Nadu",Tuticorin,"Kovilpatti(Uzhavar Sandhai )",Capsicum,Capsicum,Local,21/09/2026,5500,6000,5750
"Tamil Nadu",Tuticorin,"Kovilpatti(Uzhavar Sandhai )",Drumstick,Drumstick,Local,21/09/2026,5000,5500,5250
"Tamil Nadu",Tuticorin,"Kovilpatti(Uzhavar Sandhai )",Lime,Lime,Local,21/09/2026,10000,11000,10500
"Tamil Nadu",Vellore,"Gudiyatham(Uzhavar Sandhai )",Pumpkin,Pumpkin,Local,21/09/2026,2400,2400,2400
"Tamil Nadu",Vellore,"Gudiyatham(Uzhavar Sandhai )",Amaranthus,Amaranthus,Local,21/09/2026,4000,4000,4000
"Tamil Nadu",Vellore,"Gudiyatham(Uzhavar Sandhai )",Beans,"Beans (Whole)",Local,21/09/2026,7600,7600,7600
"Tamil Nadu",Vellore,"Gudiyatham(Uzhavar Sandhai )",Ginger(Green),"Green Ginger",Local,21/09/2026,19000,19000,19000
"Tamil Nadu",Vellore,"Gudiyatham(Uzhavar Sandhai )",Thondekai,Thondekai,Local,21/09/2026,4600,4600,4600
"Tamil Nadu",Vellore,"Gudiyatham(Uzhavar Sandhai )",Drumstick,Drumstick,Local,21/09/2026,3600,3600,3600
"Tamil Nadu",Vellore,"Gudiyatham(Uzhavar Sandhai )",Mango(Raw-Ripe),"Mango - Raw-Ripe",Local,21/09/2026,6600,6600,6600
"Tamil Nadu",Vellore,"Gudiyatham(Uzhavar Sandhai )",Guava,"Guava Allahabad",Local,21/09/2026,5500,6000,5750
"Tamil Nadu",Vellore,"Gudiyatham(Uzhavar Sandhai )","Custard Apple(Sharifa)","Custard Apple(Sharifa)",Local,21/09/2026,4000,4000,4000
"Tamil Nadu",Vellore,"Kahithapattarai(Uzhavar Sandhai )",Cowpea(Veg),"Cowpea (Veg)",Local,21/09/2026,2500,2500,2500
"Tamil Nadu",Vellore,"Kahithapattarai(Uzhavar Sandhai )",Beans,"Beans (Whole)",Local,21/09/2026,8000,8000,8000
"Tamil Nadu",Vellore,"Kahithapattarai(Uzhavar Sandhai )",Beetroot,Beetroot,Local,21/09/2026,4600,4600,4600
"Tamil Nadu",Vellore,"Kahithapattarai(Uzhavar Sandhai )",Drumstick,Drumstick,Local,21/09/2026,4500,4500,4500
"Tamil Nadu",Vellore,"Kahithapattarai(Uzhavar Sandhai )",Colacasia,Colacasia,Local,21/09/2026,4000,4000,4000
"Tamil Nadu",Villupuram,"Villupuram(Uzhavar Sandhai )",Groundnut,"Big (With Shell)",Local,21/09/2026,9000,9000,9000
"Tamil Nadu",Villupuram,"Villupuram(Uzhavar Sandhai )",Banana,Besrai,Local,21/09/2026,4000,10000,7000
"Tamil Nadu",Villupuram,"Villupuram(Uzhavar Sandhai )","Cluster beans","Cluster Beans",Local,21/09/2026,6000,6000,6000
"Tamil Nadu",Villupuram,"Villupuram(Uzhavar Sandhai )",Pumpkin,Pumpkin,Local,21/09/2026,2000,2000,2000
"Tamil Nadu",Villupuram,"Villupuram(Uzhavar Sandhai )","Bhindi(Ladies Finger)",Bhindi,Local,21/09/2026,4000,4000,4000
"Tamil Nadu",Villupuram,"Villupuram(Uzhavar Sandhai )","Green Chilli","Green Chilly",Local,21/09/2026,6000,6000,6000
"Tamil Nadu",Villupuram,"Villupuram(Uzhavar Sandhai )","Banana - Green","Banana - Green",Local,21/09/2026,3000,3000,3000
"Tamil Nadu",Villupuram,"Villupuram(Uzhavar Sandhai )",Raddish,Raddish,Local,21/09/2026,4000,4000,4000
"Tamil Nadu",Villupuram,"Villupuram(Uzhavar Sandhai )",Mango(Raw-Ripe),"Mango - Raw-Ripe",Local,21/09/2026,9000,9000,9000
"Tamil Nadu",Villupuram,"Villupuram(Uzhavar Sandhai )",Mint(Pudina),Mint(Pudina),Local,21/09/2026,4000,4000,4000
"Tamil Nadu",Villupuram,"Villupuram(Uzhavar Sandhai )","Baby Corn","Baby Corn","Grade A",21/09/2026,4000,4000,4000
"Andhra Pradesh",Palnadu,"Chilakaluripet APMC",Cotton,Other,Local,21/09/2026,7000,8400,7500
"Andhra Pradesh","Sri Sathya Sai","Penukonda APMC",Maize,Hybrid/Local,FAQ,21/09/2026,2500,2700,2550
"Jammu and Kashmir",Rajouri,"Rajouri (Phaliana) (F&V)",Apple,Apple,"Grade B",21/09/2026,6500,6500,6500
"Jammu and Kashmir",Rajouri,"Rajouri (Phaliana) (F&V)","Bottle gourd","Bottle Gourd","Grade B",21/09/2026,3500,3500,3500
Odisha,Dhenkanal,"Hindol APMC",Brinjal,Brinjal,"Grade B",21/09/2026,4000,5000,4500
Odisha,Dhenkanal,"Hindol APMC",Cucumbar(Kheera),Cucumbar,"Grade B",21/09/2026,4700,5000,4800
Odisha,Dhenkanal,"Hindol APMC","Pointed gourd(Parval)",Other,"Grade B",21/09/2026,4000,4500,4200
Odisha,Dhenkanal,"Hindol APMC",Pumpkin,Pumpkin,"Grade B",21/09/2026,1600,1800,1700
"Tamil Nadu",Thiruvannamalai,"Cheyyar(Uzhavar Sandhai )",Tomato,Local,Local,21/09/2026,2500,3000,2750
"Tamil Nadu",Thiruvannamalai,"Cheyyar(Uzhavar Sandhai )",Beans,"Beans (Whole)",Local,21/09/2026,8000,9600,8800
"Tamil Nadu",Thiruvannamalai,"Cheyyar(Uzhavar Sandhai )",Coconut,Coconut,Local,21/09/2026,4000,4500,4250
"Tamil Nadu",Thiruvannamalai,"Cheyyar(Uzhavar Sandhai )",Beetroot,Beetroot,Local,21/09/2026,4000,4800,4400
"Tamil Nadu",Thiruvannamalai,"Cheyyar(Uzhavar Sandhai )",Raddish,Raddish,Local,21/09/2026,2000,2400,2200
"Tamil Nadu",Thiruvannamalai,"Cheyyar(Uzhavar Sandhai )","Chow Chow","Chow Chow",Local,21/09/2026,3000,3600,3300
"Tamil Nadu",Thiruvannamalai,"Cheyyar(Uzhavar Sandhai )",Mint(Pudina),Mint(Pudina),Local,21/09/2026,3500,4000,3750
"Andhra Pradesh",Krishna,"Divi (HQ-Avanigadda) APMC","Black Gram(Urd Beans)(Whole)",Desi,FAQ,21/09/2026,8100,8500,8200
"Andhra Pradesh",Kakinada,"Kakinada (Urban) APMC",Paddy(Common),Common,FAQ,21/09/2026,2369,2450,2440
Odisha,Sundergarh,"Panposh APMC","Bhindi(Ladies Finger)",Other,FAQ,21/09/2026,4000,4500,4200
Odisha,Sundergarh,"Panposh APMC","Bottle gourd","Bottle Gourd",FAQ,21/09/2026,2000,2400,2200
Odisha,Sundergarh,"Panposh APMC",Tomato,Hybrid,FAQ,21/09/2026,3000,4000,3500
"Andhra Pradesh",Palnadu,"Rompicherla APMC",Paddy(Common),Paddy,FAQ,21/09/2026,2300,2500,2500
"Andhra Pradesh",Ananthapuramu,"Singanamala APMC",Groundnut,Local,"Grade Range-1",21/09/2026,6000,7800,7200
"Uttar Pradesh",Raebarelli,"Lalganj APMC",Brinjal,Round/Long,FAQ,21/09/2026,1200,1400,1300
Punjab,Jalandhar,"Shahkot APMC","Green Chilli","Green Chilly",Local,21/09/2026,1500,1600,1550
Bihar,Siwan,"Maharjganj APMC",Potato,"Red Nanital",FAQ,21/09/2026,1600,1600,1600
Telangana,Siddipet,"Dubbak APMC",Paddy(Common),I.R.-64,FAQ,21/09/2026,2850,2850,2850
Punjab,Gurdaspur,"Dinanagar APMC",Carrot,Other,Medium,21/09/2026,3800,4000,3900
Punjab,Hoshiarpur,"Garh Shankar APMC",Apple,Apple,Medium,21/09/2026,5000,5000,5000
Punjab,Hoshiarpur,"Garh Shankar APMC",Potato,Potato,FAQ,21/09/2026,800,800,800
Punjab,Jalandhar,"Lohian Khas APMC",Raddish,Other,Local,21/09/2026,1600,2000,1800
Punjab,Ludhiana,"Doraha APMC","Squash(Chappal Kadoo)",Other,Local,21/09/2026,1000,2000,1500
Punjab,Ludhiana,"Doraha APMC",Ridgeguard(Tori),Other,Local,21/09/2026,1000,1700,1500
Punjab,Ludhiana,"Doraha APMC",Onion,Medium,Local,21/09/2026,3800,4500,4200
Punjab,Moga,"Nihal Singh Wala APMC","Bhindi(Ladies Finger)",Other,FAQ,21/09/2026,4100,4100,4100
Punjab,Moga,"Nihal Singh Wala APMC",Capsicum,Other,FAQ,21/09/2026,5100,5100,5100
Punjab,Moga,"Nihal Singh Wala APMC","Green Chilli","Green Chilly",FAQ,21/09/2026,3500,3500,3500
Odisha,Mayurbhanja,"Betnoti APMC","Pointed gourd(Parval)",Other,FAQ,21/09/2026,3800,4200,4000
Keralam,Idukki,"Munnar Market",Coconut,Other,Local,21/09/2026,9800,9800,9800
Keralam,Idukki,"Munnar Market","Dry Grapes","Dry Grapes",FAQ,21/09/2026,49000,49000,49000
Keralam,Idukki,"Munnar Market","Green Peas","Gemin Peas Dal",Local,21/09/2026,6000,6000,6000
"Andhra Pradesh",Ananthapuramu,"Rapthadu APMC","Ground Nut Seed","Ground Nut Seed","Grade Range-1",21/09/2026,9500,11500,10500
Keralam,Alappuzha,"Chengannur Market",Beetroot,Beetroot,FAQ,21/09/2026,4000,4300,4200
Keralam,Alappuzha,"Chengannur Market","Bitter gourd",Other,FAQ,21/09/2026,6000,6500,6300
Keralam,Alappuzha,"Chengannur Market",Onion,Small,FAQ,21/09/2026,8500,8800,8700
Keralam,Alappuzha,"Chengannur Market","Green Chilli","Green Chilly",FAQ,21/09/2026,4800,5300,5000
"Tamil Nadu",Coimbatore,"Sundarapuram(Uzhavar Sandhai )",Potato,Other,Local,21/09/2026,5000,5800,5400
"Tamil Nadu",Coimbatore,"Sundarapuram(Uzhavar Sandhai )",Tomato,Local,Local,21/09/2026,2800,3300,3050
"Tamil Nadu",Coimbatore,"Sundarapuram(Uzhavar Sandhai )","Bitter gourd",Other,Local,21/09/2026,4500,5200,4850
"Tamil Nadu",Coimbatore,"Sundarapuram(Uzhavar Sandhai )",Amaranthus,Amaranthus,Local,21/09/2026,5500,6500,6000
"Tamil Nadu",Coimbatore,"Sundarapuram(Uzhavar Sandhai )",Drumstick,Drumstick,Local,21/09/2026,3600,4200,3900
"Tamil Nadu",Coimbatore,"Sundarapuram(Uzhavar Sandhai )",Guava,"Guava Allahabad",Local,21/09/2026,5500,6000,5750
"Tamil Nadu",Coimbatore,"Sundarapuram(Uzhavar Sandhai )","Amla(Nelli Kai)",Amla,Local,21/09/2026,11000,12000,11500
"Tamil Nadu",Coimbatore,"Sundarapuram(Uzhavar Sandhai )",Mint(Pudina),Mint(Pudina),Local,21/09/2026,5500,6000,5750
Haryana,Gurgaon,"Gurgaon APMC",Apple,Apple,"Grade B",21/09/2026,5000,10000,6500
Haryana,Gurgaon,"Gurgaon APMC","Bottle gourd",Other,"Grade A",21/09/2026,800,1200,1000
Haryana,Gurgaon,"Gurgaon APMC",Cabbage,Other,"Grade A",21/09/2026,800,1200,1000
Haryana,Rohtak,Meham,Brinjal,Brinjal,Medium,21/09/2026,1500,1500,1500
"Uttar Pradesh","Khiri (Lakhimpur)","Maigalganj APMC",Raddish,Raddish,FAQ,21/09/2026,1140,1180,1160
Punjab,Gurdaspur,"Kalanaur APMC","Green Chilli","Green Chilly","Grade A",21/09/2026,2600,2600,2600
Punjab,Bhatinda,"Rampuraphul(Nabha Mandi) APMC","Green Chilli","Green Chilly","Grade A",21/09/2026,2500,4000,3500
Punjab,Bhatinda,"Rampuraphul(Nabha Mandi) APMC",Lemon,Lemon,"Grade A",21/09/2026,6000,8000,7000
Punjab,Bhatinda,"Rampuraphul(Nabha Mandi) APMC","Water Melon",Other,"Grade A",21/09/2026,900,1500,1000
"Himachal Pradesh",Kangra,"SMY Baijnath",Papaya,Papaya,"Grade B",21/09/2026,4700,5000,4900
"Himachal Pradesh",Kangra,"SMY Baijnath",Cucumbar(Kheera),Cucumbar,"Grade B",21/09/2026,3000,3600,3400
"Himachal Pradesh",Kangra,"SMY Baijnath","Bottle gourd","Bottle Gourd","Grade B",21/09/2026,2500,3200,2800
"Himachal Pradesh",Kangra,"SMY Baijnath",Cabbage,Cabbage,"Grade B",21/09/2026,2000,2500,2300
"Himachal Pradesh",Kangra,"SMY Baijnath",Carrot,Carrot,"Grade B",21/09/2026,3000,3200,3100
"Himachal Pradesh",Kangra,"SMY Baijnath","Green Chilli","Green Chilly","Grade B",21/09/2026,4500,5000,5000
"Himachal Pradesh",Kangra,"SMY Baijnath","Peas Wet","Peas Wet","Grade B",21/09/2026,14000,16000,15000
"Himachal Pradesh",Kangra,"SMY Baijnath",Potato,Potato,"Grade B",21/09/2026,1400,2400,2000
"Himachal Pradesh",Kangra,"SMY Baijnath",Pomegranate,Pomogranate,"Grade B",21/09/2026,9000,12000,10000
"Himachal Pradesh",Kangra,"SMY Jaisinghpur",Pomegranate,Other,Medium,21/09/2026,9000,16000,12000
"Himachal Pradesh",Kangra,"SMY Jaisinghpur",Beetroot,Beetroot,FAQ,21/09/2026,5000,5200,5100
"Himachal Pradesh",Kangra,"SMY Jaisinghpur",Guava,Guava,Medium,21/09/2026,12500,15000,13500
"Himachal Pradesh",Kangra,"SMY Jaisinghpur",Cucumbar(Kheera),Cucumbar,FAQ,21/09/2026,3200,3800,3500
"Himachal Pradesh",Kangra,"SMY Jaisinghpur",Brinjal,Brinjal,FAQ,21/09/2026,2800,3800,3200
"Tamil Nadu",Erode,"Sathiyamagalam(Uzhavar Sandhai )",Cauliflower,Ranchi,Local,21/09/2026,3000,3600,3300
"Tamil Nadu",Erode,"Sathiyamagalam(Uzhavar Sandhai )",Brinjal,Other,Local,21/09/2026,2000,2500,2250
"Tamil Nadu",Erode,"Sathiyamagalam(Uzhavar Sandhai )",Coriander(Leaves),"I Sort",Local,21/09/2026,4500,5000,4750
"Tamil Nadu",Erode,"Sathiyamagalam(Uzhavar Sandhai )","Bitter gourd",Other,Local,21/09/2026,4500,5000,4750
"Tamil Nadu",Erode,"Sathiyamagalam(Uzhavar Sandhai )",Ginger(Green),"Green Ginger",Local,21/09/2026,15000,16000,15500
"Tamil Nadu",Erode,"Sathiyamagalam(Uzhavar Sandhai )",Coconut,Coconut,Local,21/09/2026,4500,5000,4750
"Tamil Nadu",Erode,"Sathiyamagalam(Uzhavar Sandhai )",Snakeguard,Snakeguard,Local,21/09/2026,3000,3500,3250
"Tamil Nadu",Erode,"Sathiyamagalam(Uzhavar Sandhai )",Beetroot,Beetroot,Local,21/09/2026,5000,5400,5200
"Tamil Nadu",Erode,"Sathiyamagalam(Uzhavar Sandhai )",Ridgeguard(Tori),Ridgeguard(Tori),Local,21/09/2026,4400,4800,4600
"Tamil Nadu",Erode,"Sathiyamagalam(Uzhavar Sandhai )",Guava,"Guava Allahabad",Local,21/09/2026,5500,6000,5750
"Tamil Nadu",Coimbatore,"Mettupalayam(Uzhavar Sandhai )",Apple,American,Local,21/09/2026,18000,20000,19000
"Tamil Nadu",Coimbatore,"Mettupalayam(Uzhavar Sandhai )",Onion,Bellary,Local,21/09/2026,5600,6200,5900
"Tamil Nadu",Coimbatore,"Mettupalayam(Uzhavar Sandhai )",Papaya,Papaya,Local,21/09/2026,3500,4000,3750
"Tamil Nadu",Coimbatore,"Mettupalayam(Uzhavar Sandhai )","Bitter gourd","Bitter Gourd",Local,21/09/2026,4000,4800,4400
"Tamil Nadu",Coimbatore,"Mettupalayam(Uzhavar Sandhai )",Drumstick,Drumstick,Local,21/09/2026,3500,4000,3750
"Tamil Nadu",Coimbatore,"Mettupalayam(Uzhavar Sandhai )","Knool Khol","Knool Khol",Local,21/09/2026,4000,5000,4500
"Tamil Nadu",Coimbatore,"Mettupalayam(Uzhavar Sandhai )","Sweet Corn ","Sweet Corn ",Local,21/09/2026,3500,4000,3750
Odisha,Angul,"Pallahara APMC",Pumpkin,Other,FAQ,21/09/2026,1400,1600,1500
"Tamil Nadu",Namakkal,"Tiruchengode APMC",Banana,"Red Banana",Local,21/09/2026,7200,8000,7600
"Tamil Nadu",Namakkal,"Tiruchengode APMC",Potato,Other,Local,21/09/2026,2600,3000,2800
"Tamil Nadu",Namakkal,"Tiruchengode APMC","Cluster beans","Cluster Beans",Local,21/09/2026,3200,3600,3400
"Tamil Nadu",Namakkal,"Tiruchengode APMC",Pumpkin,Pumpkin,Local,21/09/2026,1800,2000,1900
"Tamil Nadu",Namakkal,"Tiruchengode APMC","Bhindi(Ladies Finger)",Bhindi,Local,21/09/2026,3000,3500,3250
"Tamil Nadu",Namakkal,"Tiruchengode APMC","Green Chilli","Green Chilly",Local,21/09/2026,5400,6000,5700
"Tamil Nadu",Namakkal,"Tiruchengode APMC",Beans,"Beans (Whole)",Local,21/09/2026,6800,7500,7150
"Tamil Nadu",Namakkal,"Tiruchengode APMC",Ridgeguard(Tori),Ridgeguard(Tori),Local,21/09/2026,5400,6000,5700
"Tamil Nadu",Namakkal,"Tiruchengode APMC","Chow Chow","Chow Chow",Local,21/09/2026,2600,3000,2800
"Tamil Nadu",Namakkal,"Tiruchengode APMC",Mint(Pudina),Mint(Pudina),Local,21/09/2026,4500,5000,4750
"Tamil Nadu",Namakkal,"Tiruchengode APMC","Sweet Corn ","Sweet Corn ",Local,21/09/2026,4800,5500,5150
Telangana,Siddipet,"Vantamamidi APMC",Tomato,Tomato,Local,21/09/2026,1000,1400,1200
Telangana,Siddipet,"Vantamamidi APMC","Onion Green","Onion Green",Local,21/09/2026,3000,3800,3400
"Tamil Nadu",Ariyalur,"Jeyankondam (Uzhavar Sandhai )",Snakeguard,Snakeguard,Local,21/09/2026,3000,3500,3250
"Andhra Pradesh",Kakinada,"Sampara (Kakinada Rural) APMC",Paddy(Common),1001,FAQ,21/09/2026,2369,2389,2379
"Tamil Nadu",Coimbatore,"RSPuram(Uzhavar Sandhai )",Banana,"Red Banana",Local,21/09/2026,8000,8600,8300
"Tamil Nadu",Coimbatore,"RSPuram(Uzhavar Sandhai )",Garlic,Garlic,Local,21/09/2026,22000,23600,22800
"Tamil Nadu",Coimbatore,"RSPuram(Uzhavar Sandhai )",Beans,"Beans (Whole)",Local,21/09/2026,6500,7000,6750
"Tamil Nadu",Coimbatore,"RSPuram(Uzhavar Sandhai )",Carrot,Pusakesar,Local,21/09/2026,3500,4000,3750
"Tamil Nadu",Coimbatore,"RSPuram(Uzhavar Sandhai )",Cabbage,Cabbage,Local,21/09/2026,2000,2400,2200
"Tamil Nadu",Coimbatore,"RSPuram(Uzhavar Sandhai )",Beetroot,Beetroot,Local,21/09/2026,4500,5000,4750
"Tamil Nadu",Coimbatore,"RSPuram(Uzhavar Sandhai )",Thondekai,Thondekai,Local,21/09/2026,3500,4000,3750
"Tamil Nadu",Coimbatore,"RSPuram(Uzhavar Sandhai )","Chow Chow","Chow Chow",Local,21/09/2026,3000,3400,3200
"Tamil Nadu",Coimbatore,"RSPuram(Uzhavar Sandhai )",Colacasia,Colacasia,Local,21/09/2026,4500,5000,4750
"Tamil Nadu",Coimbatore,"Singanallur(Uzhavar Sandhai )",Apple,American,Local,21/09/2026,27000,28000,27500
"Tamil Nadu",Coimbatore,"Singanallur(Uzhavar Sandhai )",Onion,Bellary,Local,21/09/2026,6000,6400,6200
"Tamil Nadu",Coimbatore,"Singanallur(Uzhavar Sandhai )",Potato,Other,Local,21/09/2026,4500,5800,5150
"Tamil Nadu",Coimbatore,"Singanallur(Uzhavar Sandhai )",Ashgourd,Gouard,Local,21/09/2026,1800,2000,1900
"Tamil Nadu",Coimbatore,"Singanallur(Uzhavar Sandhai )","Green Chilli","Green Chilly",Local,21/09/2026,5500,5800,5650
"Tamil Nadu",Coimbatore,"Singanallur(Uzhavar Sandhai )",Cabbage,Cabbage,Local,21/09/2026,2000,2500,2250
"Tamil Nadu",Coimbatore,"Pollachi(Uzhavar Sandhai )",Garlic,Garlic,Local,21/09/2026,18000,22000,20000
"Tamil Nadu",Coimbatore,"Pollachi(Uzhavar Sandhai )","Cluster beans","Cluster Beans",Local,21/09/2026,4000,4500,4250
"Tamil Nadu",Coimbatore,"Pollachi(Uzhavar Sandhai )",Ashgourd,Gouard,Local,21/09/2026,1800,2200,2000
"Tamil Nadu",Coimbatore,"Pollachi(Uzhavar Sandhai )",Pumpkin,Pumpkin,Local,21/09/2026,2000,2500,2250
"Tamil Nadu",Coimbatore,"Pollachi(Uzhavar Sandhai )",Amaranthus,Amaranthus,Local,21/09/2026,3000,4000,3500
"Tamil Nadu",Coimbatore,"Pollachi(Uzhavar Sandhai )",Beans,"Beans (Whole)",Local,21/09/2026,6500,7500,7000
"Tamil Nadu",Coimbatore,"Pollachi(Uzhavar Sandhai )",Snakeguard,Snakeguard,Local,21/09/2026,3500,3800,3650
"Tamil Nadu",Coimbatore,"Pollachi(Uzhavar Sandhai )","Green Avare(W)","Green Avare (W)",Local,21/09/2026,5500,6000,5750
"Tamil Nadu",Coimbatore,"Pollachi(Uzhavar Sandhai )",Drumstick,Drumstick,Local,21/09/2026,3500,4000,3750
"Tamil Nadu",Coimbatore,"Pollachi(Uzhavar Sandhai )","Tender Coconut","Tender Coconut",Local,21/09/2026,3500,4000,3750
"Tamil Nadu",Coimbatore,"Pollachi(Uzhavar Sandhai )",Yam(Ratalu),"Yam (Ratalu)",Local,21/09/2026,5000,6000,5500
"Tamil Nadu",Coimbatore,"Pollachi(Uzhavar Sandhai )","Onion Green","Onion Green",Local,21/09/2026,8500,9500,9000
"Tamil Nadu",Coimbatore,"Pollachi(Uzhavar Sandhai )",Mint(Pudina),Mint(Pudina),Local,21/09/2026,5000,6000,5500
"Uttar Pradesh",Shamli,"Kairana APMC",Apple,Other,Medium,21/09/2026,2100,2200,2150
"Uttar Pradesh",Shamli,"Kairana APMC",Raddish,Raddish,FAQ,21/09/2026,1000,1100,1050
Telangana,"Ranga Reddy","Vanasthalipuram,RBZ ",Snakeguard,Snakeguard,"Grade A",21/09/2026,1300,1300,1300
Telangana,"Ranga Reddy","Vanasthalipuram,RBZ ",Cucumbar(Kheera),Other,"Grade A",21/09/2026,2800,2800,2800
Telangana,"Ranga Reddy","Vanasthalipuram,RBZ ","French Beans(Frasbean)",Other,"Grade A",21/09/2026,5500,5500,5500
"Tamil Nadu",Karur,"Karur(Uzhavar Sandhai )",Brinjal,Other,Local,21/09/2026,3500,4500,4000
"Tamil Nadu",Karur,"Karur(Uzhavar Sandhai )",Papaya,Papaya,Local,21/09/2026,4500,5000,4750
"Tamil Nadu",Karur,"Karur(Uzhavar Sandhai )",Ashgourd,Gouard,Local,21/09/2026,2000,2500,2250
"Tamil Nadu",Karur,"Karur(Uzhavar Sandhai )","Green Chilli","Green Chilly",Local,21/09/2026,5000,6000,5500
"Tamil Nadu",Karur,"Karur(Uzhavar Sandhai )",Carrot,Pusakesar,Local,21/09/2026,4500,5000,4750
"Tamil Nadu",Karur,"Karur(Uzhavar Sandhai )",Raddish,Raddish,Local,21/09/2026,2500,3000,2750
"Tamil Nadu",Karur,"Karur(Uzhavar Sandhai )","Chow Chow","Chow Chow",Local,21/09/2026,3500,4000,3750
"Tamil Nadu",Coimbatore,"Kurichi(Uzhavar Sandhai )",Pumpkin,Pumpkin,Local,21/09/2026,1800,2000,1900
"Tamil Nadu",Coimbatore,"Kurichi(Uzhavar Sandhai )","Banana - Green","Banana - Green",Local,21/09/2026,4000,4500,4250
"Tamil Nadu",Coimbatore,"Kurichi(Uzhavar Sandhai )",Lemon,Lemon,Local,21/09/2026,25000,26000,25500
"Tamil Nadu",Cuddalore,"Chidambaram(Uzhavar Sandhai )","Bhindi(Ladies Finger)",Bhindi,Local,21/09/2026,3000,3000,3000
"Tamil Nadu",Cuddalore,"Chidambaram(Uzhavar Sandhai )",Raddish,Raddish,Local,21/09/2026,3000,3000,3000
"Tamil Nadu",Cuddalore,"Chidambaram(Uzhavar Sandhai )",Mango(Raw-Ripe),"Mango - Raw-Ripe",Local,21/09/2026,8000,8000,8000
"Tamil Nadu",Cuddalore,"Cuddalore(Uzhavar Sandhai )",Papaya,Papaya,Local,21/09/2026,4000,4000,4000
"Tamil Nadu",Cuddalore,"Cuddalore(Uzhavar Sandhai )",Tomato,Deshi,Local,21/09/2026,3200,3200,3200
"Tamil Nadu",Cuddalore,"Cuddalore(Uzhavar Sandhai )","Bottle gourd","Bottle Gourd",Local,21/09/2026,2000,2500,2250
"Tamil Nadu",Cuddalore,"Cuddalore(Uzhavar Sandhai )",Ashgourd,Gouard,Local,21/09/2026,2000,3000,2500
"Tamil Nadu",Cuddalore,"Cuddalore(Uzhavar Sandhai )",Pumpkin,Pumpkin,Local,21/09/2026,2000,2000,2000
"Tamil Nadu",Cuddalore,"Cuddalore(Uzhavar Sandhai )",Beans,"Beans (Whole)",Local,21/09/2026,11000,11000,11000
"Tamil Nadu",Cuddalore,"Cuddalore(Uzhavar Sandhai )",Tapioca,Tapioca,Local,21/09/2026,4000,5000,4500
"Tamil Nadu",Cuddalore,"Cuddalore(Uzhavar Sandhai )",Cabbage,Cabbage,Local,21/09/2026,2500,2500,2500
"Tamil Nadu",Cuddalore,"Cuddalore(Uzhavar Sandhai )","Amla(Nelli Kai)",Amla,Local,21/09/2026,14000,14000,14000
Bihar,Khagaria,"Khagaria APMC",Cabbage,Cabbage,"Grade A",21/09/2026,2649.999735,2966.66637,2799.99972
Bihar,Khagaria,"Khagaria APMC",Carrot,Carrot,"Grade A",21/09/2026,3933.33294,4616.666205,4216.666245
Bihar,Khagaria,"Khagaria APMC",Brinjal,"Arkasheela Mattigulla","Grade A",21/09/2026,2599.99974,3216.666345,2833.33305
"Tamil Nadu","Nagercoil (Kannyiakumari)","Vadaseri APMC",Mango,Safeda,Local,21/09/2026,6500,7000,6750
"Tamil Nadu","Nagercoil (Kannyiakumari)","Vadaseri APMC",Potato,"Red Nanital",Local,21/09/2026,3500,3800,3650
"Tamil Nadu","Nagercoil (Kannyiakumari)","Vadaseri APMC","Bhindi(Ladies Finger)",Bhindi,Local,21/09/2026,4000,4500,4250
"Tamil Nadu","Nagercoil (Kannyiakumari)","Vadaseri APMC",Lime,Lime,Local,21/09/2026,4500,5000,4750
"Tamil Nadu","Nagercoil (Kannyiakumari)","Vadaseri APMC",Colacasia,Colacasia,Local,21/09/2026,9000,10000,9500
"Tamil Nadu",Pudukkottai,"Karambakkudi(Uzhavar Sandhai )",Banana,Other,Local,21/09/2026,6000,7000,6500
"Tamil Nadu",Pudukkottai,"Karambakkudi(Uzhavar Sandhai )",Potato,Other,Local,21/09/2026,5000,6000,5500
"Tamil Nadu",Pudukkottai,"Karambakkudi(Uzhavar Sandhai )",Brinjal,Other,Local,21/09/2026,6000,7000,6500
"Tamil Nadu",Pudukkottai,"Karambakkudi(Uzhavar Sandhai )",Pumpkin,Pumpkin,Local,21/09/2026,1000,1500,1250
"Tamil Nadu",Pudukkottai,"Karambakkudi(Uzhavar Sandhai )",Amaranthus,Amaranthus,Local,21/09/2026,1500,2000,1750
"Tamil Nadu",Pudukkottai,"Karambakkudi(Uzhavar Sandhai )","Banana - Green","Banana - Green",Local,21/09/2026,2500,3000,2750
"Tamil Nadu",Pudukkottai,"Karambakkudi(Uzhavar Sandhai )",Raddish,Raddish,Local,21/09/2026,3500,4000,3750
Maharashtra,Raigad,"APMC Murud ",Rice,Other,Local,21/09/2026,4000,4500,4250
"Tamil Nadu",Vellore,"Vellore APMC",Brinjal,Other,Local,21/09/2026,4500,4500,4500
"Tamil Nadu",Vellore,"Vellore APMC",Coriander(Leaves),"I Sort",Local,21/09/2026,3500,3500,3500
"Tamil Nadu",Vellore,"Vellore APMC","Cluster beans","Cluster Beans",Local,21/09/2026,3000,3000,3000
"Tamil Nadu",Dharmapuri,"Harur(Uzhavar Sandhai )","Bitter gourd","Bitter Gourd",Local,21/09/2026,5000,6000,5500
"Tamil Nadu",Dharmapuri,"Harur(Uzhavar Sandhai )","Bottle gourd","Bottle Gourd",Local,21/09/2026,1500,2000,1750
"Tamil Nadu",Dharmapuri,"Harur(Uzhavar Sandhai )",Cabbage,Cabbage,Local,21/09/2026,2500,3000,2750
"Tamil Nadu",Dharmapuri,"Harur(Uzhavar Sandhai )",Cucumbar(Kheera),Cucumbar,Local,21/09/2026,4500,5000,4750
"Tamil Nadu",Dharmapuri,"Harur(Uzhavar Sandhai )",Raddish,Raddish,Local,21/09/2026,2000,2500,2250
"Tamil Nadu",Dharmapuri,"Harur(Uzhavar Sandhai )",Capsicum,Capsicum,Local,21/09/2026,6000,7000,6500
"Tamil Nadu",Dharmapuri,"Harur(Uzhavar Sandhai )","Green Avare(W)","Green Avare (W)",Local,21/09/2026,5000,6000,5500
"Tamil Nadu",Dharmapuri,"Harur(Uzhavar Sandhai )",Lemon,Lemon,Local,21/09/2026,14000,15000,14500
"Tamil Nadu",Dharmapuri,"Harur(Uzhavar Sandhai )",Mint(Pudina),Mint(Pudina),Local,21/09/2026,3500,4000,3750
"Tamil Nadu",Krishnagiri,"Kaveripattinam(Uzhavar Sandhai )",Banana,Besrai,Local,21/09/2026,4000,8000,6000
"Tamil Nadu",Krishnagiri,"Kaveripattinam(Uzhavar Sandhai )","Bottle gourd","Bottle Gourd",Local,21/09/2026,2500,2500,2500
"Tamil Nadu",Krishnagiri,"Kaveripattinam(Uzhavar Sandhai )","Green Chilli","Green Chilly",Local,21/09/2026,5000,5000,5000
"Tamil Nadu",Krishnagiri,"Kaveripattinam(Uzhavar Sandhai )",Ginger(Green),"Green Ginger",Local,21/09/2026,14000,14000,14000
"Tamil Nadu","The Nilgiris","Coonoor(Uzhavar Sandhai )",Potato,Other,Local,21/09/2026,5000,5500,5250
"Tamil Nadu","The Nilgiris","Coonoor(Uzhavar Sandhai )",Cauliflower,Ranchi,Local,21/09/2026,3500,4000,3750
"Tamil Nadu","The Nilgiris","Coonoor(Uzhavar Sandhai )",Tomato,Local,Local,21/09/2026,3000,3400,3200
"Tamil Nadu","The Nilgiris","Coonoor(Uzhavar Sandhai )","Bitter gourd","Bitter Gourd",Local,21/09/2026,4600,5000,4800
"Tamil Nadu","The Nilgiris","Coonoor(Uzhavar Sandhai )","Bottle gourd","Bottle Gourd",Local,21/09/2026,3000,3300,3150
"Tamil Nadu","The Nilgiris","Coonoor(Uzhavar Sandhai )",Thondekai,Thondekai,Local,21/09/2026,3600,4000,3800
"Tamil Nadu","The Nilgiris","Gudalur(Uzhavar Sandhai )",Banana,Besrai,Local,21/09/2026,4000,5000,4500
"Tamil Nadu","The Nilgiris","Gudalur(Uzhavar Sandhai )","Bottle gourd","Bottle Gourd",Local,21/09/2026,2500,3000,2750
"Tamil Nadu","The Nilgiris","Gudalur(Uzhavar Sandhai )",Carrot,Pusakesar,Local,21/09/2026,4000,4500,4250
"Tamil Nadu","The Nilgiris","Gudalur(Uzhavar Sandhai )",Cabbage,Cabbage,Local,21/09/2026,2000,2500,2250
"Tamil Nadu","The Nilgiris","Gudalur(Uzhavar Sandhai )",Ridgeguard(Tori),Ridgeguard(Tori),Local,21/09/2026,4500,5000,4750
"Tamil Nadu","The Nilgiris","Gudalur(Uzhavar Sandhai )","Green Avare(W)","Green Avare (W)",Local,21/09/2026,6000,7000,6500
"Tamil Nadu","The Nilgiris","Gudalur(Uzhavar Sandhai )","Onion Green","Onion Green",Local,21/09/2026,9000,9500,9250
"Himachal Pradesh",Kangra,"SMY Palampur","Mousambi(Sweet Lime)",Mousambi,Medium,21/09/2026,4500,5000,4800
"Himachal Pradesh",Kangra,"SMY Palampur",Papaya,Papaya,Medium,21/09/2026,5000,5200,5100
"Himachal Pradesh",Kangra,"SMY Palampur",Apple,Other,Medium,21/09/2026,3000,12000,8000
"Himachal Pradesh",Kangra,"SMY Palampur",Tomato,Tomato,FAQ,21/09/2026,2500,2800,2600
"Himachal Pradesh",Kangra,"SMY Palampur",Carrot,Carrot,FAQ,21/09/2026,3000,3500,3200
"Himachal Pradesh",Kangra,"SMY Palampur","Pea Pod/Pea Cod/हरी मटर",Other,FAQ,21/09/2026,14000,15000,14500
"Himachal Pradesh",Kangra,"SMY Palampur","Sponge gourd",Other,FAQ,21/09/2026,2500,3000,2800
"Himachal Pradesh",Kangra,"SMY Palampur","French Beans(Frasbean)",Other,FAQ,21/09/2026,6500,7000,6800
Punjab,Tarntaran,"Patti APMC",Cauliflower,Other,Local,21/09/2026,300,300,300
Punjab,Tarntaran,"Patti APMC",Tomato,Other,Local,21/09/2026,0.01,0.01,0.01
Uttarakhand,Dehradoon,"Vikasnagar APMC","Sponge gourd",Other,Medium,21/09/2026,700,1400,1400
Punjab,Mohali,"Lalru APMC",Capsicum,Other,Local,21/09/2026,4300,4300,4300
Punjab,Mohali,"Lalru APMC",Tomato,Deshi,Local,21/09/2026,2600,2600,2600
"Uttar Pradesh",Mau(Maunathbhanjan),"Kopaganj APMC","Bhindi(Ladies Finger)",Bhindi,FAQ,21/09/2026,1650,1700,1690
"Uttar Pradesh",Mau(Maunathbhanjan),"Kopaganj APMC",Pumpkin,Pumpkin,FAQ,21/09/2026,1045,1100,1050
"Uttar Pradesh",Mau(Maunathbhanjan),"Kopaganj APMC","Banana - Green","Banana - Green",FAQ,21/09/2026,1799,1850,1800
Haryana,Hissar,"Hansi APMC",Pomegranate,Other,"Grade B",21/09/2026,8000,15000,12000
Haryana,Hissar,"Hansi APMC",Guava,Other,"Grade B",21/09/2026,4000,5000,4500
Haryana,Hissar,"Hansi APMC",Pumpkin,Other,FAQ,21/09/2026,1000,1500,1250
Haryana,Hissar,"Hansi APMC",Raddish,Other,FAQ,21/09/2026,1500,2000,1750
Haryana,Hissar,"Hansi APMC",Garlic,Other,FAQ,21/09/2026,10000,20000,15000
Haryana,Hissar,"Hansi APMC",Onion,Other,FAQ,21/09/2026,4500,5500,5000
Haryana,Hissar,"Hansi APMC",Ridgeguard(Tori),Other,FAQ,21/09/2026,2500,3000,2750
Punjab,Amritsar,"Rayya APMC","Bitter gourd","Bitter Gourd",FAQ,21/09/2026,1345,1345,1345
Punjab,Amritsar,"Rayya APMC",Potato,Potato,FAQ,21/09/2026,742,742,742
Punjab,Amritsar,"Rayya APMC",Brinjal,Round,FAQ,21/09/2026,1290,1290,1290
"Andhra Pradesh",Bapatla,"Kuchinapudi APMC",Paddy(Common),"B P T",Local,21/09/2026,3400,3600,3500
"Himachal Pradesh",Shimla,"SMY Mehndli",Apple,"Royal Delicious","Grade A",21/09/2026,10000,75000,40000
Haryana,Rewari,"Kosli APMC",Cucumbar(Kheera),Other,FAQ,21/09/2026,2500,2500,2500
Haryana,Rewari,"Kosli APMC","Bottle gourd","Bottle Gourd",FAQ,21/09/2026,1000,1000,1000
Karnataka,Bagalkot,"Hungund APMC","Bengal Gram(Gram)(Whole)",Jawari/Local,FAQ,21/09/2026,6500,6500,6500
Haryana,Sonipat,"Ganaur APMC",Potato,Potato,FAQ,21/09/2026,1000,1500,1200
Haryana,Sonipat,"Ganaur APMC",Cauliflower,Other,Medium,21/09/2026,4000,4500,4200
Haryana,Sonipat,"Ganaur APMC",Brinjal,Brinjal,Medium,21/09/2026,3000,4000,3500
Haryana,Sonipat,"Ganaur APMC",Coriander(Leaves),Coriander,Medium,21/09/2026,6000,7000,6500
Haryana,Kurukshetra,"Ladwa APMC",Banana,Medium,Medium,21/09/2026,5500,6000,6000
Haryana,Kurukshetra,"Ladwa APMC",Apple,Simla,Medium,21/09/2026,16000,20000,19000
Haryana,Kurukshetra,"Ladwa APMC",Raddish,Raddish,Medium,21/09/2026,1000,2500,1500
Haryana,Kurukshetra,"Ladwa APMC",Brinjal,Brinjal,Medium,21/09/2026,3000,3500,3500
Haryana,Kurukshetra,"Ladwa APMC",Spinach,Other,Medium,21/09/2026,1500,3500,2000
Punjab,Gurdaspur,"Quadian APMC","Bhindi(Ladies Finger)",Other,"Grade A",21/09/2026,3500,3700,3600
Punjab,Gurdaspur,"Quadian APMC","Bitter gourd",Other,"Grade A",21/09/2026,1300,1500,1400
Punjab,Gurdaspur,"Quadian APMC",Capsicum,Other,"Grade A",21/09/2026,3500,3700,3600
Punjab,Hoshiarpur,"GarhShankar (Kotfatuhi) APMC",Potato,Other,FAQ,21/09/2026,800,800,800
Punjab,Jalandhar,"Noor Mehal APMC",Ridgeguard(Tori),Other,Local,21/09/2026,1500,1500,1500
Rajasthan,Hanumangarh,"Rawatsar APMC",Potato,"Red Nanital",FAQ,21/09/2026,600,1500,800
Rajasthan,Jhunjhunu,"Surajgarh APMC","Bajra(Pearl Millet/Cumbu)",Other,Local,21/09/2026,2350,2350,2350
Rajasthan,Jalore,"Jalore APMC","Bottle gourd","Bottle Gourd",Local,21/09/2026,800,1000,900
Rajasthan,Jalore,"Jalore APMC","Green Chilli","Green Chilly",Local,21/09/2026,1200,1500,1300
Rajasthan,Jalore,"Jalore APMC",Tinda,Tinda,Local,21/09/2026,1800,2000,1900
Keralam,Kottayam,"Pala Market",Cabbage,Cabbage,FAQ,21/09/2026,3200,4400,3800
Keralam,Kottayam,"Pala Market",Cucumbar(Kheera),Cucumbar,FAQ,21/09/2026,5000,6000,5500
Keralam,Kottayam,"Pala Market","Green Chilli","Green Chilly",FAQ,21/09/2026,7200,10000,8200
Keralam,Kottayam,"Pala Market",Onion,Onion,FAQ,21/09/2026,9400,10000,9600
Keralam,Kottayam,"Pala Market",Snakeguard,Other,FAQ,21/09/2026,3800,5600,4800
Keralam,Alappuzha,"Harippad Market","Bhindi(Ladies Finger)",Other,FAQ,21/09/2026,4500,5000,4500
Keralam,Alappuzha,"Harippad Market",Brinjal,Brinjal,FAQ,21/09/2026,5000,5500,5000
"Andhra Pradesh",Nandyal,"Atmakur (Nandyal District) APMC",Paddy(Common),Sona,FAQ,21/09/2026,2350,2441,2400
Keralam,Thiruvananthapuram,"Neyyatinkara Market",Amaranthus,Amaranthus,FAQ,21/09/2026,3300,4000,3600
Keralam,Thiruvananthapuram,"Neyyatinkara Market",Pumpkin,Other,FAQ,21/09/2026,2300,3000,2600
Keralam,Thiruvananthapuram,"Neyyatinkara Market",Tomato,Tomato,FAQ,21/09/2026,3600,4000,3700
Punjab,Moga,"Baghapurana APMC",Onion,Onion,"Grade B",21/09/2026,4000,5000,4500
Punjab,Moga,"Baghapurana APMC",Pumpkin,Pumpkin,"Grade B",21/09/2026,1400,2000,1700
Punjab,Moga,"Baghapurana APMC",Banana,Medium,"Grade B",21/09/2026,2500,3500,3000
Punjab,Moga,"Baghapurana APMC","Bottle gourd",Other,"Grade B",21/09/2026,2000,2500,2200
Punjab,Moga,"Moga APMC",Ridgeguard(Tori),Other,Medium,21/09/2026,2500,3500,3000
Punjab,Moga,"Moga APMC",Onion,Red,Medium,21/09/2026,3500,4500,4000
Keralam,Ernakulam,"Perumbavoor Market","Elephant Yam(Suran)/Amorphophallus",Other,Medium,21/09/2026,4000,5000,4500
Keralam,Ernakulam,"Perumbavoor Market","Bottle gourd","Bottle Gourd",Medium,21/09/2026,3000,3800,3500
Keralam,Ernakulam,"Perumbavoor Market",Cauliflower,Cauliflower,Medium,21/09/2026,4000,4400,4200
Keralam,Ernakulam,"Perumbavoor Market",Mango(Raw-Ripe),"Mango - Raw-Ripe",Medium,21/09/2026,5000,5800,5400
Keralam,Ernakulam,"Perumbavoor Market",Pumpkin,Pumpkin,Large,21/09/2026,1400,2500,2000
Keralam,Ernakulam,"Perumbavoor Market",Tomato,Tomato,Medium,21/09/2026,3500,4200,3800
"Andhra Pradesh",Dr.B.R.A.Konaseema,"Amalapuram APMC",Paddy(Common),1001,FAQ,21/09/2026,2441,2468,2441
"Tamil Nadu",Thirupur,"Tiruppur (South) (Uzhavar Sandhai )",Tomato,Local,Local,21/09/2026,1500,1800,1650
"Tamil Nadu",Thirupur,"Tiruppur (South) (Uzhavar Sandhai )",Pumpkin,Pumpkin,Local,21/09/2026,1200,1500,1350
"Tamil Nadu",Thirupur,"Tiruppur (South) (Uzhavar Sandhai )","Banana - Green","Banana - Green",Local,21/09/2026,2500,3000,2750
"Tamil Nadu",Thirupur,"Tiruppur (South) (Uzhavar Sandhai )",Coconut,Coconut,Local,21/09/2026,5000,6000,5500
"Tamil Nadu",Thirupur,"Tiruppur (South) (Uzhavar Sandhai )",Carrot,Pusakesar,Local,21/09/2026,3000,4000,3500
"Tamil Nadu",Thirupur,"Tiruppur (South) (Uzhavar Sandhai )",Ridgeguard(Tori),Ridgeguard(Tori),Local,21/09/2026,4000,5000,4500
"Tamil Nadu",Thirupur,"Tiruppur (South) (Uzhavar Sandhai )","Green Avare(W)",Other,Local,21/09/2026,5000,6000,5500
"Tamil Nadu",Thirupur,"Tiruppur (South) (Uzhavar Sandhai )","Chow Chow","Chow Chow",Local,21/09/2026,2500,3000,2750
"Tamil Nadu",Thirupur,"Tiruppur (South) (Uzhavar Sandhai )",Drumstick,Drumstick,Local,21/09/2026,2500,3000,2750
"Tamil Nadu",Thirupur,"Tiruppur (South) (Uzhavar Sandhai )","Onion Green","Onion Green",Local,21/09/2026,7000,10000,8500
"Tamil Nadu",Erode,"Perundurai(Uzhavar Sandhai )","Bitter gourd","Bitter Gourd",Local,21/09/2026,5000,5400,5200
"Tamil Nadu",Erode,"Perundurai(Uzhavar Sandhai )","Bottle gourd","Bottle Gourd",Local,21/09/2026,1500,1800,1650
"Tamil Nadu",Erode,"Perundurai(Uzhavar Sandhai )","Bhindi(Ladies Finger)",Bhindi,Local,21/09/2026,3500,3800,3650
"Tamil Nadu",Erode,"Perundurai(Uzhavar Sandhai )",Ginger(Green),"Green Ginger",Local,21/09/2026,12000,13000,12500
"Tamil Nadu",Erode,"Perundurai(Uzhavar Sandhai )",Ridgeguard(Tori),Ridgeguard(Tori),Local,21/09/2026,4500,4800,4650
"Tamil Nadu",Erode,"Perundurai(Uzhavar Sandhai )",Mint(Pudina),Mint(Pudina),Local,21/09/2026,3000,3400,3200
"Tamil Nadu",Dharmapuri,"Dharmapuri(Uzhavar Sandhai )",Banana,Besrai,Local,21/09/2026,5200,5500,5350
"Tamil Nadu",Dharmapuri,"Dharmapuri(Uzhavar Sandhai )","Cluster beans","Cluster Beans",Local,21/09/2026,2400,2500,2450
"Tamil Nadu",Dharmapuri,"Dharmapuri(Uzhavar Sandhai )",Amaranthus,Amaranthus,Local,21/09/2026,2400,2500,2450
"Tamil Nadu",Dharmapuri,"Dharmapuri(Uzhavar Sandhai )","Banana - Green","Banana - Green",Local,21/09/2026,2800,3000,2900
"Tamil Nadu",Dharmapuri,"Dharmapuri(Uzhavar Sandhai )",Ginger(Green),"Green Ginger",Local,21/09/2026,21000,22000,21500
"Tamil Nadu",Dharmapuri,"Dharmapuri(Uzhavar Sandhai )",Carrot,Pusakesar,Local,21/09/2026,5800,6200,6000
"Tamil Nadu",Dharmapuri,"Dharmapuri(Uzhavar Sandhai )","Tender Coconut","Tender Coconut",Local,21/09/2026,2800,3000,2900
"Tamil Nadu",Dharmapuri,"Dharmapuri(Uzhavar Sandhai )","Elephant Yam(Suran)/Amorphophallus","Elephant Yam (Suran)",Local,21/09/2026,6200,6400,6300
"Tamil Nadu",Dharmapuri,"Dharmapuri(Uzhavar Sandhai )",Mashrooms,Mashrooms,Local,21/09/2026,17000,18000,17500
"Tamil Nadu",Dharmapuri,"Dharmapuri(Uzhavar Sandhai )","Onion Green","Onion Green",Local,21/09/2026,6600,7000,6800
"Tamil Nadu",Dharmapuri,"Dharmapuri(Uzhavar Sandhai )",Mint(Pudina),Mint(Pudina),Local,21/09/2026,4600,5000,4800
"Tamil Nadu",Dharmapuri,"Palacode(Uzhavar Sandhai )",Papaya,Papaya,Local,21/09/2026,3500,3800,3650
"Tamil Nadu",Dharmapuri,"Palacode(Uzhavar Sandhai )","Banana - Green","Banana - Green",Local,21/09/2026,2000,2500,2250
"Tamil Nadu",Dharmapuri,"Pennagaram(Uzhavar Sandhai )",Banana,Besrai,Local,21/09/2026,4500,5000,4750
"Tamil Nadu",Dharmapuri,"Pennagaram(Uzhavar Sandhai )",Potato,"Red Nanital",Local,21/09/2026,2800,3000,2900
"Tamil Nadu",Dharmapuri,"Pennagaram(Uzhavar Sandhai )",Brinjal,Round,Local,21/09/2026,2800,3000,2900
"Tamil Nadu",Dharmapuri,"Pennagaram(Uzhavar Sandhai )","Banana - Green","Banana - Green",Local,21/09/2026,2500,3000,2750
"Tamil Nadu",Dharmapuri,"Pennagaram(Uzhavar Sandhai )",Coconut,Coconut,Local,21/09/2026,5500,6000,5750
"Tamil Nadu",Dharmapuri,"Pennagaram(Uzhavar Sandhai )",Capsicum,Capsicum,Local,21/09/2026,6500,7000,6750
"Tamil Nadu",Dharmapuri,"Pennagaram(Uzhavar Sandhai )",Guava,"Guava Allahabad",Local,21/09/2026,5500,6000,5750
"Tamil Nadu",Dindigul,"Chinnalapatti(Uzhavar Sandhai )",Cauliflower,Ranchi,Local,21/09/2026,4000,5000,4500
"Tamil Nadu",Dindigul,"Chinnalapatti(Uzhavar Sandhai )",Brinjal,Other,Local,21/09/2026,5000,6000,5500
"Tamil Nadu",Dindigul,"Chinnalapatti(Uzhavar Sandhai )",Pumpkin,Pumpkin,Local,21/09/2026,1600,2000,1800
"Tamil Nadu",Dindigul,"Chinnalapatti(Uzhavar Sandhai )",Amaranthus,Amaranthus,Local,21/09/2026,2500,3000,2750
"Tamil Nadu",Dindigul,"Chinnalapatti(Uzhavar Sandhai )",Snakeguard,Snakeguard,Local,21/09/2026,4000,5000,4500
"Tamil Nadu",Dindigul,"Dindigul(Uzhavar Sandhai )",Brinjal,Other,Local,21/09/2026,5000,6000,5500
"Tamil Nadu",Dindigul,"Dindigul(Uzhavar Sandhai )","Cluster beans","Cluster Beans",Local,21/09/2026,3000,4000,3500
"Tamil Nadu",Dindigul,"Dindigul(Uzhavar Sandhai )","Bottle gourd","Bottle Gourd",Local,21/09/2026,2000,3000,2500
"Tamil Nadu",Dindigul,"Dindigul(Uzhavar Sandhai )",Carrot,Pusakesar,Local,21/09/2026,4000,5000,4500
"Tamil Nadu",Dindigul,"Dindigul(Uzhavar Sandhai )",Thondekai,Thondekai,Local,21/09/2026,3000,4000,3500
"Tamil Nadu",Dindigul,"Dindigul(Uzhavar Sandhai )",Mango(Raw-Ripe),"Mango - Raw-Ripe",Local,21/09/2026,15000,20000,17500
"Tamil Nadu",Dindigul,"Dindigul(Uzhavar Sandhai )","Elephant Yam(Suran)/Amorphophallus","Elephant Yam (Suran)",Local,21/09/2026,5000,6000,5500
"Tamil Nadu",Dindigul,"Dindigul(Uzhavar Sandhai )",Colacasia,Colacasia,Local,21/09/2026,5000,6000,5500
"Tamil Nadu",Dindigul,"Palani(Uzhavar Sandhai )",Potato,Other,Local,21/09/2026,3600,4000,3800
"Tamil Nadu",Dindigul,"Palani(Uzhavar Sandhai )","Cluster beans","Cluster Beans",Local,21/09/2026,2500,3000,2750
"Tamil Nadu",Dindigul,"Palani(Uzhavar Sandhai )","Bitter gourd",Other,Local,21/09/2026,4000,4800,4400
"Tamil Nadu",Dindigul,"Palani(Uzhavar Sandhai )","Bottle gourd","Bottle Gourd",Local,21/09/2026,1000,1400,1200
"Tamil Nadu",Dindigul,"Palani(Uzhavar Sandhai )",Snakeguard,Snakeguard,Local,21/09/2026,1800,2400,2100
"Tamil Nadu",Dindigul,"Palani(Uzhavar Sandhai )","Green Avare(W)",Other,Local,21/09/2026,7000,8000,7500
"Tamil Nadu",Dindigul,"Palani(Uzhavar Sandhai )",Lime,Lime,Local,21/09/2026,10000,12000,11000
"Tamil Nadu",Dindigul,"Palani(Uzhavar Sandhai )",Guava,"Guava Allahabad",Local,21/09/2026,5000,6000,5500
"Tamil Nadu",Dindigul,"Palani(Uzhavar Sandhai )","Indian Beans(Seam)","Indian Beans (Seam)",Local,21/09/2026,7000,8000,7500
"Tamil Nadu",Dindigul,"Palani(Uzhavar Sandhai )",Lemon,Lemon,Local,21/09/2026,15000,28000,21500
"Tamil Nadu",Dindigul,"Palani(Uzhavar Sandhai )","Amla(Nelli Kai)",Amla,Local,21/09/2026,6000,7000,6500
"Tamil Nadu",Dindigul,"Palani(Uzhavar Sandhai )",Mint(Pudina),Mint(Pudina),Local,21/09/2026,6000,7000,6500
"Tamil Nadu",Erode,"Periyar Nagar(Uzhavar Sandhai )",Groundnut,"Big (With Shell)",Local,21/09/2026,5500,6000,5750
"Tamil Nadu",Erode,"Periyar Nagar(Uzhavar Sandhai )",Tomato,Deshi,Local,21/09/2026,2500,3000,2750
"Tamil Nadu",Erode,"Periyar Nagar(Uzhavar Sandhai )","Green Chilli","Green Chilly",Local,21/09/2026,5000,5200,5100
"Tamil Nadu",Erode,"Periyar Nagar(Uzhavar Sandhai )",Coconut,Coconut,Local,21/09/2026,5000,5400,5200
"Tamil Nadu",Erode,"Periyar Nagar(Uzhavar Sandhai )","Elephant Yam(Suran)/Amorphophallus","Elephant Yam (Suran)",Local,21/09/2026,3000,3400,3200
"Tamil Nadu",Erode,"Periyar Nagar(Uzhavar Sandhai )","Amla(Nelli Kai)",Amla,Local,21/09/2026,11500,12000,11750
"Tamil Nadu",Kallakuruchi,"Sankarapuram(Uzhavar Sandhai )",Ashgourd,Gouard,Local,21/09/2026,1500,1500,1500
"Tamil Nadu",Kallakuruchi,"Sankarapuram(Uzhavar Sandhai )",Amaranthus,Amaranthus,Local,21/09/2026,4000,4000,4000
"Tamil Nadu",Kallakuruchi,"Sankarapuram(Uzhavar Sandhai )","Banana - Green","Banana - Green",Local,21/09/2026,3000,3000,3000
"Tamil Nadu",Kallakuruchi,"Sankarapuram(Uzhavar Sandhai )","Sweet Potato","Hosur Red",Local,21/09/2026,6000,6000,6000
"Tamil Nadu",Kallakuruchi,"Sankarapuram(Uzhavar Sandhai )",Ridgeguard(Tori),Ridgeguard(Tori),Local,21/09/2026,4000,4000,4000
"Tamil Nadu",Kallakuruchi,"Sankarapuram(Uzhavar Sandhai )","Tender Coconut","Tender Coconut",Local,21/09/2026,3000,3000,3000
"Tamil Nadu",Kallakuruchi,"Sankarapuram(Uzhavar Sandhai )",Yam(Ratalu),"Yam (Ratalu)",Local,21/09/2026,3000,3000,3000
"Tamil Nadu",Kallakuruchi,"Sankarapuram(Uzhavar Sandhai )","Onion Green","Onion Green",Local,21/09/2026,7000,7000,7000
"Tamil Nadu",Kancheepuram,"Kundrathur(Uzhavar Sandhai )",Onion,Bellary,Local,21/09/2026,5000,6000,5500
"Tamil Nadu",Kancheepuram,"Kundrathur(Uzhavar Sandhai )","Bitter gourd","Bitter Gourd",Local,21/09/2026,4000,4000,4000
"Tamil Nadu",Kancheepuram,"Kundrathur(Uzhavar Sandhai )",Beans,"Beans (Whole)",Local,21/09/2026,7000,8000,7500
"Tamil Nadu",Kancheepuram,"Kundrathur(Uzhavar Sandhai )",Cabbage,Cabbage,Local,21/09/2026,3000,3000,3000
"Tamil Nadu",Kancheepuram,"Kundrathur(Uzhavar Sandhai )",Raddish,Raddish,Local,21/09/2026,3000,3000,3000
"Tamil Nadu",Kancheepuram,"Kundrathur(Uzhavar Sandhai )",Colacasia,Colacasia,Local,21/09/2026,3000,3000,3000
"Tamil Nadu",Kancheepuram,"Kundrathur(Uzhavar Sandhai )","Onion Green","Onion Green",Local,21/09/2026,7000,8000,7500
"Tamil Nadu",Kancheepuram,"Sunguvarchatram(Uzhavar Sandhai )",Banana,Karpura,Local,21/09/2026,5000,5000,5000
"Tamil Nadu",Kancheepuram,"Sunguvarchatram(Uzhavar Sandhai )",Cauliflower,Ranchi,Local,21/09/2026,3000,3500,3250
"Tamil Nadu",Kancheepuram,"Sunguvarchatram(Uzhavar Sandhai )",Tomato,Other,Local,21/09/2026,2800,3000,2900
"Tamil Nadu",Kancheepuram,"Sunguvarchatram(Uzhavar Sandhai )","Bitter gourd","Bitter Gourd",Local,21/09/2026,4000,4000,4000
"Tamil Nadu",Kancheepuram,"Sunguvarchatram(Uzhavar Sandhai )",Yam(Ratalu),"Yam (Ratalu)",Local,21/09/2026,4000,4000,4000
"Tamil Nadu",Krishnagiri,"Avallapalli(Uzhavar Sandhai )",Potato,"Red Nanital",Local,21/09/2026,2000,2500,2250
"Tamil Nadu",Krishnagiri,"Avallapalli(Uzhavar Sandhai )",Amaranthus,Amaranthus,Local,21/09/2026,3500,4000,3750
"Tamil Nadu",Krishnagiri,"Avallapalli(Uzhavar Sandhai )",Coconut,Coconut,Local,21/09/2026,5500,6000,5750
"Tamil Nadu",Krishnagiri,"Avallapalli(Uzhavar Sandhai )",Thondekai,Thondekai,Local,21/09/2026,3000,3500,3250
"Tamil Nadu",Krishnagiri,"Avallapalli(Uzhavar Sandhai )","Elephant Yam(Suran)/Amorphophallus","Elephant Yam (Suran)",Local,21/09/2026,4500,5000,4750
"Tamil Nadu",Krishnagiri,"Avallapalli(Uzhavar Sandhai )","Indian Beans(Seam)","Indian Beans (Seam)",Local,21/09/2026,4500,5000,4750
"Tamil Nadu",Dharmapuri,"Karimangalam(Uzhavar Sandhai)",Brinjal,Other,Local,21/09/2026,1800,2000,1900
"Tamil Nadu",Dharmapuri,"Karimangalam(Uzhavar Sandhai)",Tomato,Local,Local,21/09/2026,2300,2500,2400
"Tamil Nadu",Dharmapuri,"Karimangalam(Uzhavar Sandhai)",Pumpkin,Pumpkin,Local,21/09/2026,1800,2000,1900
"Tamil Nadu",Dharmapuri,"Karimangalam(Uzhavar Sandhai)","Banana - Green","Banana - Green",Local,21/09/2026,2800,3000,2900
"Tamil Nadu",Dharmapuri,"Karimangalam(Uzhavar Sandhai)",Cucumbar(Kheera),Cucumbar,Local,21/09/2026,4000,4500,4250
"Tamil Nadu",Dharmapuri,"Karimangalam(Uzhavar Sandhai)",Drumstick,Drumstick,Local,21/09/2026,2300,2500,2400
"Tamil Nadu",Krishnagiri,"Denkanikottai(Uzhavar Sandhai )",Tomato,Local,Local,21/09/2026,2000,2500,2250
"Tamil Nadu",Krishnagiri,"Denkanikottai(Uzhavar Sandhai )","Bitter gourd","Bitter Gourd",Local,21/09/2026,4000,4500,4250
"Tamil Nadu",Krishnagiri,"Denkanikottai(Uzhavar Sandhai )","Green Chilli","Green Chilly",Local,21/09/2026,6000,7000,6500
"Tamil Nadu",Krishnagiri,"Denkanikottai(Uzhavar Sandhai )","Sweet Potato","Hosur Red",Local,21/09/2026,5500,6000,5750
"Tamil Nadu",Krishnagiri,"Denkanikottai(Uzhavar Sandhai )","Green Avare(W)","Green Avare (W)",Local,21/09/2026,5500,6000,5750
"Tamil Nadu",Krishnagiri,"Denkanikottai(Uzhavar Sandhai )","Elephant Yam(Suran)/Amorphophallus","Elephant Yam (Suran)",Local,21/09/2026,3500,4000,3750
"Tamil Nadu",Krishnagiri,"Hosur(Uzhavar Sandhai )",Banana,"Red Banana",Local,21/09/2026,8000,9000,8500
"Tamil Nadu",Krishnagiri,"Hosur(Uzhavar Sandhai )",Grapes,Annabesahai,Local,21/09/2026,20000,24000,22000
"Tamil Nadu",Krishnagiri,"Hosur(Uzhavar Sandhai )",Onion,Bellary,Local,21/09/2026,6000,6500,6250
"Tamil Nadu",Krishnagiri,"Hosur(Uzhavar Sandhai )",Coriander(Leaves),"I Sort",Local,21/09/2026,6500,7000,6750
"Tamil Nadu",Krishnagiri,"Hosur(Uzhavar Sandhai )",Papaya,Papaya,Local,21/09/2026,3500,4000,3750
"Tamil Nadu",Krishnagiri,"Hosur(Uzhavar Sandhai )","Bottle gourd","Bottle Gourd",Local,21/09/2026,2000,2500,2250
"Tamil Nadu",Krishnagiri,"Hosur(Uzhavar Sandhai )",Amaranthus,Amaranthus,Local,21/09/2026,5500,6000,5750
"Tamil Nadu",Krishnagiri,"Hosur(Uzhavar Sandhai )","Green Chilli","Green Chilly",Local,21/09/2026,5500,6000,5750
"Tamil Nadu",Krishnagiri,"Hosur(Uzhavar Sandhai )",Cowpea(Veg),"Cowpea (Veg)",Local,21/09/2026,5500,6000,5750
"Tamil Nadu",Krishnagiri,"Hosur(Uzhavar Sandhai )",Beans,"Beans (Whole)",Local,21/09/2026,6500,7000,6750
"Tamil Nadu",Krishnagiri,"Hosur(Uzhavar Sandhai )",Ginger(Green),"Green Ginger",Local,21/09/2026,16000,18000,17000
"Tamil Nadu",Krishnagiri,"Hosur(Uzhavar Sandhai )",Coconut,Coconut,Local,21/09/2026,5500,6000,5750
"Tamil Nadu",Krishnagiri,"Hosur(Uzhavar Sandhai )",Snakeguard,Snakeguard,Local,21/09/2026,2500,3000,2750
"Tamil Nadu",Krishnagiri,"Hosur(Uzhavar Sandhai )","Chow Chow","Chow Chow",Local,21/09/2026,2000,2500,2250
"Tamil Nadu",Krishnagiri,"Hosur(Uzhavar Sandhai )",Lime,Lime,Local,21/09/2026,8000,9000,8500
"Tamil Nadu",Krishnagiri,"Hosur(Uzhavar Sandhai )",Pomegranate,Pomogranate,Local,21/09/2026,18000,20000,19000
"Tamil Nadu",Krishnagiri,"Hosur(Uzhavar Sandhai )","Tamarind Fruit","Tamarind Fruit",Local,21/09/2026,10000,15000,12500
"Tamil Nadu",Krishnagiri,"Hosur(Uzhavar Sandhai )",Yam(Ratalu),"Yam (Ratalu)",Local,21/09/2026,4500,5000,4750
"Tamil Nadu",Madurai,"Anaiyur(Uzhavar Sandhai )",Soyabean,Local,Local,21/09/2026,7000,8000,7500
"Tamil Nadu",Madurai,"Anaiyur(Uzhavar Sandhai )",Banana,Poovan,Local,21/09/2026,3500,4000,3750
"Tamil Nadu",Madurai,"Anaiyur(Uzhavar Sandhai )",Garlic,Garlic,Local,21/09/2026,12000,27000,19500
"Tamil Nadu",Madurai,"Anaiyur(Uzhavar Sandhai )","Bhindi(Ladies Finger)",Bhindi,Local,21/09/2026,2800,3000,2900
"Tamil Nadu",Madurai,"Anaiyur(Uzhavar Sandhai )","Banana - Green","Banana - Green",Local,21/09/2026,2000,2200,2100
"Tamil Nadu",Madurai,"Anaiyur(Uzhavar Sandhai )",Beans,"Beans (Whole)",Local,21/09/2026,8000,9000,8500
"Tamil Nadu",Madurai,"Anaiyur(Uzhavar Sandhai )",Tapioca,Tapioca,Local,21/09/2026,3600,4000,3800
"Tamil Nadu",Madurai,"Anaiyur(Uzhavar Sandhai )",Raddish,Raddish,Local,21/09/2026,2400,2800,2600
"Tamil Nadu",Madurai,"Anaiyur(Uzhavar Sandhai )","Indian Beans(Seam)","Indian Beans (Seam)",Local,21/09/2026,6000,6000,6000
"Tamil Nadu",Madurai,"Anaiyur(Uzhavar Sandhai )",Lemon,Lemon,Local,21/09/2026,30000,32000,31000
"Tamil Nadu",Madurai,"Usilampatti(Uzhavar Sandhai )",Brinjal,Round,Local,21/09/2026,4000,4500,4250
"Tamil Nadu",Madurai,"Usilampatti(Uzhavar Sandhai )",Tomato,Deshi,Local,21/09/2026,2800,3000,2900
"Tamil Nadu",Madurai,"Usilampatti(Uzhavar Sandhai )","Cluster beans","Cluster Beans",Local,21/09/2026,3600,4000,3800
"Tamil Nadu",Madurai,"Usilampatti(Uzhavar Sandhai )","Bhindi(Ladies Finger)",Bhindi,Local,21/09/2026,2800,3000,2900
"Tamil Nadu",Madurai,"Usilampatti(Uzhavar Sandhai )",Amaranthus,Amaranthus,Local,21/09/2026,3000,3600,3300
"Tamil Nadu",Madurai,"Usilampatti(Uzhavar Sandhai )",Ridgeguard(Tori),Ridgeguard(Tori),Local,21/09/2026,4000,4500,4250
"Tamil Nadu",Nagapattinam,"Sirkali(Uzhavar Sandhai )",Coriander(Leaves),"I Sort",Local,21/09/2026,3500,4000,3750
"Tamil Nadu",Nagapattinam,"Sirkali(Uzhavar Sandhai )",Pumpkin,Pumpkin,Local,21/09/2026,2500,3000,2750
"Tamil Nadu",Nagapattinam,"Sirkali(Uzhavar Sandhai )",Tapioca,Tapioca,Local,21/09/2026,4500,5000,4750
"Tamil Nadu",Nagapattinam,"Sirkali(Uzhavar Sandhai )",Coconut,Coconut,Local,21/09/2026,3500,4000,3750
"Tamil Nadu",Nagapattinam,"Sirkali(Uzhavar Sandhai )",Cucumbar(Kheera),Cucumbar,Local,21/09/2026,2500,3000,2750
"Tamil Nadu",Nagapattinam,"Sirkali(Uzhavar Sandhai )","Green Avare(W)","Green Avare (W)",Local,21/09/2026,6500,7000,6750
"Tamil Nadu",Nagapattinam,"Sirkali(Uzhavar Sandhai )","Tender Coconut","Tender Coconut",Local,21/09/2026,2000,2500,2250
"Tamil Nadu",Nagapattinam,"Sirkali(Uzhavar Sandhai )","Onion Green","Onion Green",Local,21/09/2026,9500,10000,9750
"Tamil Nadu",Namakkal,"Kumarapalayam(Uzhavar Sandhai )",Banana,"Red Banana",Local,21/09/2026,5500,6000,5750
"Tamil Nadu",Namakkal,"Kumarapalayam(Uzhavar Sandhai )",Onion,Bellary,Local,21/09/2026,2800,3000,2900
"Tamil Nadu",Namakkal,"Kumarapalayam(Uzhavar Sandhai )",Cauliflower,Ranchi,Local,21/09/2026,3000,4000,3500
"Tamil Nadu",Namakkal,"Kumarapalayam(Uzhavar Sandhai )",Tomato,Other,Local,21/09/2026,2200,3000,2600
"Tamil Nadu",Namakkal,"Kumarapalayam(Uzhavar Sandhai )",Coconut,Coconut,Local,21/09/2026,6000,6400,6200
"Tamil Nadu",Namakkal,"Kumarapalayam(Uzhavar Sandhai )",Snakeguard,Snakeguard,Local,21/09/2026,4300,4800,4550
"Tamil Nadu",Namakkal,"Kumarapalayam(Uzhavar Sandhai )",Beetroot,Beetroot,Local,21/09/2026,6000,7000,6500
"Tamil Nadu",Namakkal,"Kumarapalayam(Uzhavar Sandhai )",Mint(Pudina),Mint(Pudina),Local,21/09/2026,5500,6000,5750
"Tamil Nadu",Namakkal,"Mohanur(Uzhavar Sandhai )",Banana,"Red Banana",Local,21/09/2026,7000,8000,7500
"Tamil Nadu",Namakkal,"Mohanur(Uzhavar Sandhai )",Pumpkin,Pumpkin,Local,21/09/2026,2400,2800,2600
"Tamil Nadu",Namakkal,"Mohanur(Uzhavar Sandhai )","Banana - Green","Banana - Green",Local,21/09/2026,4200,4800,4500
"Tamil Nadu",Namakkal,"Mohanur(Uzhavar Sandhai )",Tapioca,Tapioca,Local,21/09/2026,3200,4000,3600
"Tamil Nadu",Namakkal,"Mohanur(Uzhavar Sandhai )",Carrot,Pusakesar,Local,21/09/2026,7400,8000,7700
"Tamil Nadu",Namakkal,"Mohanur(Uzhavar Sandhai )",Beetroot,Beetroot,Local,21/09/2026,5600,7000,6300
"Tamil Nadu",Namakkal,"Mohanur(Uzhavar Sandhai )",Ridgeguard(Tori),Ridgeguard(Tori),Local,21/09/2026,6400,6800,6600
"Tamil Nadu",Namakkal,"Mohanur(Uzhavar Sandhai )","Green Avare(W)",Other,Local,21/09/2026,8600,10000,9300
"Tamil Nadu",Namakkal,"Namakkal(Uzhavar Sandhai )",Potato,Other,Local,21/09/2026,2500,3000,2750
"Tamil Nadu",Namakkal,"Namakkal(Uzhavar Sandhai )",Cauliflower,Ranchi,Local,21/09/2026,3000,4000,3500
"Tamil Nadu",Namakkal,"Namakkal(Uzhavar Sandhai )",Brinjal,Other,Local,21/09/2026,3800,4200,4000
"Tamil Nadu",Namakkal,"Namakkal(Uzhavar Sandhai )",Coriander(Leaves),"I Sort",Local,21/09/2026,12000,13000,12500
"Tamil Nadu",Namakkal,"Namakkal(Uzhavar Sandhai )","Bottle gourd","Bottle Gourd",Local,21/09/2026,1500,2000,1750
"Tamil Nadu",Namakkal,"Namakkal(Uzhavar Sandhai )",Pumpkin,Pumpkin,Local,21/09/2026,1200,1400,1300
"Tamil Nadu",Namakkal,"Namakkal(Uzhavar Sandhai )",Amaranthus,Amaranthus,Local,21/09/2026,3500,4000,3750
"Tamil Nadu",Namakkal,"Namakkal(Uzhavar Sandhai )",Beans,"Beans (Whole)",Local,21/09/2026,7000,7500,7250
"Tamil Nadu",Namakkal,"Namakkal(Uzhavar Sandhai )",Capsicum,Capsicum,Local,21/09/2026,5000,5500,5250
"Tamil Nadu",Namakkal,"Namakkal(Uzhavar Sandhai )",Drumstick,Drumstick,Local,21/09/2026,3500,4200,3850
"Tamil Nadu",Namakkal,"Namakkal(Uzhavar Sandhai )",Mango(Raw-Ripe),"Mango - Raw-Ripe",Local,21/09/2026,11000,12000,11500
"Tamil Nadu",Namakkal,"Namakkal(Uzhavar Sandhai )","Knool Khol","Knool Khol",Local,21/09/2026,3400,3800,3600
"Tamil Nadu",Namakkal,"Namakkal(Uzhavar Sandhai )",Yam(Ratalu),"Yam (Ratalu)",Local,21/09/2026,7000,8000,7500
"Tamil Nadu",Namakkal,"Paramathivelur(Uzhavar Sandhai )","Green Chilli","Green Chilly",Local,21/09/2026,6000,7000,6500
"Tamil Nadu",Namakkal,"Paramathivelur(Uzhavar Sandhai )",Beans,"Beans (Whole)",Local,21/09/2026,8000,8500,8250
"Tamil Nadu",Namakkal,"Paramathivelur(Uzhavar Sandhai )",Snakeguard,Snakeguard,Local,21/09/2026,5000,6000,5500
"Tamil Nadu",Namakkal,"Paramathivelur(Uzhavar Sandhai )",Guava,"Guava Allahabad",Local,21/09/2026,6000,7000,6500
"Tamil Nadu",Namakkal,"Paramathivelur(Uzhavar Sandhai )","Tender Coconut","Tender Coconut",Local,21/09/2026,3000,3500,3250
"Tamil Nadu",Namakkal,"Paramathivelur(Uzhavar Sandhai )","Elephant Yam(Suran)/Amorphophallus","Elephant Yam (Suran)",Local,21/09/2026,3500,4000,3750
"Tamil Nadu",Namakkal,"Rasipuram(Uzhavar Sandhai )",Banana,"Red Banana",Local,21/09/2026,7000,7500,7250
"Tamil Nadu",Namakkal,"Rasipuram(Uzhavar Sandhai )",Onion,Bellary,Local,21/09/2026,6000,6500,6250
"Tamil Nadu",Namakkal,"Rasipuram(Uzhavar Sandhai )",Chikoos(Sapota),Sapota,Local,21/09/2026,4000,4500,4250
"Tamil Nadu",Namakkal,"Rasipuram(Uzhavar Sandhai )","Water Melon","Water Melon",Local,21/09/2026,1500,2000,1750
"Tamil Nadu",Namakkal,"Rasipuram(Uzhavar Sandhai )","Mousambi(Sweet Lime)",Mousambi,Local,21/09/2026,3500,4000,3750
"Tamil Nadu",Namakkal,"Rasipuram(Uzhavar Sandhai )",Pumpkin,Pumpkin,Local,21/09/2026,1800,2200,2000
"Tamil Nadu",Namakkal,"Rasipuram(Uzhavar Sandhai )","Green Chilli","Green Chilly",Local,21/09/2026,5400,6000,5700
"Tamil Nadu",Namakkal,"Rasipuram(Uzhavar Sandhai )",Ginger(Green),"Green Ginger",Local,21/09/2026,17000,18000,17500
"Tamil Nadu",Namakkal,"Rasipuram(Uzhavar Sandhai )",Thondekai,Thondekai,Local,21/09/2026,4500,5000,4750
"Tamil Nadu",Namakkal,"Rasipuram(Uzhavar Sandhai )",Jasmine,Jasmine,Local,21/09/2026,30000,40000,35000
"Tamil Nadu",Namakkal,"Rasipuram(Uzhavar Sandhai )","Amla(Nelli Kai)",Amla,Local,21/09/2026,8000,9000,8500
"Tamil Nadu",Thanjavur,"Tirukattupalli(Uzhavar Sandhai )",Onion,Bellary,Local,21/09/2026,6800,6800,6800
"Tamil Nadu",Thanjavur,"Tirukattupalli(Uzhavar Sandhai )",Brinjal,Round,Local,21/09/2026,4000,4400,4200
"Tamil Nadu",Thanjavur,"Tirukattupalli(Uzhavar Sandhai )",Tomato,Deshi,Local,21/09/2026,2800,2800,2800
"Tamil Nadu",Thanjavur,"Tirukattupalli(Uzhavar Sandhai )",Ashgourd,Gouard,Local,21/09/2026,2000,2000,2000
"Tamil Nadu",Thanjavur,"Tirukattupalli(Uzhavar Sandhai )","Banana - Green","Banana - Green",Local,21/09/2026,4000,4000,4000
"Tamil Nadu",Madurai,"Palanganatham(Uzhavar Sandhai )",Garlic,Garlic,Local,21/09/2026,20000,27000,23500
"Tamil Nadu",Madurai,"Palanganatham(Uzhavar Sandhai )","Mousambi(Sweet Lime)",Mousambi,Local,21/09/2026,6000,7000,6500
"Tamil Nadu",Madurai,"Palanganatham(Uzhavar Sandhai )",Amaranthus,Amaranthus,Local,21/09/2026,3000,3600,3300
"Tamil Nadu",Madurai,"Palanganatham(Uzhavar Sandhai )","Indian Beans(Seam)","Indian Beans (Seam)",Local,21/09/2026,5000,6000,5500
"Tamil Nadu",Madurai,"Palanganatham(Uzhavar Sandhai )","Onion Green","Onion Green",Local,21/09/2026,8000,9000,8500
"Tamil Nadu",Madurai,"Anna nagar(Uzhavar Sandhai )",Cauliflower,Ranchi,Local,21/09/2026,3600,4000,3800
"Tamil Nadu",Madurai,"Anna nagar(Uzhavar Sandhai )",Brinjal,Other,Local,21/09/2026,2600,2600,2600
"Tamil Nadu",Madurai,"Anna nagar(Uzhavar Sandhai )","Green Peas","Green Peas",Local,21/09/2026,22000,22000,22000
"Tamil Nadu",Madurai,"Anna nagar(Uzhavar Sandhai )","Mousambi(Sweet Lime)",Mousambi,Local,21/09/2026,4500,4500,4500
"Tamil Nadu",Madurai,"Anna nagar(Uzhavar Sandhai )",Tomato,Other,Local,21/09/2026,3200,3200,3200
"Tamil Nadu",Madurai,"Anna nagar(Uzhavar Sandhai )","Bottle gourd","Bottle Gourd",Local,21/09/2026,2000,2600,2300
"Tamil Nadu",Madurai,"Anna nagar(Uzhavar Sandhai )",Amaranthus,Amaranthus,Local,21/09/2026,1500,2000,1750
"Tamil Nadu",Madurai,"Anna nagar(Uzhavar Sandhai )",Cowpea(Veg),"Cowpea (Veg)",Local,21/09/2026,3600,3600,3600
"Tamil Nadu",Madurai,"Anna nagar(Uzhavar Sandhai )","Banana - Green","Banana - Green",Local,21/09/2026,2000,2500,2250
"Tamil Nadu",Madurai,"Anna nagar(Uzhavar Sandhai )","Knool Khol","Knool Khol",Local,21/09/2026,3600,3600,3600
"Tamil Nadu",Madurai,"Anna nagar(Uzhavar Sandhai )",Rose(Local),"Rose (Local)",Local,21/09/2026,10000,10000,10000
"Tamil Nadu",Perambalur,"Perambalur(Uzhavar Sandhai )",Onion,Bellary,Local,21/09/2026,7000,7600,7300
"Tamil Nadu",Perambalur,"Perambalur(Uzhavar Sandhai )","Cluster beans","Cluster Beans",Local,21/09/2026,4000,4400,4200
"Tamil Nadu",Perambalur,"Perambalur(Uzhavar Sandhai )",Beans,"Beans (Whole)",Local,21/09/2026,8000,9200,8600
"Tamil Nadu",Perambalur,"Perambalur(Uzhavar Sandhai )",Ginger(Green),"Green Ginger",Local,21/09/2026,14000,18000,16000
"Tamil Nadu",Perambalur,"Perambalur(Uzhavar Sandhai )",Coconut,Coconut,Local,21/09/2026,5000,6000,5500
"Tamil Nadu",Perambalur,"Perambalur(Uzhavar Sandhai )",Beetroot,Beetroot,Local,21/09/2026,5600,6000,5800
"Tamil Nadu",Perambalur,"Perambalur(Uzhavar Sandhai )",Thondekai,Thondekai,Local,21/09/2026,6000,6400,6200
"Tamil Nadu",Perambalur,"Perambalur(Uzhavar Sandhai )",Drumstick,Drumstick,Local,21/09/2026,3200,3200,3200
"Tamil Nadu",Perambalur,"Perambalur(Uzhavar Sandhai )",Mashrooms,Mashrooms,Local,21/09/2026,20000,22000,21000
"Tamil Nadu",Salem,"Mecheri(Uzhavar Sandhai)",Brinjal,Other,Local,21/09/2026,3000,3500,3250
"Tamil Nadu",Salem,"Mecheri(Uzhavar Sandhai)",Papaya,Papaya,Local,21/09/2026,2500,3000,2750
"Tamil Nadu",Salem,"Mecheri(Uzhavar Sandhai)","Bhindi(Ladies Finger)",Bhindi,Local,21/09/2026,3000,3500,3250
"Tamil Nadu",Salem,"Mecheri(Uzhavar Sandhai)",Amaranthus,Amaranthus,Local,21/09/2026,2000,2500,2250
"Tamil Nadu",Salem,"Mecheri(Uzhavar Sandhai)","Banana - Green","Banana - Green",Local,21/09/2026,2000,2500,2250
"Tamil Nadu",Salem,"Mecheri(Uzhavar Sandhai)",Coconut,Coconut,Local,21/09/2026,5500,6000,5750
"Tamil Nadu",Salem,"Mecheri(Uzhavar Sandhai)",Mint(Pudina),Mint(Pudina),Local,21/09/2026,3000,3500,3250
"Tamil Nadu",Ranipet,"Arcot(Uzhavar Sandhai )",Groundnut,"Big (With Shell)",Local,21/09/2026,6000,6000,6000
"Tamil Nadu",Ranipet,"Arcot(Uzhavar Sandhai )",Banana,Other,Local,21/09/2026,6000,6000,6000
"Tamil Nadu",Ranipet,"Arcot(Uzhavar Sandhai )","Mousambi(Sweet Lime)",Mousambi,Local,21/09/2026,5000,5000,5000
"Tamil Nadu",Ranipet,"Arcot(Uzhavar Sandhai )",Ashgourd,Gouard,Local,21/09/2026,3000,3000,3000
"Tamil Nadu",Ranipet,"Arcot(Uzhavar Sandhai )","Banana - Green","Banana - Green",Local,21/09/2026,4000,5000,4500
"Tamil Nadu",Ranipet,"Arcot(Uzhavar Sandhai )",Ginger(Green),"Green Ginger",Local,21/09/2026,18000,18000,18000
"Tamil Nadu",Ranipet,"Arcot(Uzhavar Sandhai )",Snakeguard,Snakeguard,Local,21/09/2026,2000,2000,2000
"Tamil Nadu",Ranipet,"Arcot(Uzhavar Sandhai )",Drumstick,Drumstick,Local,21/09/2026,5000,5000,5000
"Tamil Nadu",Ranipet,"Arcot(Uzhavar Sandhai )","Sweet Corn ","Sweet Corn ",Local,21/09/2026,4000,4000,4000
"Tamil Nadu",Ranipet,"Ranipettai(Uzhavar Sandhai )",Groundnut,"Big (With Shell)",Local,21/09/2026,6000,6000,6000
"Tamil Nadu",Ranipet,"Ranipettai(Uzhavar Sandhai )",Onion,Bellary,Local,21/09/2026,5800,6500,6150
"Tamil Nadu",Ranipet,"Ranipettai(Uzhavar Sandhai )",Brinjal,Other,Local,21/09/2026,3600,3600,3600
"Tamil Nadu",Ranipet,"Ranipettai(Uzhavar Sandhai )","Mousambi(Sweet Lime)",Mousambi,Local,21/09/2026,6000,6000,6000
"Tamil Nadu",Ranipet,"Ranipettai(Uzhavar Sandhai )",Pumpkin,Pumpkin,Local,21/09/2026,2000,2000,2000
"Tamil Nadu",Ranipet,"Ranipettai(Uzhavar Sandhai )",Ginger(Green),"Green Ginger",Local,21/09/2026,8000,8000,8000
"Tamil Nadu",Ranipet,"Ranipettai(Uzhavar Sandhai )",Thondekai,Thondekai,Local,21/09/2026,3000,3000,3000
"Tamil Nadu",Ranipet,"Ranipettai(Uzhavar Sandhai )","Elephant Yam(Suran)/Amorphophallus","Elephant Yam (Suran)",Local,21/09/2026,5000,5600,5300
"Tamil Nadu",Ranipet,"Ranipettai(Uzhavar Sandhai )","Custard Apple(Sharifa)","Custard Apple(Sharifa)",Local,21/09/2026,8000,12000,10000
"Tamil Nadu",Salem,"Ammapet(Uzhavar Sandhai )","Cluster beans","Cluster Beans",Local,21/09/2026,3200,3500,3350
"Tamil Nadu",Salem,"Ammapet(Uzhavar Sandhai )",Tapioca,Tapioca,Local,21/09/2026,3000,3500,3250
"Tamil Nadu",Salem,"Ammapet(Uzhavar Sandhai )",Carrot,Pusakesar,Local,21/09/2026,5000,5200,5100
"Tamil Nadu",Salem,"Ammapet(Uzhavar Sandhai )","Indian Beans(Seam)","Indian Beans (Seam)",Local,21/09/2026,5500,6000,5750
"Tamil Nadu",Salem,"Mettur(Uzhavar Sandhai )",Banana,"Red Banana",Local,21/09/2026,6000,7000,6500
"Tamil Nadu",Salem,"Mettur(Uzhavar Sandhai )","Water Melon","Water Melon",Local,21/09/2026,1500,2000,1750
"Tamil Nadu",Salem,"Mettur(Uzhavar Sandhai )",Ashgourd,Gouard,Local,21/09/2026,1500,2000,1750
"Tamil Nadu",Salem,"Mettur(Uzhavar Sandhai )","Green Chilli","Green Chilly",Local,21/09/2026,4000,4500,4250
"Tamil Nadu",Salem,"Mettur(Uzhavar Sandhai )",Cucumbar(Kheera),Cucumbar,Local,21/09/2026,3500,4000,3750
"Tamil Nadu",Salem,"Mettur(Uzhavar Sandhai )","Amla(Nelli Kai)",Amla,Local,21/09/2026,7500,8000,7750
"Tamil Nadu",Salem,"Sooramangalam(Uzhavar Sandhai )",Groundnut,"Big (With Shell)",Local,21/09/2026,6000,7000,6500
"Tamil Nadu",Salem,"Sooramangalam(Uzhavar Sandhai )",Brinjal,Other,Local,21/09/2026,2500,2800,2650
"Tamil Nadu",Salem,"Sooramangalam(Uzhavar Sandhai )",Tomato,Local,Local,21/09/2026,2600,2800,2700
"Tamil Nadu",Salem,"Sooramangalam(Uzhavar Sandhai )",Amaranthus,Amaranthus,Local,21/09/2026,1800,2000,1900
"Tamil Nadu",Salem,"Sooramangalam(Uzhavar Sandhai )",Snakeguard,Snakeguard,Local,21/09/2026,3600,3800,3700
"Tamil Nadu",Salem,"Sooramangalam(Uzhavar Sandhai )",Capsicum,Capsicum,Local,21/09/2026,5500,5800,5650
"Tamil Nadu",Salem,"Sooramangalam(Uzhavar Sandhai )","Knool Khol","Knool Khol",Local,21/09/2026,4500,5000,4750
"Tamil Nadu",Salem,"Sooramangalam(Uzhavar Sandhai )",Guava,"Guava Allahabad",Local,21/09/2026,7000,8000,7500
"Tamil Nadu",Salem,"Sooramangalam(Uzhavar Sandhai )",Marigold(Calcutta),Marigold(Calcutta),Local,21/09/2026,12000,13000,12500
"Tamil Nadu",Salem,"Sooramangalam(Uzhavar Sandhai )","Amla(Nelli Kai)",Amla,Local,21/09/2026,8000,9000,8500
"Tamil Nadu",Thiruchirappalli,"Thuraiyur APMC",Papaya,Papaya,Local,21/09/2026,3000,4000,3500
"Tamil Nadu",Thiruchirappalli,"Thuraiyur APMC",Amaranthus,Amaranthus,Local,21/09/2026,1500,2000,1750
"Tamil Nadu",Thiruchirappalli,"Thuraiyur APMC","Banana - Green","Banana - Green",Local,21/09/2026,2000,2500,2250
"Tamil Nadu",Thiruchirappalli,"Thuraiyur APMC",Coconut,Coconut,Local,21/09/2026,6000,7000,6500
"Tamil Nadu",Thiruchirappalli,"Thuraiyur APMC",Raddish,Raddish,Local,21/09/2026,3000,3500,3250
"Tamil Nadu",Thiruchirappalli,"Thuraiyur APMC","Chow Chow","Chow Chow",Local,21/09/2026,3500,4000,3750
"Tamil Nadu",Thiruchirappalli,"Thuraiyur APMC","Elephant Yam(Suran)/Amorphophallus","Elephant Yam (Suran)",Local,21/09/2026,3000,3500,3250
"Tamil Nadu",Thiruchirappalli,"Thuraiyur APMC","Indian Beans(Seam)","Indian Beans (Seam)",Local,21/09/2026,6000,7000,6500
"Tamil Nadu",Salem,"Thammampatti (Uzhavar Sandhai )",Potato,Other,Local,21/09/2026,2800,3000,2900
"Tamil Nadu",Salem,"Thammampatti (Uzhavar Sandhai )",Garlic,Garlic,Local,21/09/2026,24000,28000,26000
"Tamil Nadu",Salem,"Thammampatti (Uzhavar Sandhai )","Bhindi(Ladies Finger)",Bhindi,Local,21/09/2026,2000,2400,2200
"Tamil Nadu",Salem,"Thammampatti (Uzhavar Sandhai )",Cabbage,Cabbage,Local,21/09/2026,3500,4000,3750
"Tamil Nadu",Salem,"Thammampatti (Uzhavar Sandhai )",Raddish,Raddish,Local,21/09/2026,1500,2000,1750
"Tamil Nadu",Salem,"Thammampatti (Uzhavar Sandhai )","Chow Chow","Chow Chow",Local,21/09/2026,4000,4000,4000
"Tamil Nadu",Salem,"Thammampatti (Uzhavar Sandhai )","Knool Khol","Knool Khol",Local,21/09/2026,4000,4500,4250
"Tamil Nadu",Salem,"Thammampatti (Uzhavar Sandhai )","Tamarind Fruit","Tamarind Fruit",Local,21/09/2026,13000,14000,13500
"Tamil Nadu",Salem,"Thammampatti (Uzhavar Sandhai )",Lemon,Lemon,Local,21/09/2026,8000,9000,8500
"Tamil Nadu",Salem,"Thammampatti (Uzhavar Sandhai )","Custard Apple(Sharifa)","Custard Apple(Sharifa)",Local,21/09/2026,4000,4000,4000
"Tamil Nadu",Salem,"Thathakapatti(Uzhavar Sandhai )",Pumpkin,Pumpkin,Local,21/09/2026,1500,2000,1750
"Tamil Nadu",Salem,"Thathakapatti(Uzhavar Sandhai )","Green Chilli","Green Chilly",Local,21/09/2026,4000,4000,4000
"Tamil Nadu",Salem,"Thathakapatti(Uzhavar Sandhai )",Coconut,Coconut,Local,21/09/2026,6000,6500,6250
"Tamil Nadu",Salem,"Thathakapatti(Uzhavar Sandhai )",Pomegranate,Pomogranate,Local,21/09/2026,12000,16000,14000
"Tamil Nadu",Salem,"Thathakapatti(Uzhavar Sandhai )","Tender Coconut","Tender Coconut",Local,21/09/2026,4000,5000,4500
"Tamil Nadu",Salem,"Thathakapatti(Uzhavar Sandhai )","Elephant Yam(Suran)/Amorphophallus","Elephant Yam (Suran)",Local,21/09/2026,5000,5500,5250
"Tamil Nadu",Theni,"Chinnamanur(Uzhavar Sandhai )",Coriander(Leaves),"I Sort",Local,21/09/2026,3000,3000,3000
"Tamil Nadu",Theni,"Chinnamanur(Uzhavar Sandhai )","Bitter gourd",Other,Local,21/09/2026,4200,4200,4200
"Tamil Nadu",Theni,"Chinnamanur(Uzhavar Sandhai )",Ridgeguard(Tori),Ridgeguard(Tori),Local,21/09/2026,4200,4200,4200
"Tamil Nadu",Theni,"Chinnamanur(Uzhavar Sandhai )",Raddish,Raddish,Local,21/09/2026,2400,2400,2400
"Tamil Nadu",Theni,"Chinnamanur(Uzhavar Sandhai )","Elephant Yam(Suran)/Amorphophallus","Elephant Yam (Suran)",Local,21/09/2026,3500,3500,3500
"Tamil Nadu",Theni,"Chinnamanur(Uzhavar Sandhai )",Colacasia,Colacasia,Local,21/09/2026,5000,5000,5000
"Tamil Nadu",Theni,"Kambam(Uzhavar Sandhai )",Papaya,Papaya,Local,21/09/2026,3000,3500,3250
"Tamil Nadu",Theni,"Kambam(Uzhavar Sandhai )","Bitter gourd","Bitter Gourd",Local,21/09/2026,4000,4000,4000
"Tamil Nadu",Theni,"Kambam(Uzhavar Sandhai )",Pumpkin,Pumpkin,Local,21/09/2026,1500,1600,1550
"Tamil Nadu",Theni,"Kambam(Uzhavar Sandhai )","Bhindi(Ladies Finger)",Bhindi,Local,21/09/2026,4000,4000,4000
"Tamil Nadu",Theni,"Kambam(Uzhavar Sandhai )",Amaranthus,Amaranthus,Local,21/09/2026,2000,2500,2250
"Tamil Nadu",Theni,"Kambam(Uzhavar Sandhai )",Carrot,Pusakesar,Local,21/09/2026,3800,3800,3800
"Tamil Nadu",Theni,"Kambam(Uzhavar Sandhai )",Capsicum,Capsicum,Local,21/09/2026,5000,5000,5000
"Tamil Nadu",Theni,"Kambam(Uzhavar Sandhai )",Drumstick,Drumstick,Local,21/09/2026,2500,4000,3250
"Tamil Nadu",Theni,"Kambam(Uzhavar Sandhai )","Knool Khol","Knool Khol",Local,21/09/2026,3400,3400,3400
"Tamil Nadu",Theni,"Theni(Uzhavar Sandhai )",Pineapple,"Pine Apple",Local,21/09/2026,8000,8000,8000
"Tamil Nadu",Theni,"Theni(Uzhavar Sandhai )","Chili Red",Bold,Local,21/09/2026,10000,10000,10000
"Tamil Nadu",Theni,"Theni(Uzhavar Sandhai )",Coriander(Leaves),"I Sort",Local,21/09/2026,3000,3000,3000
"Tamil Nadu",Theni,"Theni(Uzhavar Sandhai )","Green Peas","Green Peas",Local,21/09/2026,15000,15000,15000
"Tamil Nadu",Theni,"Theni(Uzhavar Sandhai )","Bitter gourd","Bitter Gourd",Local,21/09/2026,5800,5800,5800
"Tamil Nadu",Theni,"Theni(Uzhavar Sandhai )","Bottle gourd","Bottle Gourd",Local,21/09/2026,1000,1400,1200
"Tamil Nadu",Theni,"Theni(Uzhavar Sandhai )",Tapioca,Tapioca,Local,21/09/2026,3000,3000,3000
"Tamil Nadu",Theni,"Theni(Uzhavar Sandhai )",Carrot,Pusakesar,Local,21/09/2026,3800,3800,3800
"Tamil Nadu",Theni,"Theni(Uzhavar Sandhai )",Thondekai,Thondekai,Local,21/09/2026,3800,3800,3800
"Tamil Nadu",Theni,"Theni(Uzhavar Sandhai )","Chow Chow","Chow Chow",Local,21/09/2026,2400,2400,2400
"Tamil Nadu",Theni,"Theni(Uzhavar Sandhai )",Guava,"Guava Allahabad",Local,21/09/2026,12000,12000,12000
"Tamil Nadu",Theni,"Theni(Uzhavar Sandhai )","Karbuja(Musk Melon)",Karbhuja,Local,21/09/2026,6000,6000,6000
"Tamil Nadu",Theni,"Theni(Uzhavar Sandhai )",Mashrooms,Mashrooms,Local,21/09/2026,25000,25000,25000
"Tamil Nadu",Thirunelveli,"Ambasamudram(Uzhavar Sandhai )","Bottle gourd","Bottle Gourd",Local,21/09/2026,1200,1400,1300
"Tamil Nadu",Thirunelveli,"Ambasamudram(Uzhavar Sandhai )",Ashgourd,Gouard,Local,21/09/2026,1000,1200,1100
"Tamil Nadu",Thirunelveli,"NGO Colony(Uzhavar Sandhai )","Bitter gourd","Bitter Gourd",Local,21/09/2026,5500,6000,5750
"Tamil Nadu",Thirunelveli,"NGO Colony(Uzhavar Sandhai )",Amaranthus,Amaranthus,Local,21/09/2026,1000,1500,1250
"Tamil Nadu",Thirunelveli,"NGO Colony(Uzhavar Sandhai )","Banana - Green","Banana - Green",Local,21/09/2026,3500,4000,3750
"Tamil Nadu",Thirunelveli,"NGO Colony(Uzhavar Sandhai )",Cabbage,Cabbage,Local,21/09/2026,2000,2600,2300
"Tamil Nadu",Thirunelveli,"NGO Colony(Uzhavar Sandhai )","Chow Chow","Chow Chow",Local,21/09/2026,3000,3600,3300
"Tamil Nadu",Thirunelveli,"NGO Colony(Uzhavar Sandhai )","Onion Green","Onion Green",Local,21/09/2026,9000,10600,9800
"Tamil Nadu",Thirunelveli,"NGO Colony(Uzhavar Sandhai )",Mint(Pudina),Mint(Pudina),Local,21/09/2026,6500,7000,6750
"Tamil Nadu",Thirunelveli,"Palayamkottai(Uzhavar Sandhai )",Apple,American,Local,21/09/2026,16000,20000,18000
"Tamil Nadu",Thirunelveli,"Palayamkottai(Uzhavar Sandhai )",Brinjal,Other,Local,21/09/2026,2000,2500,2250
"Tamil Nadu",Thirunelveli,"Palayamkottai(Uzhavar Sandhai )",Chikoos(Sapota),Sapota,Local,21/09/2026,4000,5000,4500
"Tamil Nadu",Thirunelveli,"Palayamkottai(Uzhavar Sandhai )","Cluster beans","Cluster Beans",Local,21/09/2026,1600,1800,1700
"Tamil Nadu",Thirunelveli,"Palayamkottai(Uzhavar Sandhai )","Bottle gourd","Bottle Gourd",Local,21/09/2026,1000,1400,1200
"Tamil Nadu",Thirunelveli,"Palayamkottai(Uzhavar Sandhai )",Amaranthus,Amaranthus,Local,21/09/2026,1000,1500,1250
"Tamil Nadu",Thirunelveli,"Palayamkottai(Uzhavar Sandhai )","Sweet Potato","Hosur Red",Local,21/09/2026,5500,6000,5750
"Tamil Nadu",Thirunelveli,"Palayamkottai(Uzhavar Sandhai )",Cucumbar(Kheera),Cucumbar,Local,21/09/2026,4000,6000,5000
"Tamil Nadu",Thirunelveli,"Palayamkottai(Uzhavar Sandhai )",Capsicum,Capsicum,Local,21/09/2026,4500,5000,4750
"Tamil Nadu",Thirunelveli,"Palayamkottai(Uzhavar Sandhai )","Elephant Yam(Suran)/Amorphophallus","Elephant Yam (Suran)",Local,21/09/2026,3600,4000,3800
"Tamil Nadu",Thirunelveli,"Palayamkottai(Uzhavar Sandhai )","Onion Green","Onion Green",Local,21/09/2026,9500,10600,10050
"Tamil Nadu",Thirupur,"Kangayam(Uzhavar Sandhai )",Brinjal,Round,Local,21/09/2026,5500,6200,5850
"Tamil Nadu",Thirupur,"Kangayam(Uzhavar Sandhai )",Papaya,Papaya,Local,21/09/2026,2000,2700,2350
"Tamil Nadu",Thirupur,"Kangayam(Uzhavar Sandhai )","Bitter gourd","Bitter Gourd",Local,21/09/2026,5000,5500,5250
"Tamil Nadu",Thirupur,"Kangayam(Uzhavar Sandhai )",Ashgourd,Gouard,Local,21/09/2026,1500,2000,1750
"Tamil Nadu",Thirupur,"Kangayam(Uzhavar Sandhai )","Banana - Green","Banana - Green",Local,21/09/2026,2500,2800,2650
"Tamil Nadu",Thirupur,"Kangayam(Uzhavar Sandhai )",Beetroot,Beetroot,Local,21/09/2026,2500,3000,2750
"Tamil Nadu",Thirupur,"Kangayam(Uzhavar Sandhai )","Green Avare(W)","Green Avare (W)",Local,21/09/2026,6000,7000,6500
"Tamil Nadu",Thirupur,"Kangayam(Uzhavar Sandhai )","Amla(Nelli Kai)",Amla,Local,21/09/2026,7500,8500,8000
"Tamil Nadu",Thirupur,"Tiruppur (North) (Uzhavar Sandhai )",Groundnut,"Big (With Shell)",Local,21/09/2026,5000,6000,5500
"Tamil Nadu",Thirupur,"Tiruppur (North) (Uzhavar Sandhai )",Banana,"Red Banana",Local,21/09/2026,6000,7000,6500
"Tamil Nadu",Thirupur,"Tiruppur (North) (Uzhavar Sandhai )",Onion,Bellary,Local,21/09/2026,5500,6000,5750
"Tamil Nadu",Thirupur,"Tiruppur (North) (Uzhavar Sandhai )",Coriander(Leaves),"I Sort",Local,21/09/2026,4500,5000,4750
"Tamil Nadu",Thirupur,"Tiruppur (North) (Uzhavar Sandhai )",Papaya,Papaya,Local,21/09/2026,3000,3500,3250
"Tamil Nadu",Thirupur,"Tiruppur (North) (Uzhavar Sandhai )","Cluster beans","Cluster Beans",Local,21/09/2026,3500,4000,3750
"Tamil Nadu",Thirupur,"Tiruppur (North) (Uzhavar Sandhai )","Bottle gourd","Bottle Gourd",Local,21/09/2026,1500,2000,1750
"Tamil Nadu",Thirupur,"Tiruppur (North) (Uzhavar Sandhai )","Banana - Green","Banana - Green",Local,21/09/2026,2500,3000,2750
"Tamil Nadu",Thirupur,"Tiruppur (North) (Uzhavar Sandhai )",Yam(Ratalu),"Yam (Ratalu)",Local,21/09/2026,6000,7000,6500
"Tamil Nadu",Thirupur,"Tiruppur (North) (Uzhavar Sandhai )","Onion Green","Onion Green",Local,21/09/2026,8000,8500,8250
"Tamil Nadu",Thiruvannamalai,"Chengam(Uzhavar Sandhai )",Garlic,Garlic,Local,21/09/2026,20000,24000,22000
"Tamil Nadu",Thiruvannamalai,"Chengam(Uzhavar Sandhai )",Coriander(Leaves),"I Sort",Local,21/09/2026,3300,4000,3650
"Tamil Nadu",Thiruvannamalai,"Chengam(Uzhavar Sandhai )",Papaya,Papaya,Local,21/09/2026,3300,4000,3650
"Tamil Nadu",Thiruvannamalai,"Chengam(Uzhavar Sandhai )","Cluster beans","Cluster Beans",Local,21/09/2026,3300,4000,3650
"Tamil Nadu",Thiruvannamalai,"Chengam(Uzhavar Sandhai )","Bitter gourd","Bitter Gourd",Local,21/09/2026,5000,6000,5500
"Tamil Nadu",Thiruvannamalai,"Chengam(Uzhavar Sandhai )",Ashgourd,Gouard,Local,21/09/2026,1600,2000,1800
"Tamil Nadu",Thiruvannamalai,"Chengam(Uzhavar Sandhai )",Pumpkin,Pumpkin,Local,21/09/2026,2000,2500,2250
"Tamil Nadu",Thiruvannamalai,"Chengam(Uzhavar Sandhai )","Sweet Potato","Hosur Red",Local,21/09/2026,4200,5000,4600
"Tamil Nadu",Thiruvannamalai,"Chengam(Uzhavar Sandhai )",Carrot,Pusakesar,Local,21/09/2026,6000,7200,6600
"Tamil Nadu",Thiruvannamalai,"Chengam(Uzhavar Sandhai )",Cucumbar(Kheera),Cucumbar,Local,21/09/2026,5000,6000,5500
"Tamil Nadu",Thiruvannamalai,"Chengam(Uzhavar Sandhai )",Ridgeguard(Tori),Ridgeguard(Tori),Local,21/09/2026,3300,4000,3650
"Tamil Nadu",Thiruvannamalai,"Chengam(Uzhavar Sandhai )","Chow Chow","Chow Chow",Local,21/09/2026,4000,4800,4400
"Tamil Nadu",Thiruvannamalai,"Chengam(Uzhavar Sandhai )","Knool Khol","Knool Khol",Local,21/09/2026,4200,5000,4600
"Tamil Nadu",Thiruvannamalai,"Chengam(Uzhavar Sandhai )","Custard Apple(Sharifa)","Custard Apple(Sharifa)",Local,21/09/2026,4200,5000,4600
"Tamil Nadu",Thiruvannamalai,"Keelpennathur(Uzhavar Sandhai )",Rose(Local),"Rose (Local)",Local,21/09/2026,20000,23000,21500
"Tamil Nadu",Thiruvannamalai,"Tamarainagar(Uzhavar Sandhai )",Groundnut,"Big (With Shell)",Local,21/09/2026,7500,9000,8250
"Tamil Nadu",Thiruvannamalai,"Tamarainagar(Uzhavar Sandhai )","Water Melon","Water Melon",Local,21/09/2026,2500,3000,2750
"Tamil Nadu",Thiruvannamalai,"Tamarainagar(Uzhavar Sandhai )",Tomato,Deshi,Local,21/09/2026,2500,3000,2750
"Tamil Nadu",Thiruvannamalai,"Tamarainagar(Uzhavar Sandhai )","Cluster beans","Cluster Beans",Local,21/09/2026,3500,4000,3750
"Tamil Nadu",Thiruvannamalai,"Tamarainagar(Uzhavar Sandhai )","Sweet Potato","Hosur Red",Local,21/09/2026,5000,6000,5500
"Tamil Nadu",Thiruvannamalai,"Tamarainagar(Uzhavar Sandhai )",Snakeguard,Snakeguard,Local,21/09/2026,2500,3000,2750
"Tamil Nadu",Thiruvannamalai,"Tamarainagar(Uzhavar Sandhai )","Tamarind Fruit","Tamarind Fruit",Local,21/09/2026,12000,14000,13000
"Tamil Nadu",Thiruvannamalai,"Tamarainagar(Uzhavar Sandhai )",Lemon,Lemon,Local,21/09/2026,28000,32000,30000
"Tamil Nadu",Thiruvannamalai,"Tamarainagar(Uzhavar Sandhai )",Colacasia,Colacasia,Local,21/09/2026,4000,5000,4500
"Tamil Nadu",Thiruvannamalai,"Tamarainagar(Uzhavar Sandhai )",Rose(Local),"Rose (Local)",Local,21/09/2026,15000,20000,17500
"Tamil Nadu",Thiruvannamalai,"Vandavasi(Uzhavar Sandhai )",Banana,Karpura,Local,21/09/2026,5000,6000,5500
"Tamil Nadu",Thiruvannamalai,"Vandavasi(Uzhavar Sandhai )",Potato,Other,Local,21/09/2026,3000,3600,3300
"Tamil Nadu",Thiruvannamalai,"Vandavasi(Uzhavar Sandhai )",Ashgourd,Gouard,Local,21/09/2026,2000,2500,2250
"Tamil Nadu",Thiruvannamalai,"Vandavasi(Uzhavar Sandhai )","Green Avare(W)",Other,Local,21/09/2026,6000,7200,6600
"Tamil Nadu",Thiruvannamalai,"Vandavasi(Uzhavar Sandhai )","Chow Chow","Chow Chow",Local,21/09/2026,3000,3600,3300
"Tamil Nadu",Thiruvannamalai,"Vandavasi(Uzhavar Sandhai )",Yam(Ratalu),"Yam (Ratalu)",Local,21/09/2026,6000,7000,6500
"Tamil Nadu",Thiruvannamalai,"Vandavasi(Uzhavar Sandhai )","Onion Green","Onion Green",Local,21/09/2026,5000,6000,5500
"Tamil Nadu",Thiruvannamalai,"Vandavasi(Uzhavar Sandhai )",Mint(Pudina),Mint(Pudina),Local,21/09/2026,3500,4000,3750
"Tamil Nadu",Thiruvarur,"Muthupettai(Uzhavar Sandhai )",Onion,Bellary,Local,21/09/2026,6000,6000,6000
"Tamil Nadu",Thiruvarur,"Muthupettai(Uzhavar Sandhai )",Potato,"Red Nanital",Local,21/09/2026,3000,3000,3000
"Tamil Nadu",Coimbatore,"Sulur(Uzhavar Sandhai )",Potato,"Red Nanital",Local,21/09/2026,5000,5800,5400
"Tamil Nadu",Coimbatore,"Sulur(Uzhavar Sandhai )","Bitter gourd","Bitter Gourd",Local,21/09/2026,4400,5000,4700
"Tamil Nadu",Coimbatore,"Sulur(Uzhavar Sandhai )",Pumpkin,Pumpkin,Local,21/09/2026,1600,2000,1800
"Tamil Nadu",Coimbatore,"Sulur(Uzhavar Sandhai )","Bhindi(Ladies Finger)",Bhindi,Local,21/09/2026,4000,4600,4300
"Tamil Nadu",Coimbatore,"Sulur(Uzhavar Sandhai )","Banana - Green","Banana - Green",Local,21/09/2026,4000,4500,4250
"Tamil Nadu",Coimbatore,"Sulur(Uzhavar Sandhai )",Raddish,Raddish,Local,21/09/2026,2600,3200,2900
"Tamil Nadu",Coimbatore,"Sulur(Uzhavar Sandhai )",Capsicum,Capsicum,Local,21/09/2026,5400,6000,5700
"Tamil Nadu",Pudukkottai,"Gandarvakottai(Uzhavar Sandhai )",Potato,Other,Local,21/09/2026,5000,6000,5500
"Tamil Nadu",Pudukkottai,"Gandarvakottai(Uzhavar Sandhai )","Green Chilli","Green Chilly",Local,21/09/2026,5000,6000,5500
"Tamil Nadu",Pudukkottai,"Gandarvakottai(Uzhavar Sandhai )",Snakeguard,Snakeguard,Local,21/09/2026,3500,4000,3750
"Tamil Nadu",Pudukkottai,"Gandarvakottai(Uzhavar Sandhai )",Ridgeguard(Tori),Ridgeguard(Tori),Local,21/09/2026,4000,5000,4500
"Tamil Nadu",Pudukkottai,"Gandarvakottai(Uzhavar Sandhai )",Mango(Raw-Ripe),"Mango - Raw-Ripe",Local,21/09/2026,9000,10000,9500
"Tamil Nadu",Cuddalore,"Panruti(Uzhavar Sandhai )",Coriander(Leaves),"I Sort",Local,21/09/2026,6000,6000,6000
"Tamil Nadu",Cuddalore,"Panruti(Uzhavar Sandhai )",Tomato,Deshi,Local,21/09/2026,2500,2500,2500
"Tamil Nadu",Cuddalore,"Panruti(Uzhavar Sandhai )","Cluster beans","Cluster Beans",Local,21/09/2026,3000,3000,3000
"Tamil Nadu",Cuddalore,"Panruti(Uzhavar Sandhai )",Ashgourd,Gouard,Local,21/09/2026,2500,2500,2500
"Tamil Nadu",Cuddalore,"Panruti(Uzhavar Sandhai )","Onion Green","Onion Green",Local,21/09/2026,8000,8000,8000
"Tamil Nadu",Cuddalore,"Vadalur(Uzhavar Sandhai )","Bottle gourd","Bottle Gourd",Local,21/09/2026,2000,2000,2000
"Tamil Nadu",Cuddalore,"Vadalur(Uzhavar Sandhai )",Ashgourd,Gouard,Local,21/09/2026,2000,2000,2000
"Tamil Nadu",Cuddalore,"Vadalur(Uzhavar Sandhai )",Amaranthus,Amaranthus,Local,21/09/2026,3000,3500,3250
"Tamil Nadu",Cuddalore,"Vadalur(Uzhavar Sandhai )",Carrot,Pusakesar,Local,21/09/2026,5000,6000,5500
"Tamil Nadu",Cuddalore,"Vadalur(Uzhavar Sandhai )",Snakeguard,Snakeguard,Local,21/09/2026,3000,6000,4500
"Tamil Nadu",Cuddalore,"Vadalur(Uzhavar Sandhai )",Cucumbar(Kheera),Cucumbar,Local,21/09/2026,4000,4000,4000
"Tamil Nadu",Cuddalore,"Vadalur(Uzhavar Sandhai )",Ridgeguard(Tori),Ridgeguard(Tori),Local,21/09/2026,6000,6000,6000
"Tamil Nadu",Cuddalore,"Vadalur(Uzhavar Sandhai )",Thondekai,Thondekai,Local,21/09/2026,4000,4000,4000
"Tamil Nadu",Cuddalore,"Vadalur(Uzhavar Sandhai )",Mango(Raw-Ripe),"Mango - Raw-Ripe",Local,21/09/2026,7000,7000,7000
"Tamil Nadu",Dharmapuri,"AJattihalli(Uzhavar Sandhai )",Brinjal,Other,Local,21/09/2026,1600,2000,1800
"Tamil Nadu",Dharmapuri,"AJattihalli(Uzhavar Sandhai )","Cluster beans","Cluster Beans",Local,21/09/2026,2500,2500,2500
"Tamil Nadu",Dharmapuri,"AJattihalli(Uzhavar Sandhai )","Bhindi(Ladies Finger)",Bhindi,Local,21/09/2026,1800,1800,1800
"Tamil Nadu",Dharmapuri,"AJattihalli(Uzhavar Sandhai )",Coconut,Coconut,Local,21/09/2026,6500,7400,6950
"Tamil Nadu",Dharmapuri,"AJattihalli(Uzhavar Sandhai )",Carrot,Pusakesar,Local,21/09/2026,6200,6200,6200
"Tamil Nadu",Dharmapuri,"AJattihalli(Uzhavar Sandhai )",Thondekai,Thondekai,Local,21/09/2026,4500,4500,4500
"Tamil Nadu",Dharmapuri,"AJattihalli(Uzhavar Sandhai )",Drumstick,Drumstick,Local,21/09/2026,3000,3500,3250
"Tamil Nadu",Dharmapuri,"AJattihalli(Uzhavar Sandhai )",Colacasia,Colacasia,Local,21/09/2026,6600,6600,6600
"Tamil Nadu",Dharmapuri,"AJattihalli(Uzhavar Sandhai )",Mint(Pudina),Mint(Pudina),Local,21/09/2026,7000,8000,7500
"Tamil Nadu",Thanjavur,"Peravurani(Uzhavar Sandhai)","Bitter gourd","Bitter Gourd",Local,21/09/2026,6000,6000,6000
"Tamil Nadu",Thanjavur,"Peravurani(Uzhavar Sandhai)","Bottle gourd","Bottle Gourd",Local,21/09/2026,2500,2500,2500
"Tamil Nadu",Karur,"Pallapatti (Uzhavar Sandhai )",Banana,Other,Local,21/09/2026,6500,7000,6750
"Tamil Nadu",Karur,"Pallapatti (Uzhavar Sandhai )",Tomato,Other,Local,21/09/2026,2500,3000,2750
"Tamil Nadu",Karur,"Pallapatti (Uzhavar Sandhai )","Cluster beans","Cluster Beans",Local,21/09/2026,3500,4000,3750
"Tamil Nadu",Karur,"Pallapatti (Uzhavar Sandhai )","Bitter gourd",Other,Local,21/09/2026,5000,6000,5500
"Tamil Nadu",Karur,"Pallapatti (Uzhavar Sandhai )",Tapioca,Tapioca,Local,21/09/2026,2500,3000,2750
"Tamil Nadu",Karur,"Pallapatti (Uzhavar Sandhai )",Snakeguard,Snakeguard,Local,21/09/2026,3500,4000,3750
"Tamil Nadu",Karur,"Pallapatti (Uzhavar Sandhai )",Ridgeguard(Tori),Ridgeguard(Tori),Local,21/09/2026,5500,6000,5750
"Tamil Nadu",Karur,"Pallapatti (Uzhavar Sandhai )",Drumstick,Drumstick,Local,21/09/2026,3000,3500,3250
"Tamil Nadu",Karur,"Pallapatti (Uzhavar Sandhai )","Amla(Nelli Kai)",Amla,Local,21/09/2026,7500,8000,7750
"Tamil Nadu",Karur,"Pallapatti (Uzhavar Sandhai )",Mint(Pudina),Mint(Pudina),Local,21/09/2026,4500,5000,4750
"Tamil Nadu",Karur,"Velayuthampalayam(Uzhavar Sandhai )","Bitter gourd","Bitter Gourd",Local,21/09/2026,4500,5500,5000
"Tamil Nadu",Karur,"Velayuthampalayam(Uzhavar Sandhai )","Green Chilli","Green Chilly",Local,21/09/2026,5000,6000,5500
"Tamil Nadu",Karur,"Velayuthampalayam(Uzhavar Sandhai )",Coconut,Coconut,Local,21/09/2026,5200,6000,5600
"Tamil Nadu",Karur,"Velayuthampalayam(Uzhavar Sandhai )",Snakeguard,Snakeguard,Local,21/09/2026,2800,3500,3150
"Tamil Nadu",Karur,"Velayuthampalayam(Uzhavar Sandhai )","Onion Green","Onion Green",Local,21/09/2026,8500,9500,9000
"Tamil Nadu",Karur,"Vengamedu(Uzhavar Sandhai )","Bitter gourd",Other,Local,21/09/2026,5000,5500,5250
"Tamil Nadu",Karur,"Vengamedu(Uzhavar Sandhai )","Bottle gourd","Bottle Gourd",Local,21/09/2026,2000,2500,2250
"Tamil Nadu",Karur,"Vengamedu(Uzhavar Sandhai )",Amaranthus,Amaranthus,Local,21/09/2026,2000,2500,2250
"Tamil Nadu",Karur,"Vengamedu(Uzhavar Sandhai )",Coconut,Coconut,Local,21/09/2026,5500,6000,5750
"Tamil Nadu",Karur,"Vengamedu(Uzhavar Sandhai )",Snakeguard,Snakeguard,Local,21/09/2026,3000,3500,3250
"Tamil Nadu",Theni,"Devaram(Uzhavar Sandhai )",Potato,"Red Nanital",Local,21/09/2026,3000,3000,3000
"Tamil Nadu",Theni,"Devaram(Uzhavar Sandhai )",Tomato,Deshi,Local,21/09/2026,2500,2500,2500
"Tamil Nadu",Theni,"Devaram(Uzhavar Sandhai )","Bhindi(Ladies Finger)",Bhindi,Local,21/09/2026,4000,4000,4000
"Tamil Nadu",Theni,"Devaram(Uzhavar Sandhai )","Green Chilli","Green Chilly",Local,21/09/2026,5000,5000,5000
"Tamil Nadu",Theni,"Devaram(Uzhavar Sandhai )",Snakeguard,Snakeguard,Local,21/09/2026,3000,3000,3000
"Tamil Nadu",Theni,"Devaram(Uzhavar Sandhai )",Beetroot,Beetroot,Local,21/09/2026,3600,3600,3600
"Tamil Nadu",Theni,"Devaram(Uzhavar Sandhai )",Thondekai,Thondekai,Local,21/09/2026,3800,3800,3800
"Tamil Nadu",Theni,"Devaram(Uzhavar Sandhai )",Drumstick,Drumstick,Local,21/09/2026,4200,4200,4200
"Tamil Nadu",Theni,"Devaram(Uzhavar Sandhai )",Mint(Pudina),Mint(Pudina),Local,21/09/2026,5500,5500,5500
"Tamil Nadu",Salem,"Attayampatti(Uzhavar Sandhai )",Tapioca,Tapioca,Local,21/09/2026,3500,3500,3500
"Tamil Nadu",Salem,"Attayampatti(Uzhavar Sandhai )","Sweet Potato","Hosur Red",Local,21/09/2026,5000,5000,5000
"Tamil Nadu",Salem,"Attayampatti(Uzhavar Sandhai )",Guava,"Guava Allahabad",Local,21/09/2026,7500,8000,7750
"Tamil Nadu",Sivaganga,"Sivagangai (Uzhavar Sandhai )","Bitter gourd",Other,Local,21/09/2026,5200,5600,5400
"Tamil Nadu",Salem,"Edapadi (Uzhavar Sandhai )","Green Chilli","Green Chilly",Local,21/09/2026,4000,4500,4250
"Tamil Nadu",Salem,"Edapadi (Uzhavar Sandhai )",Ridgeguard(Tori),Ridgeguard(Tori),Local,21/09/2026,3500,4000,3750
"Tamil Nadu",Salem,"Edapadi (Uzhavar Sandhai )",Raddish,Raddish,Local,21/09/2026,2200,2500,2350
"Tamil Nadu",Salem,"Edapadi (Uzhavar Sandhai )","Chow Chow","Chow Chow",Local,21/09/2026,3500,4000,3750
"Tamil Nadu",Salem,"Edapadi (Uzhavar Sandhai )","Knool Khol","Knool Khol",Local,21/09/2026,4000,4500,4250
"Tamil Nadu",Salem,"Elampillai(Uzhavar Sandhai )",Potato,Other,Local,21/09/2026,2500,2800,2650
"Tamil Nadu",Salem,"Elampillai(Uzhavar Sandhai )",Papaya,Papaya,Local,21/09/2026,2500,3000,2750
"Tamil Nadu",Salem,"Elampillai(Uzhavar Sandhai )",Coconut,Coconut,Local,21/09/2026,5000,6000,5500
"Tamil Nadu",Salem,"Elampillai(Uzhavar Sandhai )",Snakeguard,Snakeguard,Local,21/09/2026,3000,3400,3200
"Tamil Nadu",Salem,"Elampillai(Uzhavar Sandhai )",Raddish,Raddish,Local,21/09/2026,2000,2500,2250
"Tamil Nadu",Salem,"Elampillai(Uzhavar Sandhai )",Capsicum,Capsicum,Local,21/09/2026,5500,6000,5750
"Tamil Nadu",Salem,"Elampillai(Uzhavar Sandhai )",Drumstick,Drumstick,Local,21/09/2026,2500,3000,2750
"Tamil Nadu",Salem,"Elampillai(Uzhavar Sandhai )",Mint(Pudina),Mint(Pudina),Local,21/09/2026,4000,4500,4250
"Tamil Nadu",Salem,"Hasthampatti(Uzhavar Sandhai )",Grapes,Annabesahai,Local,21/09/2026,8000,10000,9000
"Tamil Nadu",Salem,"Hasthampatti(Uzhavar Sandhai )",Coriander(Leaves),"I Sort",Local,21/09/2026,1800,2000,1900
"Tamil Nadu",Salem,"Hasthampatti(Uzhavar Sandhai )","Mousambi(Sweet Lime)",Mousambi,Local,21/09/2026,3000,3500,3250
"Tamil Nadu",Salem,"Hasthampatti(Uzhavar Sandhai )","Green Chilli","Green Chilly",Local,21/09/2026,4000,4200,4100
"Tamil Nadu",Salem,"Hasthampatti(Uzhavar Sandhai )",Ginger(Green),"Green Ginger",Local,21/09/2026,17000,17500,17250
"Tamil Nadu",Salem,"Hasthampatti(Uzhavar Sandhai )",Snakeguard,Snakeguard,Local,21/09/2026,3800,4000,3900
"Tamil Nadu",Salem,"Hasthampatti(Uzhavar Sandhai )",Cucumbar(Kheera),Cucumbar,Local,21/09/2026,5000,6000,5500
"Tamil Nadu",Salem,"Hasthampatti(Uzhavar Sandhai )",Capsicum,Capsicum,Local,21/09/2026,5500,6000,5750
"Tamil Nadu",Salem,"Hasthampatti(Uzhavar Sandhai )",Guava,"Guava Allahabad",Local,21/09/2026,5000,7000,6000
"Tamil Nadu",Salem,"Hasthampatti(Uzhavar Sandhai )",Lemon,Lemon,Local,21/09/2026,4000,10000,7000
"Tamil Nadu",Salem,"Hasthampatti(Uzhavar Sandhai )",Colacasia,Colacasia,Local,21/09/2026,5500,6000,5750
"Tamil Nadu",Salem,"Hasthampatti(Uzhavar Sandhai )","Sweet Corn ","Sweet Corn ",Local,21/09/2026,3500,4000,3750
"Tamil Nadu",Salem,"Jalagandapuram(Uzhavar Sandhai )",Brinjal,Round,Local,21/09/2026,3000,3500,3250
"Tamil Nadu",Salem,"Jalagandapuram(Uzhavar Sandhai )",Papaya,Papaya,Local,21/09/2026,3000,3500,3250
"Tamil Nadu",Salem,"Jalagandapuram(Uzhavar Sandhai )","Green Chilli","Green Chilly",Local,21/09/2026,4000,4400,4200
"Tamil Nadu",Salem,"Jalagandapuram(Uzhavar Sandhai )",Cabbage,Cabbage,Local,21/09/2026,2500,3000,2750
"Tamil Nadu",Salem,"Jalagandapuram(Uzhavar Sandhai )",Beetroot,Beetroot,Local,21/09/2026,5000,6000,5500
"Tamil Nadu",Salem,"Jalagandapuram(Uzhavar Sandhai )","Amla(Nelli Kai)",Amla,Local,21/09/2026,7000,8000,7500
"Tamil Nadu",Salem,"Jalagandapuram(Uzhavar Sandhai )",Mint(Pudina),Mint(Pudina),Local,21/09/2026,4000,4500,4250
"Tamil Nadu",Sivaganga,"Singampunari(Uzhavar Sandhai )",Onion,Bellary,Local,21/09/2026,4200,6600,5400
"Tamil Nadu",Sivaganga,"Singampunari(Uzhavar Sandhai )",Potato,Other,Local,21/09/2026,5200,5600,5400
"Tamil Nadu",Sivaganga,"Singampunari(Uzhavar Sandhai )",Papaya,Papaya,Local,21/09/2026,4600,5000,4800
"Tamil Nadu",Sivaganga,"Singampunari(Uzhavar Sandhai )","Bitter gourd",Other,Local,21/09/2026,5200,5600,5400
"Tamil Nadu",Sivaganga,"Singampunari(Uzhavar Sandhai )",Pumpkin,Pumpkin,Local,21/09/2026,1800,2200,2000
"Tamil Nadu",Sivaganga,"Singampunari(Uzhavar Sandhai )",Beans,"Beans (Whole)",Local,21/09/2026,8400,9200,8800
"Tamil Nadu",Sivaganga,"Singampunari(Uzhavar Sandhai )",Coconut,Coconut,Local,21/09/2026,6600,7000,6800
"Tamil Nadu",Sivaganga,"Singampunari(Uzhavar Sandhai )",Carrot,Pusakesar,Local,21/09/2026,3000,4600,3800
"Tamil Nadu",Sivaganga,"Singampunari(Uzhavar Sandhai )","Knool Khol","Knool Khol",Local,21/09/2026,4600,5000,4800
"Tamil Nadu",Sivaganga,"Singampunari(Uzhavar Sandhai )","Onion Green","Onion Green",Local,21/09/2026,8200,9200,8700
"Tamil Nadu",Sivaganga,"Karaikudi(Uzhavar Sandhai )",Tomato,Local,Local,21/09/2026,3200,3500,3350
"Tamil Nadu",Sivaganga,"Karaikudi(Uzhavar Sandhai )","Bhindi(Ladies Finger)",Bhindi,Local,21/09/2026,3200,3500,3350
"Tamil Nadu",Sivaganga,"Karaikudi(Uzhavar Sandhai )",Ridgeguard(Tori),Ridgeguard(Tori),Local,21/09/2026,4500,5000,4750
"Tamil Nadu",Sivaganga,"Karaikudi(Uzhavar Sandhai )",Raddish,Raddish,Local,21/09/2026,2800,3200,3000
"Tamil Nadu",Sivaganga,"Karaikudi(Uzhavar Sandhai )","Elephant Yam(Suran)/Amorphophallus","Elephant Yam (Suran)",Local,21/09/2026,5000,5500,5250
"Tamil Nadu",Sivaganga,"Tirupatthur(Uzhavar Sandhai )",Banana,Karpura,Local,21/09/2026,4000,4000,4000
"Tamil Nadu",Sivaganga,"Tirupatthur(Uzhavar Sandhai )",Tomato,Other,Local,21/09/2026,3200,3500,3350
"Tamil Nadu",Sivaganga,"Tirupatthur(Uzhavar Sandhai )",Ashgourd,Gouard,Local,21/09/2026,2000,2200,2100
"Tamil Nadu",Sivaganga,"Tirupatthur(Uzhavar Sandhai )",Beans,"Beans (Whole)",Local,21/09/2026,8400,9500,8950
"Tamil Nadu",Sivaganga,"Tirupatthur(Uzhavar Sandhai )",Cabbage,Cabbage,Local,21/09/2026,3000,3500,3250
"Tamil Nadu",Sivaganga,"Tirupatthur(Uzhavar Sandhai )",Snakeguard,Snakeguard,Local,21/09/2026,3500,4000,3750
"Tamil Nadu",Sivaganga,"Tirupatthur(Uzhavar Sandhai )","Chow Chow","Chow Chow",Local,21/09/2026,3000,3500,3250
"Tamil Nadu",Sivaganga,"Tirupatthur(Uzhavar Sandhai )",Guava,"Guava Allahabad",Local,21/09/2026,6400,7500,6950
"Tamil Nadu",Thanjavur,"Pattukottai(Uzhavar Sandhai )",Onion,Bellary,Local,21/09/2026,5000,7000,6000
"Tamil Nadu",Thanjavur,"Pattukottai(Uzhavar Sandhai )","Bottle gourd","Bottle Gourd",Local,21/09/2026,2600,2600,2600
"Tamil Nadu",Thanjavur,"Pattukottai(Uzhavar Sandhai )",Coconut,Coconut,Local,21/09/2026,5000,5000,5000
"Tamil Nadu",Thanjavur,"Pattukottai(Uzhavar Sandhai )",Ridgeguard(Tori),Ridgeguard(Tori),Local,21/09/2026,5600,5600,5600
"Tamil Nadu",Thanjavur,"Pattukottai(Uzhavar Sandhai )","Chow Chow","Chow Chow",Local,21/09/2026,4400,4400,4400
"Tamil Nadu",Thanjavur,"Pattukottai(Uzhavar Sandhai )",Mint(Pudina),Mint(Pudina),Local,21/09/2026,5800,5800,5800
"Tamil Nadu",Thiruchirappalli,"KKNagar(Uzhavar Sandhai )",Groundnut,"Big (With Shell)",Local,21/09/2026,8000,8000,8000
"Tamil Nadu",Thiruchirappalli,"KKNagar(Uzhavar Sandhai )",Onion,Bellary,Local,21/09/2026,7000,7000,7000
"Tamil Nadu",Thiruchirappalli,"KKNagar(Uzhavar Sandhai )","Chili Red",Bold,Local,21/09/2026,24000,24000,24000
"Tamil Nadu",Thiruchirappalli,"KKNagar(Uzhavar Sandhai )",Cauliflower,Ranchi,Local,21/09/2026,5000,5000,5000
"Tamil Nadu",Thiruchirappalli,"KKNagar(Uzhavar Sandhai )",Coriander(Leaves),"I Sort",Local,21/09/2026,3200,3200,3200
"Tamil Nadu",Thiruchirappalli,"KKNagar(Uzhavar Sandhai )",Pumpkin,Pumpkin,Local,21/09/2026,1800,1800,1800
"Tamil Nadu",Thiruchirappalli,"KKNagar(Uzhavar Sandhai )",Amaranthus,Amaranthus,Local,21/09/2026,2000,2000,2000
"Tamil Nadu",Thiruchirappalli,"KKNagar(Uzhavar Sandhai )",Coconut,Coconut,Local,21/09/2026,7000,7000,7000
"Tamil Nadu",Thiruchirappalli,"KKNagar(Uzhavar Sandhai )","Betal Leaves",Mysore,Local,21/09/2026,12000,12000,12000
"Tamil Nadu",Thiruchirappalli,"KKNagar(Uzhavar Sandhai )",Snakeguard,Snakeguard,Local,21/09/2026,4000,4000,4000
"Tamil Nadu",Thiruchirappalli,"KKNagar(Uzhavar Sandhai )",Beetroot,Beetroot,Local,21/09/2026,5400,5400,5400
"Tamil Nadu",Thiruchirappalli,"KKNagar(Uzhavar Sandhai )","Chow Chow","Chow Chow",Local,21/09/2026,4000,4000,4000
"Tamil Nadu",Thiruchirappalli,"KKNagar(Uzhavar Sandhai )",Mango(Raw-Ripe),"Mango - Raw-Ripe",Local,21/09/2026,17000,17000,17000
"Tamil Nadu",Thiruchirappalli,"KKNagar(Uzhavar Sandhai )",Guava,"Guava Allahabad",Local,21/09/2026,12000,12000,12000
"Tamil Nadu",Thiruchirappalli,"KKNagar(Uzhavar Sandhai )","Tamarind Fruit","Tamarind Fruit",Local,21/09/2026,18000,18000,18000
"Tamil Nadu",Thiruchirappalli,"KKNagar(Uzhavar Sandhai )","Indian Beans(Seam)","Indian Beans (Seam)",Local,21/09/2026,7000,7000,7000
"Tamil Nadu",Thiruchirappalli,"KKNagar(Uzhavar Sandhai )",Lemon,Lemon,Local,21/09/2026,31500,31500,31500
"Tamil Nadu",Thiruchirappalli,"KKNagar(Uzhavar Sandhai )","Onion Green","Onion Green",Local,21/09/2026,11000,11000,11000
"Tamil Nadu",Thiruchirappalli,"Lalgudi(Uzhavar Sandhai )",Onion,Bellary,Local,21/09/2026,7000,7000,7000
"Tamil Nadu",Thiruchirappalli,"Lalgudi(Uzhavar Sandhai )",Cauliflower,Ranchi,Local,21/09/2026,4000,4000,4000
"Tamil Nadu",Thiruchirappalli,"Lalgudi(Uzhavar Sandhai )",Papaya,Papaya,Local,21/09/2026,4000,4000,4000
"Tamil Nadu",Thiruchirappalli,"Lalgudi(Uzhavar Sandhai )","Cluster beans","Cluster Beans",Local,21/09/2026,3600,3600,3600
"Tamil Nadu",Thiruchirappalli,"Lalgudi(Uzhavar Sandhai )",Amaranthus,Amaranthus,Local,21/09/2026,1500,1500,1500
"Tamil Nadu",Thiruchirappalli,"Lalgudi(Uzhavar Sandhai )",Tapioca,Tapioca,Local,21/09/2026,4000,4000,4000
"Tamil Nadu",Thiruchirappalli,"Lalgudi(Uzhavar Sandhai )",Snakeguard,Snakeguard,Local,21/09/2026,5600,5600,5600
"Tamil Nadu",Thiruchirappalli,"Lalgudi(Uzhavar Sandhai )",Ridgeguard(Tori),Ridgeguard(Tori),Local,21/09/2026,4600,4600,4600
"Tamil Nadu",Thiruchirappalli,"Lalgudi(Uzhavar Sandhai )",Thondekai,Thondekai,Local,21/09/2026,5600,5600,5600
"Tamil Nadu",Thiruchirappalli,"Lalgudi(Uzhavar Sandhai )","Chow Chow","Chow Chow",Local,21/09/2026,4600,4600,4600
"Tamil Nadu",Thiruchirappalli,"Lalgudi(Uzhavar Sandhai )",Drumstick,Drumstick,Local,21/09/2026,4600,4600,4600
"Tamil Nadu",Thiruchirappalli,"Lalgudi(Uzhavar Sandhai )","Elephant Yam(Suran)/Amorphophallus","Elephant Yam (Suran)",Local,21/09/2026,3600,3600,3600
"Tamil Nadu",Thiruchirappalli,"Lalgudi(Uzhavar Sandhai )","Amla(Nelli Kai)",Amla,Local,21/09/2026,11000,11000,11000
"Tamil Nadu",Thiruchirappalli,"Manachanallur(Uzhavar Sandhai )",Potato,"Red Nanital",Local,21/09/2026,3000,3000,3000
"Tamil Nadu",Thiruchirappalli,"Manachanallur(Uzhavar Sandhai )",Ashgourd,Gouard,Local,21/09/2026,2000,2000,2000
"Tamil Nadu",Thiruchirappalli,"Manachanallur(Uzhavar Sandhai )","Green Chilli","Green Chilly",Local,21/09/2026,4600,4600,4600
"Tamil Nadu",Thiruchirappalli,"Manachanallur(Uzhavar Sandhai )",Beans,"Beans (Whole)",Local,21/09/2026,8400,8400,8400
"Tamil Nadu",Thiruchirappalli,"Manachanallur(Uzhavar Sandhai )",Ginger(Green),"Green Ginger",Local,21/09/2026,19000,19000,19000
"Tamil Nadu",Thiruchirappalli,"Manachanallur(Uzhavar Sandhai )","Chow Chow","Chow Chow",Local,21/09/2026,4000,4000,4000
"Tamil Nadu",Thiruchirappalli,"Manachanallur(Uzhavar Sandhai )",Drumstick,Drumstick,Local,21/09/2026,4600,4600,4600
"Tamil Nadu",Thiruchirappalli,"Manapparai(Uzhavar Sandhai )",Banana,Poovan,Local,21/09/2026,4000,5000,4500
"Tamil Nadu",Thiruchirappalli,"Manapparai(Uzhavar Sandhai )",Potato,Other,Local,21/09/2026,3000,4000,3500
"Tamil Nadu",Thiruchirappalli,"Manapparai(Uzhavar Sandhai )",Coriander(Leaves),"I Sort",Local,21/09/2026,3000,3000,3000
"Tamil Nadu",Thiruchirappalli,"Manapparai(Uzhavar Sandhai )",Chikoos(Sapota),Sapota,Local,21/09/2026,4000,4000,4000
"Tamil Nadu",Thiruchirappalli,"Manapparai(Uzhavar Sandhai )",Tomato,Other,Local,21/09/2026,3000,3000,3000
"Tamil Nadu",Thiruchirappalli,"Manapparai(Uzhavar Sandhai )","Bottle gourd","Bottle Gourd",Local,21/09/2026,2000,2000,2000
"Tamil Nadu",Thiruchirappalli,"Manapparai(Uzhavar Sandhai )",Carrot,Pusakesar,Local,21/09/2026,5000,5000,5000
"Tamil Nadu",Thiruchirappalli,"Manapparai(Uzhavar Sandhai )",Ridgeguard(Tori),Ridgeguard(Tori),Local,21/09/2026,4600,5000,4800
"Tamil Nadu",Thiruchirappalli,"Manapparai(Uzhavar Sandhai )","Chow Chow","Chow Chow",Local,21/09/2026,4200,4200,4200
"Tamil Nadu",Thiruchirappalli,"Musiri(Uzhavar Sandhai )",Amaranthus,Amaranthus,Local,21/09/2026,2000,2000,2000
"Tamil Nadu",Thiruchirappalli,"Musiri(Uzhavar Sandhai )",Ginger(Green),"Green Ginger",Local,21/09/2026,18000,20000,19000
"Tamil Nadu",Thiruchirappalli,"Musiri(Uzhavar Sandhai )",Coconut,Coconut,Local,21/09/2026,6000,6500,6250
"Tamil Nadu",Thiruchirappalli,"Musiri(Uzhavar Sandhai )",Snakeguard,Snakeguard,Local,21/09/2026,3600,4000,3800
"Tamil Nadu",Thiruchirappalli,"Musiri(Uzhavar Sandhai )",Mango(Raw-Ripe),"Mango - Raw-Ripe",Local,21/09/2026,10000,11000,10500
"Tamil Nadu",Thiruchirappalli,"Musiri(Uzhavar Sandhai )","Elephant Yam(Suran)/Amorphophallus","Elephant Yam (Suran)",Local,21/09/2026,3000,3600,3300
"Tamil Nadu",Thiruchirappalli,"Musiri(Uzhavar Sandhai )","Indian Beans(Seam)","Indian Beans (Seam)",Local,21/09/2026,6000,7000,6500
"Tamil Nadu",Thiruchirappalli,"Musiri(Uzhavar Sandhai )",Lemon,Lemon,Local,21/09/2026,20000,23000,21500
"Tamil Nadu",Thiruchirappalli,"Musiri(Uzhavar Sandhai )",Mashrooms,Mashrooms,Local,21/09/2026,18000,20000,19000
"Tamil Nadu",Thiruchirappalli,"Musiri(Uzhavar Sandhai )","Amla(Nelli Kai)",Amla,Local,21/09/2026,8000,9000,8500
"Tamil Nadu",Thiruchirappalli,"Thiruverumbur(Uzhavar Sandhai )",Potato,Other,Local,21/09/2026,3000,4000,3500
"Tamil Nadu",Thiruchirappalli,"Thiruverumbur(Uzhavar Sandhai )",Garlic,Garlic,Local,21/09/2026,20000,20000,20000
"Tamil Nadu",Thiruchirappalli,"Thiruverumbur(Uzhavar Sandhai )",Cauliflower,Ranchi,Local,21/09/2026,5000,5000,5000
"Tamil Nadu",Thiruchirappalli,"Thiruverumbur(Uzhavar Sandhai )","Bitter gourd",Other,Local,21/09/2026,5600,5600,5600
"Tamil Nadu",Thiruchirappalli,"Thiruverumbur(Uzhavar Sandhai )",Ashgourd,Gouard,Local,21/09/2026,2000,2000,2000
"Tamil Nadu",Thiruchirappalli,"Thiruverumbur(Uzhavar Sandhai )","Green Chilli","Green Chilly",Local,21/09/2026,4600,4600,4600
"Tamil Nadu",Thiruchirappalli,"Thiruverumbur(Uzhavar Sandhai )",Cabbage,Cabbage,Local,21/09/2026,3000,3000,3000
"Tamil Nadu",Thiruchirappalli,"Thiruverumbur(Uzhavar Sandhai )",Capsicum,Capsicum,Local,21/09/2026,5400,5400,5400
"Tamil Nadu",Thiruchirappalli,"Thiruverumbur(Uzhavar Sandhai )",Lemon,Lemon,Local,21/09/2026,30000,30000,30000
"Tamil Nadu",Thiruchirappalli,"Thiruverumbur(Uzhavar Sandhai )","Onion Green","Onion Green",Local,21/09/2026,10000,11000,10500
"Tamil Nadu",Virudhunagar,"Rajapalayam(Uzhavar Sandhai )",Chikoos(Sapota),Sapota,Local,21/09/2026,3000,3500,3250
"Tamil Nadu",Virudhunagar,"Rajapalayam(Uzhavar Sandhai )",Beans,"Beans (Whole)",Local,21/09/2026,9000,10000,9500
"Tamil Nadu",Virudhunagar,"Rajapalayam(Uzhavar Sandhai )",Ridgeguard(Tori),Ridgeguard(Tori),Local,21/09/2026,3000,3500,3250
"Tamil Nadu",Virudhunagar,"Rajapalayam(Uzhavar Sandhai )","Knool Khol","Knool Khol",Local,21/09/2026,5000,6000,5500
"Tamil Nadu",Virudhunagar,"Rajapalayam(Uzhavar Sandhai )","Elephant Yam(Suran)/Amorphophallus","Elephant Yam (Suran)",Local,21/09/2026,4500,5000,4750
"Tamil Nadu",Virudhunagar,"Rajapalayam(Uzhavar Sandhai )",Mint(Pudina),Mint(Pudina),Local,21/09/2026,6000,7000,6500
"Tamil Nadu",Virudhunagar,"Thalavaipuram(Uzhavar Sandhai )",Onion,Bellary,Local,21/09/2026,6500,7500,7000
"Tamil Nadu",Virudhunagar,"Thalavaipuram(Uzhavar Sandhai )",Brinjal,Round,Local,21/09/2026,3000,3500,3250
"Tamil Nadu",Virudhunagar,"Thalavaipuram(Uzhavar Sandhai )",Ginger(Green),"Green Ginger",Local,21/09/2026,8000,10000,9000
"Tamil Nadu",Chengalpattu,"Nanganallur(Uzhavar Sandhai )",Cauliflower,Ranchi,Local,21/09/2026,4500,5000,4750
"Tamil Nadu",Chengalpattu,"Nanganallur(Uzhavar Sandhai )",Tomato,Deshi,Local,21/09/2026,3000,3500,3250
"Tamil Nadu",Chengalpattu,"Nanganallur(Uzhavar Sandhai )","Green Chilli","Green Chilly",Local,21/09/2026,5500,6000,5750
"Tamil Nadu",Chengalpattu,"Nanganallur(Uzhavar Sandhai )",Thondekai,Thondekai,Local,21/09/2026,4500,5000,4750
"Tamil Nadu",Chengalpattu,"Nanganallur(Uzhavar Sandhai )",Rose(Local),"Rose (Local)",Local,21/09/2026,28000,30000,29000
"Tamil Nadu",Chengalpattu,"Pallavaram(Uzhavar Sandhai )",Cauliflower,Ranchi,Local,21/09/2026,2500,3000,2750
"Tamil Nadu",Chengalpattu,"Pallavaram(Uzhavar Sandhai )",Tomato,Deshi,Local,21/09/2026,2500,3000,2750
"Tamil Nadu",Chengalpattu,"Pallavaram(Uzhavar Sandhai )","Cluster beans","Cluster Beans",Local,21/09/2026,4500,5000,4750
"Tamil Nadu",Chengalpattu,"Pallavaram(Uzhavar Sandhai )",Amaranthus,Amaranthus,Local,21/09/2026,2500,3000,2750
"Tamil Nadu",Chengalpattu,"Pallavaram(Uzhavar Sandhai )","Sweet Potato","Hosur Red",Local,21/09/2026,6000,7000,6500
"Tamil Nadu",Chengalpattu,"Pallavaram(Uzhavar Sandhai )",Ridgeguard(Tori),Ridgeguard(Tori),Local,21/09/2026,6000,7000,6500
"Tamil Nadu",Chengalpattu,"Pallavaram(Uzhavar Sandhai )",Thondekai,Thondekai,Local,21/09/2026,4500,5000,4750
"Tamil Nadu",Chengalpattu,"Pallavaram(Uzhavar Sandhai )","Chow Chow","Chow Chow",Local,21/09/2026,2500,3000,2750
"Tamil Nadu",Chengalpattu,"Pallavaram(Uzhavar Sandhai )",Drumstick,Drumstick,Local,21/09/2026,6000,7000,6500
"Tamil Nadu",Chengalpattu,"Pallavaram(Uzhavar Sandhai )","Elephant Yam(Suran)/Amorphophallus","Elephant Yam (Suran)",Local,21/09/2026,5000,6000,5500
"Tamil Nadu","Nagercoil (Kannyiakumari)","Myladi(Uzhavar Sandhai )","Cluster beans","Cluster Beans",Local,21/09/2026,3500,4000,3750
"Tamil Nadu","Nagercoil (Kannyiakumari)","Myladi(Uzhavar Sandhai )",Pumpkin,Pumpkin,Local,21/09/2026,1500,1800,1650
"Tamil Nadu","Nagercoil (Kannyiakumari)","Myladi(Uzhavar Sandhai )","Onion Green","Onion Green",Local,21/09/2026,10000,11000,10500
"Tamil Nadu",Chengalpattu,"Jameenrayapettai(Uzhavar Sandhai )",Banana,"Red Banana",Local,21/09/2026,7000,8000,7500
"Tamil Nadu",Chengalpattu,"Jameenrayapettai(Uzhavar Sandhai )",Cauliflower,Ranchi,Local,21/09/2026,2500,3000,2750
"Tamil Nadu",Chengalpattu,"Jameenrayapettai(Uzhavar Sandhai )","Chow Chow","Chow Chow",Local,21/09/2026,2500,3000,2750
"Tamil Nadu",Chengalpattu,"Jameenrayapettai(Uzhavar Sandhai )","Amla(Nelli Kai)",Amla,Local,21/09/2026,12000,14000,13000
"Tamil Nadu",Villupuram,"Ulundurpettai APMC",Banana,Besrai,Local,21/09/2026,4000,4000,4000
"Tamil Nadu",Villupuram,"Ulundurpettai APMC","Bottle gourd","Bottle Gourd",Local,21/09/2026,2000,2000,2000
"Tamil Nadu",Villupuram,"Ulundurpettai APMC",Snakeguard,Snakeguard,Local,21/09/2026,4000,4000,4000
"Tamil Nadu",Villupuram,"Ulundurpettai APMC",Raddish,Raddish,Local,21/09/2026,5000,5000,5000
"Tamil Nadu",Villupuram,"Ulundurpettai APMC",Thondekai,Thondekai,Local,21/09/2026,5000,5000,5000
"Tamil Nadu",Villupuram,"Ulundurpettai APMC","Onion Green","Onion Green",Local,21/09/2026,7000,7000,7000
"Tamil Nadu",Villupuram,"Vikkiravandi APMC","Ragi(Finger Millet)",Other,Local,21/09/2026,3689,3839,3764
Karnataka,"Bengaluru Rural","Doddaballapur APMC","Black pepper",Other,Medium,21/09/2026,58865,59830,59830
Karnataka,"Bengaluru Rural","Doddaballapur APMC","Green Chilli","Green Chilly",Medium,21/09/2026,4000,5000,4600
Karnataka,"Bengaluru Rural","Doddaballapur APMC",Beans,"Beans (Whole)",Medium,21/09/2026,4000,5000,4500
Karnataka,"Bengaluru Rural","Doddaballapur APMC","Ladies Finger","Ladies Finger",Medium,21/09/2026,1500,2100,1800
Karnataka,"Bengaluru Rural","Doddaballapur APMC",Seemebadnekai,Seemebadanekai,Medium,21/09/2026,3000,3500,3200
Gujarat,"Chhota Udaipur","Kalediya APMC",Cotton,"Shanker 6 (B) 30mm FIne",FAQ,21/09/2026,8950,9125,9025
Gujarat,Gandhinagar,"Mansa(Manas Veg Yard) APMC",Guar,Gwar,Local,21/09/2026,4000,4000,4000
Gujarat,Gandhinagar,"Mansa(Manas Veg Yard) APMC",Cabbage,Other,Local,21/09/2026,1500,2000,2000
Gujarat,Gandhinagar,"Mansa(Manas Veg Yard) APMC","Green Chilli",Other,Local,21/09/2026,2000,2500,2500
Gujarat,"Chhota Udaipur","Modasar APMC",Cotton,"Shanker 6 (B) 30mm FIne",FAQ,21/09/2026,8900,9100,9025
Gujarat,Rajkot,"Dhoraji APMC",Soyabean,Yellow,Non-FAQ,21/09/2026,5125,5430,5400
Gujarat,Rajkot,"Dhoraji APMC","Red gram/Arhar/Tur(whole)",Hybrid,Non-FAQ,21/09/2026,5355,8030,7755
Gujarat,Amreli,"Damnagar APMC",Tomato,Local,Local,21/09/2026,3500,3500,3500
Gujarat,Amreli,"Damnagar APMC",Cauliflower,Cauliflower,Local,21/09/2026,3000,3000,3000
Gujarat,Rajkot,"Gondal(Veg.market Gondal) APMC",Cauliflower,Cauliflower,Local,21/09/2026,500,2500,1500
Gujarat,Rajkot,"Gondal(Veg.market Gondal) APMC",Cabbage,Cabbage,Local,21/09/2026,250,1250,750
Gujarat,Rajkot,"Gondal(Veg.market Gondal) APMC",Lemon,Other,Local,21/09/2026,2500,20000,11250
"Tamil Nadu",Madurai,"Chokkikulam(Uzhavar Sandhai )",Soyabean,Local,Local,21/09/2026,7000,8000,7500
"Tamil Nadu",Madurai,"Chokkikulam(Uzhavar Sandhai )",Apple,American,Local,21/09/2026,18000,27000,22500
"Tamil Nadu",Madurai,"Chokkikulam(Uzhavar Sandhai )",Cauliflower,Ranchi,Local,21/09/2026,3000,3500,3250
"Tamil Nadu",Madurai,"Chokkikulam(Uzhavar Sandhai )","Bottle gourd","Bottle Gourd",Local,21/09/2026,2000,2600,2300
"Tamil Nadu",Madurai,"Chokkikulam(Uzhavar Sandhai )","Bhindi(Ladies Finger)",Bhindi,Local,21/09/2026,2600,3000,2800
"Tamil Nadu",Madurai,"Chokkikulam(Uzhavar Sandhai )",Amaranthus,Amaranthus,Local,21/09/2026,3000,3600,3300
"Tamil Nadu",Madurai,"Chokkikulam(Uzhavar Sandhai )",Snakeguard,Snakeguard,Local,21/09/2026,3600,4000,3800
"Tamil Nadu",Madurai,"Chokkikulam(Uzhavar Sandhai )",Beetroot,Beetroot,Local,21/09/2026,4500,5500,5000
"Tamil Nadu",Madurai,"Chokkikulam(Uzhavar Sandhai )",Ridgeguard(Tori),Ridgeguard(Tori),Local,21/09/2026,3600,4500,4050
"Tamil Nadu",Madurai,"Chokkikulam(Uzhavar Sandhai )",Capsicum,Capsicum,Local,21/09/2026,6000,7000,6500
"Tamil Nadu",Madurai,"Chokkikulam(Uzhavar Sandhai )","Elephant Yam(Suran)/Amorphophallus","Elephant Yam (Suran)",Local,21/09/2026,4500,5000,4750
"Tamil Nadu",Madurai,"Chokkikulam(Uzhavar Sandhai )","Indian Beans(Seam)","Indian Beans (Seam)",Local,21/09/2026,5500,6000,5750
"Tamil Nadu",Madurai,"Chokkikulam(Uzhavar Sandhai )",Lemon,Lemon,Local,21/09/2026,30000,32000,31000
"Tamil Nadu",Madurai,"Chokkikulam(Uzhavar Sandhai )",Colacasia,Colacasia,Local,21/09/2026,5000,6000,5500
Karnataka,Raichur,"Lingasugur APMC","Sunflower/Sunflower Seed",Sunflower,Non-FAQ,21/09/2026,7200,7750,7500
Gujarat,Surat,"Surat APMC",Cabbage,Cabbage,FAQ,21/09/2026,600,1400,1000
Gujarat,Surat,"Surat APMC",Capsicum,Other,FAQ,21/09/2026,2500,4000,3250
Gujarat,Surat,"Surat APMC",Carrot,Carrot,FAQ,21/09/2026,1500,2800,2150
Gujarat,Surat,"Surat APMC","Bhindi(Ladies Finger)",Bhindi,FAQ,21/09/2026,1500,5000,3250
Gujarat,Surat,"Surat APMC","Pea Pod/Pea Cod/हरी मटर",Other,FAQ,21/09/2026,5500,6500,6000
Gujarat,Surat,"Surat APMC","Green Chilli","Green Chilly",FAQ,21/09/2026,1800,3000,2400
Gujarat,Surat,"Surat APMC","Surat Beans(Papadi)",Other,FAQ,21/09/2026,3000,10000,6500
Gujarat,Surat,"Surat APMC","Sweet Potato",Other,FAQ,21/09/2026,2500,4800,3650
Gujarat,Surat,"Surat APMC",Yam(Ratalu),Other,FAQ,21/09/2026,10000,18000,14000
Telangana,Warangal,"Warangal APMC",Brinjal,Brinjal,FAQ,21/09/2026,1600,2000,1800
Telangana,Warangal,"Warangal APMC","Bitter gourd","Bitter Gourd",FAQ,21/09/2026,2000,2500,2250
Telangana,Warangal,"Warangal APMC",Carrot,Carrot,FAQ,21/09/2026,3500,4000,3750
Telangana,Warangal,"Warangal APMC",Cauliflower,Cauliflower,FAQ,21/09/2026,1600,2000,1800
Telangana,Warangal,"Warangal APMC","Green Chilli","Green Chilly",FAQ,21/09/2026,2000,2500,2250
Haryana,Fatehabad,"Fatehabad APMC",Pomegranate,Pomogranate,Local,21/09/2026,8000,8000,8000
"Andhra Pradesh",Prakasam,"Addanki APMC",Maize,Local,FAQ,21/09/2026,2400,2420,2410
"Andhra Pradesh",Tirupathi,"Srikalahasti APMC",Paddy(Common),"Paddy Medium",Local,21/09/2026,2300,2600,2450
"Andhra Pradesh","SPSR Nellore","Kavali APMC",Paddy(Common),Other,Local,21/09/2026,2450,2550,2500
"Andhra Pradesh",Ananthapuramu,"Tadipatri APMC","Red gram/Arhar/Tur(whole)",Local,"Grade Range-1",21/09/2026,5800,5950,5850
"Andhra Pradesh","Sri Sathya Sai","Kadiri APMC","Tamarind Fruit",Other,Local,21/09/2026,13400,22000,18400
Tripura,Dhalai,"Chowmanu APMC",Cucumbar(Kheera),Cucumbar,Local,21/09/2026,5000,6000,5500
Uttarakhand,Haridwar,"Roorkee APMC","Bottle gourd",Other,Local,21/09/2026,650,850,750
Maharashtra,Pune,"Pune(Moshi) ",Spinach,Other,Local,21/09/2026,10,10,10
Maharashtra,Pune,"Pune(Moshi) ","Sweet Potato",Other,Local,21/09/2026,2000,2000,2000
Maharashtra,Pune,"Pune(Moshi) ",Drumstick,Other,Local,21/09/2026,3000,4000,3500
Maharashtra,Pune,"Pune(Moshi) ",Ginger(Green),Other,Local,21/09/2026,10000,12000,11000
Maharashtra,Pune,"Pune(Moshi) ","Bitter gourd",Other,Local,21/09/2026,2000,4000,3000
Maharashtra,Pune,"Pune(Moshi) ",Cabbage,Other,Local,21/09/2026,500,2000,1250
Maharashtra,Pune,"Pune(Moshi) ","Chilly Capsicum",Other,Local,21/09/2026,3000,4000,3500
Maharashtra,Ratnagiri,"APMC Ratnagiri (Nachane) ",Tomato,Other,Local,21/09/2026,1000,1600,1200
Maharashtra,Ratnagiri,"APMC Ratnagiri (Nachane) ",Cauliflower,Other,Local,21/09/2026,2000,3000,2500
"Tamil Nadu",Erode,"Thalavadi(Uzhavar Sandhai )",Thondekai,Thondekai,Local,21/09/2026,2400,2800,2600
"Tamil Nadu",Cuddalore,"Viruthachalam(Uzhavar Sandhai )",Potato,"Red Nanital",Local,21/09/2026,4000,4000,4000
"Tamil Nadu",Cuddalore,"Viruthachalam(Uzhavar Sandhai )","Bottle gourd","Bottle Gourd",Local,21/09/2026,3000,3000,3000
"Tamil Nadu",Cuddalore,"Viruthachalam(Uzhavar Sandhai )",Ashgourd,Gouard,Local,21/09/2026,2000,2500,2250
"Tamil Nadu",Cuddalore,"Viruthachalam(Uzhavar Sandhai )",Amaranthus,Amaranthus,Local,21/09/2026,2000,2500,2250
"Tamil Nadu",Cuddalore,"Viruthachalam(Uzhavar Sandhai )","Green Chilli","Green Chilly",Local,21/09/2026,5000,5000,5000
"Tamil Nadu",Cuddalore,"Viruthachalam(Uzhavar Sandhai )",Cabbage,Cabbage,Local,21/09/2026,3000,3000,3000
"Tamil Nadu",Cuddalore,"Viruthachalam(Uzhavar Sandhai )",Raddish,Raddish,Local,21/09/2026,3000,3000,3000
"Tamil Nadu",Krishnagiri,"Krishnagiri(Uzhavar Sandhai )",Brinjal,Round,Local,21/09/2026,1500,2000,1750
"Tamil Nadu",Krishnagiri,"Krishnagiri(Uzhavar Sandhai )",Papaya,Papaya,Local,21/09/2026,3000,3600,3300
"Tamil Nadu",Krishnagiri,"Krishnagiri(Uzhavar Sandhai )","Water Melon","Water Melon",Local,21/09/2026,1500,2000,1750
"Tamil Nadu",Krishnagiri,"Krishnagiri(Uzhavar Sandhai )","Bitter gourd","Bitter Gourd",Local,21/09/2026,2500,3000,2750
"Tamil Nadu",Krishnagiri,"Krishnagiri(Uzhavar Sandhai )","Banana - Green","Banana - Green",Local,21/09/2026,2500,3000,2750
"Tamil Nadu",Krishnagiri,"Krishnagiri(Uzhavar Sandhai )",Beans,"Beans (Whole)",Local,21/09/2026,7000,8000,7500
"Tamil Nadu",Krishnagiri,"Krishnagiri(Uzhavar Sandhai )",Carrot,Pusakesar,Local,21/09/2026,7000,7500,7250
"Tamil Nadu",Krishnagiri,"Krishnagiri(Uzhavar Sandhai )",Snakeguard,Snakeguard,Local,21/09/2026,2500,3000,2750
"Tamil Nadu",Krishnagiri,"Krishnagiri(Uzhavar Sandhai )",Beetroot,Beetroot,Local,21/09/2026,4000,4500,4250
"Tamil Nadu",Krishnagiri,"Krishnagiri(Uzhavar Sandhai )",Cucumbar(Kheera),Cucumbar,Local,21/09/2026,2000,2400,2200
"Tamil Nadu",Krishnagiri,"Krishnagiri(Uzhavar Sandhai )",Raddish,Raddish,Local,21/09/2026,1500,1800,1650
"Tamil Nadu",Krishnagiri,"Krishnagiri(Uzhavar Sandhai )",Thondekai,Thondekai,Local,21/09/2026,3000,4000,3500
"Tamil Nadu",Krishnagiri,"Krishnagiri(Uzhavar Sandhai )",Capsicum,Capsicum,Local,21/09/2026,4000,5000,4500
"Tamil Nadu",Krishnagiri,"Krishnagiri(Uzhavar Sandhai )","Knool Khol","Knool Khol",Local,21/09/2026,4000,5000,4500
"Tamil Nadu",Krishnagiri,"Krishnagiri(Uzhavar Sandhai )",Guava,"Guava Allahabad",Local,21/09/2026,7000,8000,7500
"Tamil Nadu",Krishnagiri,"Krishnagiri(Uzhavar Sandhai )","Onion Green","Onion Green",Local,21/09/2026,7000,8000,7500
"Tamil Nadu",Nagapattinam,"Nagapattinam(Uzhavar Sandhai )",Mango,Other,Local,21/09/2026,5400,6500,5950
"Tamil Nadu",Nagapattinam,"Nagapattinam(Uzhavar Sandhai )",Coriander(Leaves),"I Sort",Local,21/09/2026,3700,3700,3700
"Tamil Nadu",Nagapattinam,"Nagapattinam(Uzhavar Sandhai )",Tomato,Deshi,Local,21/09/2026,3000,3500,3250
"Tamil Nadu",Nagapattinam,"Nagapattinam(Uzhavar Sandhai )","Green Chilli","Green Chilly",Local,21/09/2026,5600,6500,6050
"Tamil Nadu",Nagapattinam,"Nagapattinam(Uzhavar Sandhai )",Coconut,Coconut,Local,21/09/2026,4800,5500,5150
"Tamil Nadu",Nagapattinam,"Nagapattinam(Uzhavar Sandhai )",Cabbage,Cabbage,Local,21/09/2026,3500,4000,3750
"Tamil Nadu",Nagapattinam,"Nagapattinam(Uzhavar Sandhai )",Drumstick,Drumstick,Local,21/09/2026,3900,3900,3900
"Tamil Nadu",Nagapattinam,"Nagapattinam(Uzhavar Sandhai )","Elephant Yam(Suran)/Amorphophallus","Elephant Yam (Suran)",Local,21/09/2026,6600,7500,7050
"Tamil Nadu",Pudukkottai,"Pudukottai(Uzhavar Sandhai )",Garlic,Garlic,Local,21/09/2026,28000,30000,29000
"Tamil Nadu",Pudukkottai,"Pudukottai(Uzhavar Sandhai )",Papaya,Papaya,Local,21/09/2026,4000,5000,4500
"Tamil Nadu",Pudukkottai,"Pudukottai(Uzhavar Sandhai )",Tomato,Deshi,Local,21/09/2026,3000,3200,3100
"Tamil Nadu",Pudukkottai,"Pudukottai(Uzhavar Sandhai )","Cluster beans","Cluster Beans",Local,21/09/2026,4000,4500,4250
"Tamil Nadu",Pudukkottai,"Pudukottai(Uzhavar Sandhai )","Bottle gourd","Bottle Gourd",Local,21/09/2026,2000,2500,2250
"Tamil Nadu",Pudukkottai,"Pudukottai(Uzhavar Sandhai )",Ashgourd,Gouard,Local,21/09/2026,1000,1500,1250
"Tamil Nadu",Pudukkottai,"Pudukottai(Uzhavar Sandhai )","Green Avare(W)",Other,Local,21/09/2026,8000,9000,8500
"Tamil Nadu",Pudukkottai,"Pudukottai(Uzhavar Sandhai )",Pomegranate,Pomogranate,Local,21/09/2026,17000,18000,17500
"Tamil Nadu",Pudukkottai,"Pudukottai(Uzhavar Sandhai )",Mint(Pudina),Mint(Pudina),Local,21/09/2026,4000,5000,4500
"Tamil Nadu",Thanjavur,"Kumbakonam (Uzhavar Sandhai )",Banana,Besrai,Local,21/09/2026,4000,4000,4000
"Tamil Nadu",Thanjavur,"Kumbakonam (Uzhavar Sandhai )",Potato,"Red Nanital",Local,21/09/2026,3000,3600,3300
"Tamil Nadu",Thanjavur,"Kumbakonam (Uzhavar Sandhai )",Cauliflower,Ranchi,Local,21/09/2026,4800,4800,4800
"Tamil Nadu",Thanjavur,"Kumbakonam (Uzhavar Sandhai )",Coriander(Leaves),"I Sort",Local,21/09/2026,4800,4800,4800
"Tamil Nadu",Thanjavur,"Kumbakonam (Uzhavar Sandhai )",Tomato,Deshi,Local,21/09/2026,3000,3600,3300
"Tamil Nadu",Thanjavur,"Kumbakonam (Uzhavar Sandhai )","Cluster beans","Cluster Beans",Local,21/09/2026,4800,4800,4800
"Tamil Nadu",Thanjavur,"Kumbakonam (Uzhavar Sandhai )",Pumpkin,Pumpkin,Local,21/09/2026,2400,2400,2400
"Tamil Nadu",Thanjavur,"Kumbakonam (Uzhavar Sandhai )",Ginger(Green),"Green Ginger",Local,21/09/2026,9600,21600,15600
"Tamil Nadu",Thanjavur,"Kumbakonam (Uzhavar Sandhai )",Carrot,Pusakesar,Local,21/09/2026,7200,7200,7200
"Tamil Nadu",Thanjavur,"Kumbakonam (Uzhavar Sandhai )",Beetroot,Beetroot,Local,21/09/2026,3600,4800,4200
"Tamil Nadu",Thanjavur,"Kumbakonam (Uzhavar Sandhai )",Drumstick,Drumstick,Local,21/09/2026,6000,6000,6000
"Tamil Nadu",Thanjavur,"Kumbakonam (Uzhavar Sandhai )",Mashrooms,Mashrooms,Local,21/09/2026,30000,30000,30000
"Tamil Nadu","The Nilgiris","Udhagamandalam(Uzhavar Sandhai )",Banana,Besrai,Local,21/09/2026,4000,5000,4500
"Tamil Nadu","The Nilgiris","Udhagamandalam(Uzhavar Sandhai )","Mousambi(Sweet Lime)",Mousambi,Local,21/09/2026,7000,8000,7500
"Tamil Nadu","The Nilgiris","Udhagamandalam(Uzhavar Sandhai )","Bhindi(Ladies Finger)",Bhindi,Local,21/09/2026,4000,4200,4100
"Tamil Nadu","The Nilgiris","Udhagamandalam(Uzhavar Sandhai )",Amaranthus,Amaranthus,Local,21/09/2026,5500,6000,5750
"Tamil Nadu","The Nilgiris","Udhagamandalam(Uzhavar Sandhai )",Ginger(Green),"Green Ginger",Local,21/09/2026,10000,16000,13000
"Tamil Nadu","The Nilgiris","Udhagamandalam(Uzhavar Sandhai )","Sweet Potato","Hosur Red",Local,21/09/2026,4000,4500,4250
"Tamil Nadu","The Nilgiris","Udhagamandalam(Uzhavar Sandhai )","Green Avare(W)","Green Avare (W)",Local,21/09/2026,6000,6500,6250
"Tamil Nadu","The Nilgiris","Udhagamandalam(Uzhavar Sandhai )",Lemon,Lemon,Local,21/09/2026,25000,26000,25500
"Tamil Nadu",Theni,"Bodinayakanur(Uzhavar Sandhai )",Cauliflower,Ranchi,Local,21/09/2026,3500,3500,3500
"Tamil Nadu",Theni,"Bodinayakanur(Uzhavar Sandhai )",Coriander(Leaves),"I Sort",Local,21/09/2026,3000,3000,3000
"Tamil Nadu",Theni,"Bodinayakanur(Uzhavar Sandhai )","Bitter gourd","Bitter Gourd",Local,21/09/2026,4000,4000,4000
"Tamil Nadu",Theni,"Bodinayakanur(Uzhavar Sandhai )","Bottle gourd","Bottle Gourd",Local,21/09/2026,1600,1600,1600
"Tamil Nadu",Theni,"Bodinayakanur(Uzhavar Sandhai )","Green Chilli","Green Chilly",Local,21/09/2026,5000,5000,5000
"Tamil Nadu",Theni,"Bodinayakanur(Uzhavar Sandhai )","Banana - Green","Banana - Green",Local,21/09/2026,3600,3600,3600
"Tamil Nadu",Theni,"Bodinayakanur(Uzhavar Sandhai )","Elephant Yam(Suran)/Amorphophallus","Elephant Yam (Suran)",Local,21/09/2026,4000,4000,4000
"Tamil Nadu",Theni,"Bodinayakanur(Uzhavar Sandhai )",Lemon,Lemon,Local,21/09/2026,22000,22000,22000
Punjab,"Ropar (Rupnagar)","Morinda APMC",Carrot,Carrot,Local,21/09/2026,2000,2200,2100
Punjab,"Ropar (Rupnagar)","Morinda APMC",Beetroot,Beetroot,Local,21/09/2026,1750,2250,2000
"West Bengal",Bankura,"Bishnupur(Bankura) APMC",Brinjal,Brinjal,FAQ,21/09/2026,3000,4000,3500
"West Bengal",Bankura,"Bishnupur(Bankura) APMC",Mustard,Mustard,FAQ,21/09/2026,6000,6700,6300
"West Bengal",Bankura,"Bishnupur(Bankura) APMC",Rice,Fine,FAQ,21/09/2026,4600,4800,4700
"Tamil Nadu",Thiruvarur,"Tiruvarur(Uzhavar Sandhai )",Brinjal,Round,Local,21/09/2026,4000,4000,4000
"Tamil Nadu",Thiruvarur,"Tiruvarur(Uzhavar Sandhai )","Bhindi(Ladies Finger)",Bhindi,Local,21/09/2026,3800,3800,3800
"Tamil Nadu",Thiruvarur,"Tiruvarur(Uzhavar Sandhai )",Amaranthus,Amaranthus,Local,21/09/2026,2000,2000,2000
"Tamil Nadu",Thiruvarur,"Tiruvarur(Uzhavar Sandhai )",Coconut,Coconut,Local,21/09/2026,5000,5000,5000
"Tamil Nadu",Thiruvarur,"Tiruvarur(Uzhavar Sandhai )",Lemon,Lemon,Local,21/09/2026,22000,22000,22000
Bihar,"East Champaran/ Motihari","Raxaul APMC",Onion,"1st Sort","Grade A",21/09/2026,4300,4500,4400
Bihar,"East Champaran/ Motihari","Raxaul APMC",Potato,"Red Nanital","Grade A",21/09/2026,1400,1600,1500
"Tamil Nadu",Virudhunagar,"Aruppukottai(Uzhavar Sandhai )",Onion,Bellary,Local,21/09/2026,6500,7000,6750
"Tamil Nadu",Virudhunagar,"Aruppukottai(Uzhavar Sandhai )",Garlic,Garlic,Local,21/09/2026,23000,24000,23500
"Tamil Nadu",Virudhunagar,"Aruppukottai(Uzhavar Sandhai )",Cauliflower,Ranchi,Local,21/09/2026,3500,4000,3750
"Tamil Nadu",Virudhunagar,"Aruppukottai(Uzhavar Sandhai )",Brinjal,Round,Local,21/09/2026,3500,4000,3750
"Tamil Nadu",Virudhunagar,"Aruppukottai(Uzhavar Sandhai )",Coriander(Leaves),"I Sort",Local,21/09/2026,3500,4000,3750
"Tamil Nadu",Virudhunagar,"Aruppukottai(Uzhavar Sandhai )",Thondekai,Thondekai,Local,21/09/2026,3500,4000,3750
"Tamil Nadu",Virudhunagar,"Aruppukottai(Uzhavar Sandhai )",Lemon,Lemon,Local,21/09/2026,21000,22000,21500
"Tamil Nadu",Villupuram,"Gingee(Uzhavar Sandhai )",Papaya,Papaya,Local,21/09/2026,5000,5000,5000
"Tamil Nadu",Villupuram,"Gingee(Uzhavar Sandhai )",Ashgourd,Gouard,Local,21/09/2026,2000,2000,2000
"Tamil Nadu",Villupuram,"Gingee(Uzhavar Sandhai )","Banana - Green","Banana - Green",Local,21/09/2026,4000,4000,4000
"Tamil Nadu",Villupuram,"Gingee(Uzhavar Sandhai )",Ridgeguard(Tori),Ridgeguard(Tori),Local,21/09/2026,4000,4000,4000
"Tamil Nadu",Villupuram,"Gingee(Uzhavar Sandhai )",Raddish,Raddish,Local,21/09/2026,4000,4000,4000
"Tamil Nadu",Villupuram,"Gingee(Uzhavar Sandhai )","Green Avare(W)","Green Avare (W)",Local,21/09/2026,7000,7000,7000
"Tamil Nadu",Villupuram,"Gingee(Uzhavar Sandhai )","Chow Chow","Chow Chow",Local,21/09/2026,4500,4500,4500
"Tamil Nadu",Villupuram,"Gingee(Uzhavar Sandhai )",Guava,"Guava Allahabad",Local,21/09/2026,8000,9000,8500
"Tamil Nadu",Villupuram,"Gingee(Uzhavar Sandhai )",Mint(Pudina),Mint(Pudina),Local,21/09/2026,4000,4000,4000
"Tamil Nadu",Thiruvarur,"Valangaiman APMC",Tomato,Deshi,Local,21/09/2026,3000,3000,3000
"Tamil Nadu",Thiruvarur,"Valangaiman APMC","Banana - Green","Banana - Green",Local,21/09/2026,4000,4000,4000
"Madhya Pradesh",Shivpuri,"Karera(F&V) APMC","Bottle gourd","Bottle Gourd",Local,21/09/2026,800,1300,1100
"Tamil Nadu",Madurai,"Thirumangalam(Uzhavar Sandhai )",Pumpkin,Pumpkin,Local,21/09/2026,1600,2000,1800
"Tamil Nadu",Madurai,"Thirumangalam(Uzhavar Sandhai )","Green Chilli","Green Chilly",Local,21/09/2026,4000,4800,4400
"Tamil Nadu",Madurai,"Thirumangalam(Uzhavar Sandhai )",Coconut,Coconut,Local,21/09/2026,6800,7000,6900
"Tamil Nadu",Madurai,"Thirumangalam(Uzhavar Sandhai )",Snakeguard,Snakeguard,Local,21/09/2026,3000,3600,3300
"Tamil Nadu",Madurai,"Thirumangalam(Uzhavar Sandhai )",Drumstick,Drumstick,Local,21/09/2026,5000,6000,5500
"Tamil Nadu",Madurai,"Melur(Uzhavar Sandhai )",Banana,Besrai,Local,21/09/2026,4000,5000,4500
"Tamil Nadu",Madurai,"Melur(Uzhavar Sandhai )",Coriander(Leaves),"I Sort",Local,21/09/2026,5000,5500,5250
"Tamil Nadu",Madurai,"Melur(Uzhavar Sandhai )",Chikoos(Sapota),Sapota,Local,21/09/2026,4000,6000,5000
"Tamil Nadu",Madurai,"Melur(Uzhavar Sandhai )",Ashgourd,Gouard,Local,21/09/2026,1600,1800,1700
"Tamil Nadu",Madurai,"Melur(Uzhavar Sandhai )","Banana - Green","Banana - Green",Local,21/09/2026,1800,2300,2050
"Tamil Nadu",Madurai,"Melur(Uzhavar Sandhai )",Mango(Raw-Ripe),"Mango - Raw-Ripe",Local,21/09/2026,12000,13000,12500
"Tamil Nadu",Madurai,"Melur(Uzhavar Sandhai )","Amla(Nelli Kai)",Amla,Local,21/09/2026,8000,9000,8500
"Tamil Nadu",Karur,"Gandhigramam(Uzhavar Sandhai)",Potato,Other,Local,21/09/2026,4000,6000,5000
"Tamil Nadu",Karur,"Gandhigramam(Uzhavar Sandhai)",Chikoos(Sapota),Sapota,Local,21/09/2026,5500,6000,5750
"Tamil Nadu",Karur,"Gandhigramam(Uzhavar Sandhai)",Papaya,Papaya,Local,21/09/2026,4500,5000,4750
"Tamil Nadu",Karur,"Gandhigramam(Uzhavar Sandhai)","Bitter gourd",Other,Local,21/09/2026,5000,5500,5250
"Tamil Nadu",Karur,"Gandhigramam(Uzhavar Sandhai)","Banana - Green","Banana - Green",Local,21/09/2026,2000,3000,2500
"Tamil Nadu",Karur,"Gandhigramam(Uzhavar Sandhai)",Carrot,Pusakesar,Local,21/09/2026,4500,5000,4750
"Tamil Nadu",Karur,"Gandhigramam(Uzhavar Sandhai)",Cabbage,Cabbage,Local,21/09/2026,3500,4000,3750
"Tamil Nadu",Karur,"Gandhigramam(Uzhavar Sandhai)",Guava,"Guava Allahabad",Local,21/09/2026,6000,7000,6500
"Tamil Nadu",Karur,"Gandhigramam(Uzhavar Sandhai)","Onion Green","Onion Green",Local,21/09/2026,8500,9500,9000
"Tamil Nadu",Salem,"Vazhapadi(Uzhavar Sandhai)",Pumpkin,Pumpkin,Local,21/09/2026,3000,3000,3000
"Tamil Nadu",Salem,"Vazhapadi(Uzhavar Sandhai)",Amaranthus,Amaranthus,Local,21/09/2026,2000,2400,2200
"Tamil Nadu",Salem,"Vazhapadi(Uzhavar Sandhai)",Cabbage,Cabbage,Local,21/09/2026,3000,3400,3200
"Tamil Nadu",Salem,"Vazhapadi(Uzhavar Sandhai)",Drumstick,Drumstick,Local,21/09/2026,3500,3500,3500
"Tamil Nadu",Salem,"Vazhapadi(Uzhavar Sandhai)",Jasmine,Jasmine,Local,21/09/2026,70000,70000,70000
"Tamil Nadu",Pudukkottai,"Aranthangi(Uzhavar Sandhai )",Banana,Karpura,Local,21/09/2026,4500,5000,4750
"Tamil Nadu",Pudukkottai,"Aranthangi(Uzhavar Sandhai )",Brinjal,Other,Local,21/09/2026,5000,6000,5500
"Tamil Nadu",Pudukkottai,"Aranthangi(Uzhavar Sandhai )",Ridgeguard(Tori),Ridgeguard(Tori),Local,21/09/2026,4500,5000,4750
"Tamil Nadu",Pudukkottai,"Aranthangi(Uzhavar Sandhai )",Drumstick,Drumstick,Local,21/09/2026,4500,5000,4750
"Andhra Pradesh",Annamayya,"B.Kothakota H/Q Angallu",Tomato,Local,FAQ,21/09/2026,1300,2200,1800
"Tamil Nadu",Nagapattinam,"Vedaranyam(Uzhavar Sandhai)",Banana,Poovan,Local,21/09/2026,4000,4500,4250
"Tamil Nadu",Nagapattinam,"Vedaranyam(Uzhavar Sandhai)",Onion,Bellary,Local,21/09/2026,4500,5000,4750
"Tamil Nadu",Nagapattinam,"Vedaranyam(Uzhavar Sandhai)",Ginger(Green),"Green Ginger",Local,21/09/2026,15000,17000,16000
"Tamil Nadu",Nagapattinam,"Vedaranyam(Uzhavar Sandhai)",Snakeguard,Snakeguard,Local,21/09/2026,4000,4000,4000
"Tamil Nadu",Nagapattinam,"Vedaranyam(Uzhavar Sandhai)",Ridgeguard(Tori),Ridgeguard(Tori),Local,21/09/2026,4400,5000,4700
"Tamil Nadu",Nagapattinam,"Vedaranyam(Uzhavar Sandhai)",Raddish,Raddish,Local,21/09/2026,3000,3500,3250
"Tamil Nadu",Vellore,"Perampet(Uzhavar Sandhai)",Groundnut,"Big (With Shell)",Local,21/09/2026,7000,7600,7300
"Tamil Nadu",Vellore,"Perampet(Uzhavar Sandhai)","Bottle gourd","Bottle Gourd",Local,21/09/2026,1500,1500,1500
"Tamil Nadu",Vellore,"Perampet(Uzhavar Sandhai)",Cowpea(Veg),"Cowpea (Veg)",Local,21/09/2026,5000,5600,5300
"Tamil Nadu",Vellore,"Perampet(Uzhavar Sandhai)",Cucumbar(Kheera),Cucumbar,Local,21/09/2026,3500,4000,3750
"Tamil Nadu",Vellore,"Perampet(Uzhavar Sandhai)","Green Avare(W)","Green Avare (W)",Local,21/09/2026,6000,6600,6300
"Tamil Nadu",Vellore,"Perampet(Uzhavar Sandhai)",Lemon,Lemon,Local,21/09/2026,13000,14000,13500
"Tamil Nadu",Vellore,"Perampet(Uzhavar Sandhai)",Colacasia,Colacasia,Local,21/09/2026,5000,5600,5300
"Tamil Nadu",Vellore,"Perampet(Uzhavar Sandhai)","Sweet Corn ","Sweet Corn ",Local,21/09/2026,3000,3000,3000
"Tamil Nadu",Karur,"Kulithalai(Uzhavar Sandhai )",Onion,Bellary,Local,21/09/2026,3800,6500,5150
"Tamil Nadu",Karur,"Kulithalai(Uzhavar Sandhai )","Cluster beans","Cluster Beans",Local,21/09/2026,3000,3600,3300
"Tamil Nadu",Karur,"Kulithalai(Uzhavar Sandhai )",Ginger(Green),"Green Ginger",Local,21/09/2026,15000,19000,17000
"Tamil Nadu",Karur,"Kulithalai(Uzhavar Sandhai )","Sweet Potato","Hosur Red",Local,21/09/2026,2000,3000,2500
"Tamil Nadu",Karur,"Kulithalai(Uzhavar Sandhai )",Cabbage,Cabbage,Local,21/09/2026,3000,3500,3250
"Tamil Nadu",Karur,"Kulithalai(Uzhavar Sandhai )",Thondekai,Thondekai,Local,21/09/2026,4000,5000,4500
"Tamil Nadu",Karur,"Kulithalai(Uzhavar Sandhai )","Knool Khol","Knool Khol",Local,21/09/2026,3500,5000,4250
"Tamil Nadu",Karur,"Kulithalai(Uzhavar Sandhai )",Lemon,Lemon,Local,21/09/2026,24000,28000,26000
"Tamil Nadu",Karur,"Kulithalai(Uzhavar Sandhai )","Onion Green","Onion Green",Local,21/09/2026,6800,9000,7900
"Tamil Nadu",Karur,"Kulithalai(Uzhavar Sandhai )","Baby Corn","Baby Corn","Grade A",21/09/2026,4000,5000,4500
"Andhra Pradesh","East Godavari","Mandapeta APMC",Paddy(Common),1001,FAQ,21/09/2026,2369,2400,2389
"Tamil Nadu",Thirupur,"Dharapuram(Uzhavar Sandhai )",Banana,Besrai,Local,21/09/2026,4000,5000,4500
"Tamil Nadu",Thirupur,"Dharapuram(Uzhavar Sandhai )",Brinjal,Round,Local,21/09/2026,5000,5500,5250
"Tamil Nadu",Thirupur,"Dharapuram(Uzhavar Sandhai )",Coriander(Leaves),"I Sort",Local,21/09/2026,4000,4800,4400
"Tamil Nadu",Thirupur,"Dharapuram(Uzhavar Sandhai )","Bitter gourd","Bitter Gourd",Local,21/09/2026,5500,6000,5750
"Tamil Nadu",Thirupur,"Dharapuram(Uzhavar Sandhai )",Lemon,Lemon,Local,21/09/2026,20000,28000,24000
"Tamil Nadu",Thirupur,"Palladam(Uzhavar Sandhai )",Potato,Other,Local,21/09/2026,2500,3000,2750
"Tamil Nadu",Thirupur,"Palladam(Uzhavar Sandhai )",Amaranthus,Amaranthus,Local,21/09/2026,2500,3000,2750
"Tamil Nadu",Thirupur,"Palladam(Uzhavar Sandhai )",Ginger(Green),"Green Ginger",Local,21/09/2026,8000,9000,8500
"Tamil Nadu",Thirupur,"Palladam(Uzhavar Sandhai )",Coconut,Coconut,Local,21/09/2026,5500,6000,5750
"Tamil Nadu",Thirupur,"Palladam(Uzhavar Sandhai )",Snakeguard,Snakeguard,Local,21/09/2026,3500,4000,3750
"Tamil Nadu",Thirupur,"Palladam(Uzhavar Sandhai )",Beetroot,Beetroot,Local,21/09/2026,2500,3000,2750
"Tamil Nadu",Thirupur,"Palladam(Uzhavar Sandhai )",Ridgeguard(Tori),Ridgeguard(Tori),Local,21/09/2026,4000,5000,4500
"Tamil Nadu",Thirupur,"Palladam(Uzhavar Sandhai )","Chow Chow","Chow Chow",Local,21/09/2026,2500,3000,2750
"Tamil Nadu",Kallakuruchi,"Kallakurichi(Uzhavar Sandhai )",Banana,"Red Banana",Local,21/09/2026,7000,7000,7000
"Tamil Nadu",Kallakuruchi,"Kallakurichi(Uzhavar Sandhai )",Cauliflower,Ranchi,Local,21/09/2026,3000,3000,3000
"Tamil Nadu",Kallakuruchi,"Kallakurichi(Uzhavar Sandhai )","Bhindi(Ladies Finger)",Bhindi,Local,21/09/2026,3000,3000,3000
"Tamil Nadu",Kallakuruchi,"Kallakurichi(Uzhavar Sandhai )",Beans,"Beans (Whole)",Local,21/09/2026,10000,10000,10000
"Tamil Nadu",Kallakuruchi,"Kallakurichi(Uzhavar Sandhai )",Carrot,Pusakesar,Local,21/09/2026,8000,8000,8000
"Tamil Nadu",Kallakuruchi,"Kallakurichi(Uzhavar Sandhai )",Cabbage,Cabbage,Local,21/09/2026,4000,4000,4000
"Tamil Nadu",Kallakuruchi,"Kallakurichi(Uzhavar Sandhai )",Snakeguard,Snakeguard,Local,21/09/2026,4000,4000,4000
"Tamil Nadu",Kallakuruchi,"Kallakurichi(Uzhavar Sandhai )",Thondekai,Thondekai,Local,21/09/2026,5000,5000,5000
"Tamil Nadu",Kallakuruchi,"Kallakurichi(Uzhavar Sandhai )","Knool Khol","Knool Khol",Local,21/09/2026,7000,7000,7000
"Tamil Nadu",Kallakuruchi,"Kallakurichi(Uzhavar Sandhai )",Guava,"Guava Allahabad",Local,21/09/2026,6000,6000,6000
"Tamil Nadu",Kallakuruchi,"Kallakurichi(Uzhavar Sandhai )","Elephant Yam(Suran)/Amorphophallus","Elephant Yam (Suran)",Local,21/09/2026,4000,4000,4000
"Tamil Nadu",Kallakuruchi,"Kallakurichi(Uzhavar Sandhai )",Colacasia,Colacasia,Local,21/09/2026,4000,4000,4000
Bihar,Muzaffarpur,"Bhagwanpur Mandi APMC",Onion,"1st Sort","Grade A",21/09/2026,4500,4500,4500
Bihar,Muzaffarpur,"Bhagwanpur Mandi APMC",Potato,Jyoti,FAQ,21/09/2026,1200,1200,1200
Haryana,Panipat,"Panipat APMC",Paddy(Common),"Basmati 1509",Local,21/09/2026,3750,4000,3890
Haryana,Panipat,"Panipat APMC",Cabbage,Other,Local,21/09/2026,1800,2000,1900
"Andhra Pradesh",Kurnool,"Mantralayam APMC",Cotton,Bramha,FAQ,21/09/2026,4000,9600,9200
"Andhra Pradesh",Srikakulam,"Hiramandalam APMC",Maize,Medium,Local,21/09/2026,2200,2200,2200
"Andhra Pradesh",Bapatla,"Chirala APMC",Paddy(Common),"B P T",Local,21/09/2026,2400,2500,2450
"Andhra Pradesh",Palnadu,"Macharla APMC","Red gram/Arhar/Tur(whole)",Local,"Grade Range-1",21/09/2026,8300,8300,8300
"Andhra Pradesh",Srikakulam,"Kothabommali APMC",Paddy(Common),Paddy,Local,21/09/2026,3500,3500,3500
"Andhra Pradesh",Ananthapuramu,"Kalyandurg APMC",Groundnut,Local,"Grade Range-1",21/09/2026,8000,8500,8300
"Andhra Pradesh",Eluru,"Polavaram APMC",Paddy(Common),1001,Local,21/09/2026,2445,2445,2445
"Andhra Pradesh",Anakapally,"Yellamanchili APMC",Paddy(Common),1001,Local,21/09/2026,2390,2450,2400
"Andhra Pradesh",Kakinada,"Tuni APMC",Cashewnuts,Local(Raw),FAQ,21/09/2026,13000,13000,13000
"Andhra Pradesh",Guntur,"Phirangipuram APMC",Cotton,"Cotton (Unginned)",Local,21/09/2026,7500,8750,8100
"Tamil Nadu",Salem,"Athur(Uzhavar Sandhai )",Garlic,Garlic,Local,21/09/2026,20000,22000,21000
"Tamil Nadu",Salem,"Athur(Uzhavar Sandhai )","Green Chilli","Green Chilly",Local,21/09/2026,4500,5000,4750
"Tamil Nadu",Salem,"Athur(Uzhavar Sandhai )","Banana - Green","Banana - Green",Local,21/09/2026,2000,2400,2200
"Tamil Nadu",Salem,"Athur(Uzhavar Sandhai )",Beans,"Beans (Whole)",Local,21/09/2026,8000,9000,8500
"Tamil Nadu",Salem,"Athur(Uzhavar Sandhai )",Snakeguard,Snakeguard,Local,21/09/2026,2000,2500,2250
"Tamil Nadu",Salem,"Athur(Uzhavar Sandhai )",Cucumbar(Kheera),Cucumbar,Local,21/09/2026,5000,6000,5500
"Tamil Nadu",Salem,"Athur(Uzhavar Sandhai )",Ridgeguard(Tori),Ridgeguard(Tori),Local,21/09/2026,4000,4500,4250
"Tamil Nadu",Salem,"Athur(Uzhavar Sandhai )",Thondekai,Thondekai,Local,21/09/2026,4000,4500,4250
"Tamil Nadu",Salem,"Athur(Uzhavar Sandhai )","Custard Apple(Sharifa)","Custard Apple(Sharifa)",Local,21/09/2026,3500,4000,3750
"Tamil Nadu",Salem,"Athur(Uzhavar Sandhai )","Amla(Nelli Kai)",Amla,Local,21/09/2026,7000,8000,7500
"Tamil Nadu",Theni,"Periyakulam(Uzhavar Sandhai )",Banana,Karpura,Local,21/09/2026,5500,6000,5750
"Tamil Nadu",Theni,"Periyakulam(Uzhavar Sandhai )",Cauliflower,Ranchi,Local,21/09/2026,3000,3500,3250
"Tamil Nadu",Theni,"Periyakulam(Uzhavar Sandhai )",Tomato,Other,Local,21/09/2026,2300,2500,2400
"Tamil Nadu",Theni,"Periyakulam(Uzhavar Sandhai )","Cluster beans","Cluster Beans",Local,21/09/2026,2800,3000,2900
"Tamil Nadu",Theni,"Periyakulam(Uzhavar Sandhai )","Bhindi(Ladies Finger)",Bhindi,Local,21/09/2026,3800,4000,3900
"Tamil Nadu",Theni,"Periyakulam(Uzhavar Sandhai )",Raddish,Raddish,Local,21/09/2026,1800,2000,1900
"Tamil Nadu",Theni,"Periyakulam(Uzhavar Sandhai )","Green Avare(W)",Other,Local,21/09/2026,8500,9000,8750
"Tamil Nadu",Theni,"Periyakulam(Uzhavar Sandhai )",Drumstick,Drumstick,Local,21/09/2026,4500,5000,4750
"Tamil Nadu",Theni,"Periyakulam(Uzhavar Sandhai )",Lemon,Lemon,Local,21/09/2026,19500,20000,19750
"Tamil Nadu",Virudhunagar,"Srivilliputhur(Uzhavar Sandhai )",Tomato,Deshi,Local,21/09/2026,2000,2500,2250
"Tamil Nadu",Virudhunagar,"Srivilliputhur(Uzhavar Sandhai )","Cluster beans","Cluster Beans",Local,21/09/2026,3500,4000,3750
"Tamil Nadu",Virudhunagar,"Srivilliputhur(Uzhavar Sandhai )","Green Chilli","Green Chilly",Local,21/09/2026,5000,6000,5500
"Tamil Nadu",Virudhunagar,"Srivilliputhur(Uzhavar Sandhai )","Banana - Green","Banana - Green",Local,21/09/2026,2500,3000,2750
"Tamil Nadu",Virudhunagar,"Srivilliputhur(Uzhavar Sandhai )",Ginger(Green),"Green Ginger",Local,21/09/2026,17000,18000,17500
"Tamil Nadu",Virudhunagar,"Srivilliputhur(Uzhavar Sandhai )",Coconut,Coconut,Local,21/09/2026,5000,6000,5500
"Tamil Nadu",Virudhunagar,"Srivilliputhur(Uzhavar Sandhai )",Drumstick,Drumstick,Local,21/09/2026,4500,5000,4750
"Uttar Pradesh",Badaun,"Shahaswan APMC",Apple,Apple,Medium,21/09/2026,6500,7500,7000
Punjab,Ludhiana,"Sahnewal APMC",Cauliflower,Cauliflower,FAQ,21/09/2026,3400,3400,3400
Punjab,Ludhiana,"Sahnewal APMC","Round gourd","Round gourd",FAQ,21/09/2026,2400,2400,2400
Nagaland,Wokha,"Wokha Town APMC",Banana,Other,Local,21/09/2026,3800,4500,4200
Nagaland,Wokha,"Baghty APMC",Papaya,Papaya,Local,21/09/2026,3500,4000,3800
Odisha,Kalahandi,"Mukhiguda APMC",Cabbage,Cabbage,"Grade B",21/09/2026,2400,2700,2550
"West Bengal",Bankura,"Khatra APMC",Potato,Jyoti,FAQ,21/09/2026,600,700,660
"West Bengal",Bankura,"Khatra APMC",Wheat,Sonalika,FAQ,21/09/2026,2600,2800,2700
"West Bengal",Bankura,"Khatra APMC",Cucumbar(Kheera),Cucumbar,FAQ,21/09/2026,2800,3500,3200
"West Bengal",Bankura,"Khatra APMC",Tomato,Tomato,FAQ,21/09/2026,3000,3600,3500
Tripura,"North Tripura","Dasda APMC",Potato,Other,FAQ,21/09/2026,1500,1700,1600
Tripura,"North Tripura","Dasda APMC",Rice,Other,FAQ,21/09/2026,3250,3350,3300
Nagaland,Kohima,"Kohima APMC",Yam(Ratalu),Other,Local,21/09/2026,6000,6000,6000
"Tamil Nadu",Coimbatore,"Vadavalli(Uzhavar Sandhai )",Orange,Darjeeling,Local,21/09/2026,14000,17000,15500
"Tamil Nadu",Coimbatore,"Vadavalli(Uzhavar Sandhai )",Banana,"Nendra Bale",Local,21/09/2026,6000,6400,6200
"Tamil Nadu",Coimbatore,"Vadavalli(Uzhavar Sandhai )","Bitter gourd",Other,Local,21/09/2026,4400,5000,4700
"Tamil Nadu",Coimbatore,"Vadavalli(Uzhavar Sandhai )",Ashgourd,Gouard,Local,21/09/2026,1600,1800,1700
"Tamil Nadu",Coimbatore,"Vadavalli(Uzhavar Sandhai )",Pumpkin,Pumpkin,Local,21/09/2026,1600,1800,1700
"Tamil Nadu",Coimbatore,"Vadavalli(Uzhavar Sandhai )","Banana - Green","Banana - Green",Local,21/09/2026,4000,4500,4250
"Tamil Nadu",Coimbatore,"Vadavalli(Uzhavar Sandhai )",Beans,"Beans (Whole)",Local,21/09/2026,6500,7000,6750
"Tamil Nadu",Coimbatore,"Vadavalli(Uzhavar Sandhai )","Sweet Potato","Hosur Red",Local,21/09/2026,5400,5800,5600
"Tamil Nadu",Coimbatore,"Vadavalli(Uzhavar Sandhai )",Carrot,Pusakesar,Local,21/09/2026,3600,4200,3900
"Tamil Nadu",Coimbatore,"Vadavalli(Uzhavar Sandhai )",Capsicum,Capsicum,Local,21/09/2026,3800,4400,4100
"Tamil Nadu",Coimbatore,"Vadavalli(Uzhavar Sandhai )",Guava,"Guava Allahabad",Local,21/09/2026,5500,6000,5750
"Tamil Nadu",Coimbatore,"Vadavalli(Uzhavar Sandhai )","Elephant Yam(Suran)/Amorphophallus","Elephant Yam (Suran)",Local,21/09/2026,3200,3600,3400
"Tamil Nadu",Coimbatore,"Vadavalli(Uzhavar Sandhai )","Baby Corn","Baby Corn","Grade A",21/09/2026,2200,2600,2400
"Uttar Pradesh",Bulandshahar,"Gulavati APMC","Sponge gourd",Other,FAQ,21/09/2026,2000,2200,2100
"Uttar Pradesh",Bulandshahar,"Gulavati APMC",Cauliflower,Cauliflower,FAQ,21/09/2026,2000,2200,2100
Haryana,Hissar,"Barwala(Hisar) APMC",Tomato,Tomato,Local,21/09/2026,2000,2500,2250
Haryana,Hissar,"Barwala(Hisar) APMC",Capsicum,Capsicum,Local,21/09/2026,4500,5000,4800
Haryana,Hissar,"Barwala(Hisar) APMC",Cabbage,Cabbage,Local,21/09/2026,2500,2500,2500
Haryana,Hissar,"Barwala(Hisar) APMC",Cucumbar(Kheera),Cucumbar,Local,21/09/2026,2500,3000,2800
Haryana,Hissar,"Barwala(Hisar) APMC",Cauliflower,Cauliflower,Local,21/09/2026,3000,4000,3500
Haryana,Hissar,"Barwala(Hisar) APMC","Onion Green","Onion Green",Local,21/09/2026,5500,6000,5800
Haryana,Kaithal,"Dhand APMC",Apple,Other,Medium,21/09/2026,6000,8000,7700
Haryana,Kaithal,"Dhand APMC",Potato,Other,Medium,21/09/2026,750,800,790
"Tamil Nadu",Coimbatore,"Udumalpet APMC",Banana,Other,Local,21/09/2026,6500,7000,6750
"Tamil Nadu",Coimbatore,"Udumalpet APMC",Onion,Bellary,Local,21/09/2026,6000,6800,6400
"Tamil Nadu",Coimbatore,"Udumalpet APMC",Cauliflower,Ranchi,Local,21/09/2026,2000,3500,2750
"Tamil Nadu",Coimbatore,"Udumalpet APMC","Cluster beans","Cluster Beans",Local,21/09/2026,3500,4000,3750
"Tamil Nadu",Coimbatore,"Udumalpet APMC",Carrot,Pusakesar,Local,21/09/2026,5500,6000,5750
"Tamil Nadu",Coimbatore,"Udumalpet APMC",Snakeguard,Snakeguard,Local,21/09/2026,3000,4000,3500
"Tamil Nadu",Coimbatore,"Udumalpet APMC",Cucumbar(Kheera),Cucumbar,Local,21/09/2026,4000,4500,4250
"Himachal Pradesh",Kangra,"SMY Nagrota Bagwan",Banana,Other,Medium,21/09/2026,4000,4800,4400
"Himachal Pradesh",Kangra,"SMY Nagrota Bagwan",Papaya,Papaya,Medium,21/09/2026,4300,5000,4700
"Himachal Pradesh",Kangra,"SMY Nagrota Bagwan","Bottle gourd","Bottle Gourd",FAQ,21/09/2026,1500,2500,2000
"Himachal Pradesh",Kangra,"SMY Nagrota Bagwan",Tomato,Tomato,FAQ,21/09/2026,2400,2800,2600
"Himachal Pradesh",Kangra,"SMY Nagrota Bagwan",Onion,Onion,FAQ,21/09/2026,5200,5400,5300
"Himachal Pradesh",Kangra,"SMY Nagrota Bagwan",Potato,Potato,FAQ,21/09/2026,1000,2000,1300
"Tamil Nadu",Erode,"Gobichettipalayam(Uzhavar Sandhai )",Banana,Besrai,Local,21/09/2026,2200,2500,2350
"Tamil Nadu",Erode,"Gobichettipalayam(Uzhavar Sandhai )",Potato,"Red Nanital",Local,21/09/2026,3200,3500,3350
"Tamil Nadu",Erode,"Gobichettipalayam(Uzhavar Sandhai )",Cauliflower,Ranchi,Local,21/09/2026,4000,4500,4250
"Tamil Nadu",Erode,"Gobichettipalayam(Uzhavar Sandhai )",Chikoos(Sapota),Sapota,Local,21/09/2026,3500,4000,3750
"Tamil Nadu",Erode,"Gobichettipalayam(Uzhavar Sandhai )","Green Chilli","Green Chilly",Local,21/09/2026,5200,5400,5300
"Tamil Nadu",Erode,"Gobichettipalayam(Uzhavar Sandhai )","Banana - Green","Banana - Green",Local,21/09/2026,3200,3500,3350
"Tamil Nadu",Erode,"Gobichettipalayam(Uzhavar Sandhai )",Carrot,Pusakesar,Local,21/09/2026,4800,5000,4900
"Tamil Nadu",Erode,"Gobichettipalayam(Uzhavar Sandhai )",Ridgeguard(Tori),Ridgeguard(Tori),Local,21/09/2026,4000,4200,4100
"Tamil Nadu",Erode,"Gobichettipalayam(Uzhavar Sandhai )","Sweet Corn ","Sweet Corn ",Local,21/09/2026,4500,5000,4750
"Himachal Pradesh",Shimla,"SMY Rohroo",Cucumbar(Kheera),Cucumbar,"Grade B",21/09/2026,2400,2800,2600
"Himachal Pradesh",Shimla,"SMY Rohroo",Onion,"1st Sort","Grade B",21/09/2026,5200,5800,5500
"Himachal Pradesh",Shimla,"SMY Rohroo",Coriander(Leaves),Coriander,"Grade B",21/09/2026,7000,8000,7500
Punjab,Jalandhar,"Mehatpur APMC",Spinach,Other,Local,21/09/2026,2800,3000,2900
Gujarat,"Gir Somnath","Talalagir APMC",Brinjal,Brinjal,FAQ,21/09/2026,230,460,350
Gujarat,"Gir Somnath","Talalagir APMC",Tomato,Hybrid,FAQ,21/09/2026,750,1150,900
"Tamil Nadu",Pudukkottai,"Ponnamaravathi(Uzhavar Sandhai)",Ashgourd,Gouard,Local,21/09/2026,1000,1500,1250
"Tamil Nadu",Pudukkottai,"Ponnamaravathi(Uzhavar Sandhai)",Cowpea(Veg),"Cowpea (Veg)",Local,21/09/2026,1500,2000,1750
"Tamil Nadu",Pudukkottai,"Ponnamaravathi(Uzhavar Sandhai)","Banana - Green","Banana - Green",Local,21/09/2026,2500,3000,2750
Odisha,Kalahandi,"Bhawanipatna APMC",Cabbage,Cabbage,Local,21/09/2026,2600,2600,2600
"Tamil Nadu",Nagapattinam,"Mayiladuthurai(Uzhavar Sandhai )",Brinjal,Round,Local,21/09/2026,4500,5000,4750
"Tamil Nadu",Nagapattinam,"Mayiladuthurai(Uzhavar Sandhai )","Bhindi(Ladies Finger)",Bhindi,Local,21/09/2026,4500,5000,4750
"Tamil Nadu",Nagapattinam,"Mayiladuthurai(Uzhavar Sandhai )",Cabbage,Cabbage,Local,21/09/2026,2500,3000,2750
"Tamil Nadu",Nagapattinam,"Mayiladuthurai(Uzhavar Sandhai )","Green Avare(W)","Green Avare (W)",Local,21/09/2026,7000,8000,7500
"Tamil Nadu",Nagapattinam,"Mayiladuthurai(Uzhavar Sandhai )",Mango(Raw-Ripe),"Mango - Raw-Ripe",Local,21/09/2026,9000,10000,9500
"Tamil Nadu",Nagapattinam,"Mayiladuthurai(Uzhavar Sandhai )","Onion Green","Onion Green",Local,21/09/2026,8000,9000,8500
"Tamil Nadu",Pudukkottai,"Viralimalai(Uzhavar Sandhai )",Brinjal,Round,Local,21/09/2026,6000,7000,6500
"Tamil Nadu",Pudukkottai,"Viralimalai(Uzhavar Sandhai )","Green Chilli","Green Chilly",Local,21/09/2026,5000,6000,5500
"Tamil Nadu",Pudukkottai,"Viralimalai(Uzhavar Sandhai )","Banana - Green","Banana - Green",Local,21/09/2026,2500,3000,2750
"Tamil Nadu",Ramanathapuram,"Kamuthi(Uzhavar Sandhai )","Cluster beans","Cluster Beans",Local,21/09/2026,4000,4500,4250
"Tamil Nadu",Ramanathapuram,"Kamuthi(Uzhavar Sandhai )","Green Chilli","Green Chilly",Local,21/09/2026,7000,7500,7250
"Tamil Nadu",Ramanathapuram,"Paramakudi(Uzhavar Sandhai )","Green Chilli","Green Chilly",Local,21/09/2026,6000,7000,6500
"Tamil Nadu",Ramanathapuram,"Paramakudi(Uzhavar Sandhai )",Ridgeguard(Tori),Ridgeguard(Tori),Local,21/09/2026,5500,6000,5750
"Tamil Nadu",Ramanathapuram,"Paramakudi(Uzhavar Sandhai )","Chow Chow","Chow Chow",Local,21/09/2026,4500,4800,4650
"Tamil Nadu",Ramanathapuram,"Paramakudi(Uzhavar Sandhai )","Knool Khol","Knool Khol",Local,21/09/2026,5000,5500,5250
"Tamil Nadu",Ramanathapuram,"Paramakudi(Uzhavar Sandhai )",Jasmine,Jasmine,Local,21/09/2026,40000,50000,45000
"Tamil Nadu",Ramanathapuram,"Paramakudi(Uzhavar Sandhai )",Marigold(Calcutta),Marigold(Calcutta),Local,21/09/2026,8000,9000,8500
"Tamil Nadu",Ramanathapuram,"Paramakudi(Uzhavar Sandhai )",Yam(Ratalu),"Yam (Ratalu)",Local,21/09/2026,6800,7000,6900
"Tamil Nadu",Ramanathapuram,"Paramakudi(Uzhavar Sandhai )",Lemon,Lemon,Local,21/09/2026,18000,20000,19000
"Tamil Nadu",Pudukkottai,"Alangudi(Uzhavar Sandhai )",Onion,Bellary,Local,21/09/2026,6000,7000,6500
"Tamil Nadu",Pudukkottai,"Alangudi(Uzhavar Sandhai )",Potato,Other,Local,21/09/2026,5000,6000,5500
"Tamil Nadu",Pudukkottai,"Alangudi(Uzhavar Sandhai )","Bottle gourd","Bottle Gourd",Local,21/09/2026,1500,2000,1750
"Tamil Nadu",Pudukkottai,"Alangudi(Uzhavar Sandhai )",Snakeguard,Snakeguard,Local,21/09/2026,3000,3500,3250
"Tamil Nadu",Thiruvannamalai,"Arani(Uzhavar Sandhai )",Onion,Bellary,Local,21/09/2026,6000,6500,6250
"Tamil Nadu",Thiruvannamalai,"Arani(Uzhavar Sandhai )",Raddish,Raddish,Local,21/09/2026,2000,2400,2200
"Tamil Nadu",Thiruvannamalai,"Arani(Uzhavar Sandhai )",Drumstick,Drumstick,Local,21/09/2026,5000,6000,5500
"Tamil Nadu",Thiruvannamalai,"Arani(Uzhavar Sandhai )","Tender Coconut","Tender Coconut",Local,21/09/2026,1500,2000,1750
"Tamil Nadu",Thiruvannamalai,"Arani(Uzhavar Sandhai )",Yam(Ratalu),"Yam (Ratalu)",Local,21/09/2026,6000,7000,6500
"Tamil Nadu",Thiruvannamalai,"Polur(Uzhavar Sandhai )",Onion,Bellary,Local,21/09/2026,5000,6500,5750
"Tamil Nadu",Thiruvannamalai,"Polur(Uzhavar Sandhai )","Sweet Potato","Hosur Red",Local,21/09/2026,3300,4000,3650
"Tamil Nadu",Thiruvannamalai,"Polur(Uzhavar Sandhai )",Snakeguard,Snakeguard,Local,21/09/2026,2500,3000,2750
"Tamil Nadu",Thiruvannamalai,"Polur(Uzhavar Sandhai )",Thondekai,Thondekai,Local,21/09/2026,3300,4000,3650
"Tamil Nadu",Thiruvannamalai,"Polur(Uzhavar Sandhai )",Yam(Ratalu),"Yam (Ratalu)",Local,21/09/2026,5000,6000,5500
"Tamil Nadu",Thiruvannamalai,"Polur(Uzhavar Sandhai )","Custard Apple(Sharifa)","Custard Apple(Sharifa)",Local,21/09/2026,3300,4000,3650
"Tamil Nadu",Thiruvannamalai,"Polur(Uzhavar Sandhai )",Mint(Pudina),Mint(Pudina),Local,21/09/2026,3300,4000,3650
"Tamil Nadu",Thiruvannamalai,"Tiruvannamalai(Uzhavar Sandhai )",Grapes,Annabesahai,Local,21/09/2026,8000,10000,9000
"Tamil Nadu",Thiruvannamalai,"Tiruvannamalai(Uzhavar Sandhai )",Garlic,Garlic,Local,21/09/2026,25000,28000,26500
"Tamil Nadu",Thiruvannamalai,"Tiruvannamalai(Uzhavar Sandhai )",Pumpkin,Pumpkin,Local,21/09/2026,2000,2500,2250
"Tamil Nadu",Thiruvannamalai,"Tiruvannamalai(Uzhavar Sandhai )","Green Chilli","Green Chilly",Local,21/09/2026,6400,7200,6800
"Tamil Nadu",Thiruvannamalai,"Tiruvannamalai(Uzhavar Sandhai )",Capsicum,Capsicum,Local,21/09/2026,5000,6000,5500
"Tamil Nadu",Thiruvannamalai,"Tiruvannamalai(Uzhavar Sandhai )",Lime,Lime,Local,21/09/2026,3500,4000,3750
"Tamil Nadu",Thiruvannamalai,"Tiruvannamalai(Uzhavar Sandhai )",Pomegranate,Pomogranate,Local,21/09/2026,14000,16000,15000
"Tamil Nadu",Thiruvannamalai,"Tiruvannamalai(Uzhavar Sandhai )",Fig(Anjura/Anjeer),Anjura,Local,21/09/2026,7000,8000,7500
"Tamil Nadu",Thiruvannamalai,"Tiruvannamalai(Uzhavar Sandhai )","Tamarind Fruit","Tamarind Fruit",Local,21/09/2026,12000,15000,13500
"Tamil Nadu",Thiruvannamalai,"Tiruvannamalai(Uzhavar Sandhai )",Rose(Local),"Rose (Local)",Local,21/09/2026,14000,16000,15000
"Tamil Nadu",Thiruvarur,"Tiruthuraipoondi(Uzhavar Sandhai )",Mango,Safeda,Local,21/09/2026,8000,8000,8000
"Tamil Nadu",Thiruvarur,"Tiruthuraipoondi(Uzhavar Sandhai )",Papaya,Papaya,Local,21/09/2026,3500,3500,3500
"Tamil Nadu",Thiruvarur,"Tiruthuraipoondi(Uzhavar Sandhai )","Bitter gourd","Bitter Gourd",Local,21/09/2026,6000,6000,6000
"Tamil Nadu",Thiruvarur,"Tiruthuraipoondi(Uzhavar Sandhai )","Bhindi(Ladies Finger)",Bhindi,Local,21/09/2026,3800,3800,3800
"Tamil Nadu",Thiruvarur,"Tiruthuraipoondi(Uzhavar Sandhai )","Green Chilli","Green Chilly",Local,21/09/2026,5000,5000,5000
"Tamil Nadu",Thiruvarur,"Tiruthuraipoondi(Uzhavar Sandhai )",Snakeguard,Snakeguard,Local,21/09/2026,3500,3500,3500
"Tamil Nadu",Thiruvarur,"Tiruthuraipoondi(Uzhavar Sandhai )",Drumstick,Drumstick,Local,21/09/2026,5000,5000,5000
"Tamil Nadu",Thiruvarur,"Tiruthuraipoondi(Uzhavar Sandhai )",Mango(Raw-Ripe),"Mango - Raw-Ripe",Local,21/09/2026,6000,6000,6000
"Tamil Nadu",Thiruvarur,"Tiruthuraipoondi(Uzhavar Sandhai )","Tamarind Fruit","Tamarind Fruit",Local,21/09/2026,16000,16000,16000
"Tamil Nadu",Tuticorin,"Kovilpatti(Uzhavar Sandhai )",Cauliflower,Ranchi,Local,21/09/2026,4000,4500,4250
"Tamil Nadu",Tuticorin,"Kovilpatti(Uzhavar Sandhai )",Brinjal,Other,Local,21/09/2026,2500,3000,2750
"Tamil Nadu",Tuticorin,"Kovilpatti(Uzhavar Sandhai )",Pumpkin,Pumpkin,Local,21/09/2026,2500,3000,2750
"Tamil Nadu",Tuticorin,"Kovilpatti(Uzhavar Sandhai )",Amaranthus,Amaranthus,Local,21/09/2026,1500,1800,1650
"Tamil Nadu",Tuticorin,"Kovilpatti(Uzhavar Sandhai )","Green Chilli","Green Chilly",Local,21/09/2026,5000,5500,5250
"Tamil Nadu",Tuticorin,"Kovilpatti(Uzhavar Sandhai )",Lemon,Lemon,Local,21/09/2026,18000,19000,18500
"Tamil Nadu",Tuticorin,"Kovilpatti(Uzhavar Sandhai )",Mint(Pudina),Mint(Pudina),Local,21/09/2026,6000,6500,6250
"Tamil Nadu",Vellore,"Gudiyatham(Uzhavar Sandhai )",Onion,Bellary,Local,21/09/2026,6000,6000,6000
"Tamil Nadu",Vellore,"Gudiyatham(Uzhavar Sandhai )",Potato,"Red Nanital",Local,21/09/2026,3000,3000,3000
"Tamil Nadu",Vellore,"Gudiyatham(Uzhavar Sandhai )",Coriander(Leaves),"I Sort",Local,21/09/2026,5000,5000,5000
"Tamil Nadu",Vellore,"Gudiyatham(Uzhavar Sandhai )","Bitter gourd","Bitter Gourd",Local,21/09/2026,4000,4000,4000
"Tamil Nadu",Vellore,"Gudiyatham(Uzhavar Sandhai )","Bhindi(Ladies Finger)",Bhindi,Local,21/09/2026,2500,2500,2500
"Tamil Nadu",Vellore,"Gudiyatham(Uzhavar Sandhai )","Green Chilli","Green Chilly",Local,21/09/2026,6600,6600,6600
"Tamil Nadu",Vellore,"Gudiyatham(Uzhavar Sandhai )",Carrot,Pusakesar,Local,21/09/2026,5600,5600,5600
"Tamil Nadu",Vellore,"Gudiyatham(Uzhavar Sandhai )",Ridgeguard(Tori),Ridgeguard(Tori),Local,21/09/2026,3600,3600,3600
"Tamil Nadu",Vellore,"Gudiyatham(Uzhavar Sandhai )",Raddish,Raddish,Local,21/09/2026,3000,3000,3000
"Tamil Nadu",Vellore,"Gudiyatham(Uzhavar Sandhai )","Chow Chow","Chow Chow",Local,21/09/2026,4000,4000,4000
"Tamil Nadu",Vellore,"Gudiyatham(Uzhavar Sandhai )","Tender Coconut","Tender Coconut",Local,21/09/2026,3500,3500,3500
"Tamil Nadu",Vellore,"Gudiyatham(Uzhavar Sandhai )","Tamarind Fruit","Tamarind Fruit",Local,21/09/2026,15000,15000,15000
"Tamil Nadu",Vellore,"Gudiyatham(Uzhavar Sandhai )",Yam(Ratalu),"Yam (Ratalu)",Local,21/09/2026,5600,5600,5600
"Tamil Nadu",Vellore,"Gudiyatham(Uzhavar Sandhai )","Indian Beans(Seam)","Indian Beans (Seam)",Local,21/09/2026,5600,5600,5600
"Tamil Nadu",Vellore,"Gudiyatham(Uzhavar Sandhai )",Colacasia,Colacasia,Local,21/09/2026,5600,5600,5600
"Tamil Nadu",Vellore,"Kahithapattarai(Uzhavar Sandhai )",Cauliflower,Ranchi,Local,21/09/2026,2000,2000,2000
"Tamil Nadu",Vellore,"Kahithapattarai(Uzhavar Sandhai )","Cluster beans","Cluster Beans",Local,21/09/2026,3000,3000,3000
"Tamil Nadu",Vellore,"Kahithapattarai(Uzhavar Sandhai )","Chow Chow","Chow Chow",Local,21/09/2026,2500,2500,2500
"Tamil Nadu",Villupuram,"Villupuram(Uzhavar Sandhai )",Onion,Bellary,Local,21/09/2026,6000,6000,6000
"Tamil Nadu",Villupuram,"Villupuram(Uzhavar Sandhai )",Potato,"Red Nanital",Local,21/09/2026,4000,4000,4000
"Tamil Nadu",Villupuram,"Villupuram(Uzhavar Sandhai )",Cauliflower,Ranchi,Local,21/09/2026,3000,3000,3000
"Tamil Nadu",Villupuram,"Villupuram(Uzhavar Sandhai )",Brinjal,Round,Local,21/09/2026,6000,6000,6000
"Tamil Nadu",Villupuram,"Villupuram(Uzhavar Sandhai )",Coriander(Leaves),"I Sort",Local,21/09/2026,5000,5000,5000
"Tamil Nadu",Villupuram,"Villupuram(Uzhavar Sandhai )",Tapioca,Tapioca,Local,21/09/2026,5000,5000,5000
"Tamil Nadu",Villupuram,"Villupuram(Uzhavar Sandhai )",Coconut,Coconut,Local,21/09/2026,5000,5000,5000
"Tamil Nadu",Villupuram,"Villupuram(Uzhavar Sandhai )",Carrot,Pusakesar,Local,21/09/2026,7000,7000,7000
"Tamil Nadu",Villupuram,"Villupuram(Uzhavar Sandhai )",Thondekai,Thondekai,Local,21/09/2026,5000,5000,5000
"Tamil Nadu",Villupuram,"Villupuram(Uzhavar Sandhai )","Chow Chow","Chow Chow",Local,21/09/2026,4000,4000,4000
"Tamil Nadu",Villupuram,"Villupuram(Uzhavar Sandhai )",Marigold(Calcutta),Marigold(Calcutta),Local,21/09/2026,25000,25000,25000
"Andhra Pradesh",Prakasam,"Darsi APMC",Cotton,Desi,Local,21/09/2026,8100,8200,8200
Haryana,Rewari,"Rewari APMC",Tomato,Other,Medium,21/09/2026,600,2500,1500
"Jammu and Kashmir",Rajouri,"Rajouri (Phaliana) (F&V)",Brinjal,Brinjal,"Grade B",21/09/2026,3500,3500,3500
Odisha,Dhenkanal,"Hindol APMC","Bitter gourd","Bitter Gourd","Grade B",21/09/2026,4500,5000,4800
"Andhra Pradesh",Srikakulam,"Amadalavalasa APMC",Paddy(Common),Paddy,FAQ,21/09/2026,2369,2369,2369
"Andhra Pradesh","West Godavari","Achanta APMC",Paddy(Common),1121,Local,21/09/2026,2359,2375,2369
"Andhra Pradesh","Alluri Sitharama Raju","Chintapally APMC",Maize,Local,FAQ,21/09/2026,2300,2500,2400
"Andhra Pradesh",Krishna,"Gannavaram APMC","Black Gram(Urd Beans)(Whole)",Desi,Local,21/09/2026,8600,8600,8600
"Tamil Nadu",Thiruvannamalai,"Cheyyar(Uzhavar Sandhai )",Banana,Karpura,Local,21/09/2026,4000,5000,4500
"Tamil Nadu",Thiruvannamalai,"Cheyyar(Uzhavar Sandhai )","Cluster beans","Cluster Beans",Local,21/09/2026,4000,4800,4400
"Tamil Nadu",Thiruvannamalai,"Cheyyar(Uzhavar Sandhai )","Bottle gourd","Bottle Gourd",Local,21/09/2026,1600,2000,1800
"Tamil Nadu",Thiruvannamalai,"Cheyyar(Uzhavar Sandhai )",Ashgourd,Gouard,Local,21/09/2026,2000,2500,2250
"Tamil Nadu",Thiruvannamalai,"Cheyyar(Uzhavar Sandhai )",Pumpkin,Pumpkin,Local,21/09/2026,2500,3000,2750
"Andhra Pradesh",Krishna,"Divi (HQ-Avanigadda) APMC",Paddy(Common),"B P T",FAQ,21/09/2026,3150,3500,3250
"Andhra Pradesh",Eluru,"Chintalapudi APMC",Lemon,Lemon,FAQ,21/09/2026,7000,9000,8000
Telangana,Nalgonda,"Nakrekal APMC",Lime,Lime,Local,21/09/2026,3000,12500,5000
"Andhra Pradesh",Dr.B.R.A.Konaseema,"Nagaram APMC",Coconut,Medium,FAQ,21/09/2026,15500,16000,15500
"Andhra Pradesh",Kurnool,"Pattikonda APMC",Tomato,Local,FAQ,21/09/2026,1300,2800,2000
"Andhra Pradesh",Vijayanagaram,"Pusapatirega APMC",Maize,Local,FAQ,21/09/2026,4800,4800,4800
"Andhra Pradesh",Vijayanagaram,"Rajam APMC",Maize,Local,FAQ,21/09/2026,4800,4800,4800
Odisha,Sundergarh,"Panposh APMC","Bitter gourd",Other,FAQ,21/09/2026,4500,5200,5000
"Andhra Pradesh",Palnadu,"Rompicherla APMC",Maize,Hybrid/Local,FAQ,21/09/2026,2300,2400,2400
"Andhra Pradesh","East Godavari","Nidadavolu APMC",Paddy(Common),Common,Local,21/09/2026,2445,2445,2445
"Andhra Pradesh",Bapatla,"Repalli APMC",Paddy(Common),"B P T",Local,21/09/2026,3200,3600,3400
"Uttar Pradesh",Raebarelli,"Lalganj APMC",Cauliflower,Cauliflower,FAQ,21/09/2026,1800,2000,1900
Punjab,Gurdaspur,"Dinanagar APMC",Onion,Other,Medium,21/09/2026,4800,5000,4900
Punjab,Gurdaspur,"Dinanagar APMC",Pomegranate,Pomogranate,Medium,21/09/2026,10000,12000,11000
Punjab,Gurdaspur,"Dinanagar APMC",Cauliflower,Cauliflower,Medium,21/09/2026,4500,5000,4800
Punjab,Hoshiarpur,"Garh Shankar APMC",Capsicum,Capsicum,FAQ,21/09/2026,3500,3500,3500
Punjab,Hoshiarpur,"Garh Shankar APMC","Field Pea","Field Pea",FAQ,21/09/2026,7000,7000,7000
Punjab,Hoshiarpur,"Garh Shankar APMC","Green Chilli","Green Chilly",FAQ,21/09/2026,4500,4500,4500
Punjab,Jalandhar,"Lohian Khas APMC",Spinach,Other,Local,21/09/2026,1200,1600,1400
Punjab,Jalandhar,"Lohian Khas APMC","Green Chilli",Other,Local,21/09/2026,3200,3600,3400
Punjab,Moga,"Nihal Singh Wala APMC",Cucumbar(Kheera),Other,FAQ,21/09/2026,2200,2200,2200
Odisha,Mayurbhanja,"Betnoti APMC","Bitter gourd","Bitter Gourd",FAQ,21/09/2026,3800,4200,4000
Odisha,Mayurbhanja,"Betnoti APMC",Pumpkin,Pumpkin,FAQ,21/09/2026,1800,2200,2000
Keralam,Idukki,"Munnar Market",Cardamom,Other,FAQ,21/09/2026,320000,320000,320000
Keralam,Idukki,"Munnar Market",Sugar,Chini,Local,21/09/2026,5500,5500,5500
Keralam,Alappuzha,"Chengannur Market",Colacasia,Colacasia,FAQ,21/09/2026,5800,6100,6000
Keralam,Alappuzha,"Chengannur Market",Drumstick,Other,FAQ,21/09/2026,3800,4100,4000
"Tamil Nadu",Coimbatore,"Sundarapuram(Uzhavar Sandhai )",Onion,Bellary,Local,21/09/2026,6000,6400,6200
"Tamil Nadu",Coimbatore,"Sundarapuram(Uzhavar Sandhai )",Papaya,Papaya,Local,21/09/2026,5000,5500,5250
"Tamil Nadu",Coimbatore,"Sundarapuram(Uzhavar Sandhai )",Pumpkin,Pumpkin,Local,21/09/2026,1800,2000,1900
"Tamil Nadu",Coimbatore,"Sundarapuram(Uzhavar Sandhai )","Bhindi(Ladies Finger)",Bhindi,Local,21/09/2026,4400,4800,4600
"Tamil Nadu",Coimbatore,"Sundarapuram(Uzhavar Sandhai )",Tapioca,Tapioca,Local,21/09/2026,3000,3500,3250
"Tamil Nadu",Coimbatore,"Sundarapuram(Uzhavar Sandhai )",Beetroot,Beetroot,Local,21/09/2026,5000,5500,5250
"Tamil Nadu",Coimbatore,"Sundarapuram(Uzhavar Sandhai )",Thondekai,Thondekai,Local,21/09/2026,3500,4000,3750
"Tamil Nadu",Coimbatore,"Sundarapuram(Uzhavar Sandhai )","Green Avare(W)","Green Avare (W)",Local,21/09/2026,6000,6500,6250
"Tamil Nadu",Coimbatore,"Sundarapuram(Uzhavar Sandhai )",Lemon,Lemon,Local,21/09/2026,25000,26000,25500
Haryana,Gurgaon,"Gurgaon APMC",Pomegranate,Other,"Grade B",21/09/2026,5000,10000,7500
Haryana,Gurgaon,"Gurgaon APMC","Water Melon",Other,"Grade B",21/09/2026,2000,3000,2500
Haryana,Rohtak,Meham,Banana,Medium,Medium,21/09/2026,1500,1500,1500
Haryana,Rohtak,Meham,Spinach,Spinach,Medium,21/09/2026,3000,3000,3000
Haryana,Rohtak,Meham,Raddish,Other,Medium,21/09/2026,2000,2000,2000
"Andhra Pradesh","West Godavari","Undi APMC",Paddy(Common),MTU-1001,Local,21/09/2026,2369,2369,2369
"Uttar Pradesh","Khiri (Lakhimpur)","Maigalganj APMC",Brinjal,Round/Long,FAQ,21/09/2026,1020,1060,1040
"Uttar Pradesh","Khiri (Lakhimpur)","Maigalganj APMC","Bhindi(Ladies Finger)",Bhindi,FAQ,21/09/2026,2110,2150,2130
"Uttar Pradesh","Khiri (Lakhimpur)","Maigalganj APMC",Cabbage,Cabbage,FAQ,21/09/2026,800,840,820
"Uttar Pradesh","Khiri (Lakhimpur)","Maigalganj APMC",Pumpkin,Pumpkin,FAQ,21/09/2026,610,630,620
"Uttar Pradesh","Khiri (Lakhimpur)","Maigalganj APMC",Carrot,Carrot,FAQ,21/09/2026,1200,1230,1215
"Uttar Pradesh","Khiri (Lakhimpur)","Maigalganj APMC",Cucumbar(Kheera),Cucumbar,FAQ,21/09/2026,700,740,720
Punjab,Gurdaspur,"Kalanaur APMC","Bottle gourd","Bottle Gourd","Grade A",21/09/2026,1200,1200,1200
Punjab,Bhatinda,"Rampuraphul(Nabha Mandi) APMC",Cauliflower,Cauliflower,"Grade A",21/09/2026,2500,3500,3000
Punjab,Bhatinda,"Rampuraphul(Nabha Mandi) APMC",Onion,Other,"Grade A",21/09/2026,3000,4000,3500
Punjab,Bhatinda,"Rampuraphul(Nabha Mandi) APMC",Pumpkin,Other,"Grade A",21/09/2026,1000,1600,1500
Punjab,Bhatinda,"Rampuraphul(Nabha Mandi) APMC","Mousambi(Sweet Lime)",Mousambi,"Grade A",21/09/2026,2580,3500,3000
Punjab,Bhatinda,"Rampuraphul(Nabha Mandi) APMC",Papaya,Papaya,"Grade A",21/09/2026,2500,3500,3000
"Himachal Pradesh",Kangra,"SMY Baijnath",Cauliflower,Cauliflower,"Grade B",21/09/2026,4500,5000,4800
"Himachal Pradesh",Kangra,"SMY Baijnath",Tomato,Local,"Grade B",21/09/2026,2600,3000,2800
"Himachal Pradesh",Kangra,"SMY Baijnath","French Beans(Frasbean)","French Beans (Frasbean)","Grade B",21/09/2026,6500,7000,6800
"Himachal Pradesh",Kangra,"SMY Jaisinghpur",Mashrooms,Mashrooms,FAQ,21/09/2026,19000,21000,20000
"Himachal Pradesh",Kangra,"SMY Jaisinghpur","Mousambi(Sweet Lime)",Mousambi,Medium,21/09/2026,4800,5200,5000
"Himachal Pradesh",Kangra,"SMY Jaisinghpur",Lemon,Lemon,FAQ,21/09/2026,17500,19000,18200
"Himachal Pradesh",Kangra,"SMY Jaisinghpur",Pear(Marasebu),Pears,Medium,21/09/2026,10000,12000,11000
"Himachal Pradesh",Kangra,"SMY Jaisinghpur",Garlic,Average,FAQ,21/09/2026,19000,20000,19500
"Himachal Pradesh",Kangra,"SMY Jaisinghpur","Pea Pod/Pea Cod/हरी मटर",Other,FAQ,21/09/2026,14500,15500,15000
"Tamil Nadu",Erode,"Sathiyamagalam(Uzhavar Sandhai )","Bhindi(Ladies Finger)",Bhindi,Local,21/09/2026,2500,3000,2750
"Tamil Nadu",Erode,"Sathiyamagalam(Uzhavar Sandhai )","Banana - Green","Banana - Green",Local,21/09/2026,3000,3500,3250
"Tamil Nadu",Erode,"Sathiyamagalam(Uzhavar Sandhai )",Beans,"Beans (Whole)",Local,21/09/2026,6500,7000,6750
"Tamil Nadu",Erode,"Sathiyamagalam(Uzhavar Sandhai )",Tapioca,Tapioca,Local,21/09/2026,2500,3000,2750
"Tamil Nadu",Erode,"Sathiyamagalam(Uzhavar Sandhai )",Raddish,Raddish,Local,21/09/2026,2400,2800,2600
"Tamil Nadu",Erode,"Sathiyamagalam(Uzhavar Sandhai )",Drumstick,Drumstick,Local,21/09/2026,4000,4500,4250
"Tamil Nadu",Erode,"Sathiyamagalam(Uzhavar Sandhai )","Knool Khol","Knool Khol",Local,21/09/2026,6000,6500,6250
"Tamil Nadu",Coimbatore,"Mettupalayam(Uzhavar Sandhai )",Pineapple,"Pine Apple",Local,21/09/2026,3500,4000,3750
"Tamil Nadu",Coimbatore,"Mettupalayam(Uzhavar Sandhai )","Green Chilli","Green Chilly",Local,21/09/2026,4000,4800,4400
"Tamil Nadu",Coimbatore,"Mettupalayam(Uzhavar Sandhai )",Cowpea(Veg),"Cowpea (Veg)",Local,21/09/2026,3000,3500,3250
"Tamil Nadu",Coimbatore,"Mettupalayam(Uzhavar Sandhai )","Sweet Potato","Hosur Red",Local,21/09/2026,4500,5000,4750
"Tamil Nadu",Coimbatore,"Mettupalayam(Uzhavar Sandhai )",Cabbage,Cabbage,Local,21/09/2026,2500,3000,2750
"Tamil Nadu",Coimbatore,"Mettupalayam(Uzhavar Sandhai )",Yam(Ratalu),"Yam (Ratalu)",Local,21/09/2026,6000,7000,6500
"Tamil Nadu",Namakkal,"Tiruchengode APMC",Onion,Bellary,Local,21/09/2026,5800,6500,6150
"Tamil Nadu",Namakkal,"Tiruchengode APMC",Brinjal,Other,Local,21/09/2026,5400,6000,5700
"Tamil Nadu",Namakkal,"Tiruchengode APMC","Banana - Green","Banana - Green",Local,21/09/2026,4000,4500,4250
"Tamil Nadu",Namakkal,"Tiruchengode APMC",Ginger(Green),"Green Ginger",Local,21/09/2026,16000,18000,17000
"Tamil Nadu",Namakkal,"Tiruchengode APMC",Carrot,Pusakesar,Local,21/09/2026,5400,6000,5700
"Tamil Nadu",Namakkal,"Tiruchengode APMC",Cabbage,Cabbage,Local,21/09/2026,2600,3000,2800
"Tamil Nadu",Namakkal,"Tiruchengode APMC","Green Avare(W)",Other,Local,21/09/2026,6200,7000,6600
"Tamil Nadu",Namakkal,"Tiruchengode APMC","Amla(Nelli Kai)",Amla,Local,21/09/2026,8000,9000,8500
"Tamil Nadu",Namakkal,"Tiruchengode APMC","Onion Green","Onion Green",Local,21/09/2026,7000,8000,7500
Telangana,Siddipet,"Vantamamidi APMC",Brinjal,Brinjal,Local,21/09/2026,1500,2500,2000
Telangana,Siddipet,"Vantamamidi APMC",Cabbage,Cabbage,Local,21/09/2026,700,1000,850
Telangana,Siddipet,"Vantamamidi APMC",Cucumbar(Kheera),Cucumbar,Local,21/09/2026,1400,1800,1600
Telangana,Siddipet,"Vantamamidi APMC","Bottle gourd","Bottle Gourd",Local,21/09/2026,800,800,800
"Tamil Nadu",Ariyalur,"Jeyankondam (Uzhavar Sandhai )",Brinjal,Round,Local,21/09/2026,4200,4800,4500
"Tamil Nadu",Ariyalur,"Jeyankondam (Uzhavar Sandhai )",Amaranthus,Amaranthus,Local,21/09/2026,2500,3000,2750
"Andhra Pradesh",Visakhapatnam,"Bhimunipatnam APMC","Ragi(Finger Millet)",Local,Local,21/09/2026,5000,5000,5000
"Tamil Nadu",Coimbatore,"RSPuram(Uzhavar Sandhai )",Groundnut,"Big (With Shell)",Local,21/09/2026,6500,7000,6750
"Tamil Nadu",Coimbatore,"RSPuram(Uzhavar Sandhai )",Orange,Darjeeling,Local,21/09/2026,14000,17000,15500
"Tamil Nadu",Coimbatore,"RSPuram(Uzhavar Sandhai )",Coriander(Leaves),"I Sort",Local,21/09/2026,4400,4800,4600
"Tamil Nadu",Coimbatore,"RSPuram(Uzhavar Sandhai )",Pumpkin,Pumpkin,Local,21/09/2026,1600,1800,1700
"Tamil Nadu",Coimbatore,"RSPuram(Uzhavar Sandhai )","Bhindi(Ladies Finger)",Bhindi,Local,21/09/2026,4000,4800,4400
"Tamil Nadu",Coimbatore,"RSPuram(Uzhavar Sandhai )","Green Chilli","Green Chilly",Local,21/09/2026,4500,5000,4750
"Tamil Nadu",Coimbatore,"RSPuram(Uzhavar Sandhai )","Sweet Potato","Hosur Red",Local,21/09/2026,5500,6000,5750
"Tamil Nadu",Coimbatore,"RSPuram(Uzhavar Sandhai )","Green Avare(W)",Other,Local,21/09/2026,6000,6500,6250
"Tamil Nadu",Coimbatore,"RSPuram(Uzhavar Sandhai )","Onion Green","Onion Green",Local,21/09/2026,8400,9000,8700
"Tamil Nadu",Coimbatore,"RSPuram(Uzhavar Sandhai )",Mint(Pudina),Mint(Pudina),Local,21/09/2026,5500,6000,5750
"Tamil Nadu",Coimbatore,"Singanallur(Uzhavar Sandhai )",Orange,Darjeeling,Local,21/09/2026,16000,17000,16500
"Tamil Nadu",Coimbatore,"Singanallur(Uzhavar Sandhai )","Mousambi(Sweet Lime)",Mousambi,Local,21/09/2026,4500,5000,4750
"Tamil Nadu",Coimbatore,"Singanallur(Uzhavar Sandhai )","Cluster beans","Cluster Beans",Local,21/09/2026,3500,3800,3650
"Tamil Nadu",Coimbatore,"Singanallur(Uzhavar Sandhai )","Bitter gourd","Bitter Gourd",Local,21/09/2026,4500,5000,4750
"Tamil Nadu",Coimbatore,"Singanallur(Uzhavar Sandhai )","Bottle gourd","Bottle Gourd",Local,21/09/2026,2800,3200,3000
"Tamil Nadu",Coimbatore,"Singanallur(Uzhavar Sandhai )",Pumpkin,Pumpkin,Local,21/09/2026,1800,2000,1900
"Tamil Nadu",Coimbatore,"Singanallur(Uzhavar Sandhai )",Amaranthus,Amaranthus,Local,21/09/2026,5500,6000,5750
"Tamil Nadu",Coimbatore,"Singanallur(Uzhavar Sandhai )",Cowpea(Veg),"Cowpea (Veg)",Local,21/09/2026,3500,4000,3750
"Tamil Nadu",Coimbatore,"Singanallur(Uzhavar Sandhai )","Banana - Green","Banana - Green",Local,21/09/2026,4000,4500,4250
"Tamil Nadu",Coimbatore,"Singanallur(Uzhavar Sandhai )",Tapioca,Tapioca,Local,21/09/2026,3200,3600,3400
"Tamil Nadu",Coimbatore,"Singanallur(Uzhavar Sandhai )","Betal Leaves",Mysore,Local,21/09/2026,23000,24000,23500
"Tamil Nadu",Coimbatore,"Singanallur(Uzhavar Sandhai )",Carrot,Pusakesar,Local,21/09/2026,3500,4200,3850
"Tamil Nadu",Coimbatore,"Singanallur(Uzhavar Sandhai )",Thondekai,Thondekai,Local,21/09/2026,4000,4400,4200
"Tamil Nadu",Coimbatore,"Singanallur(Uzhavar Sandhai )","Green Avare(W)","Green Avare (W)",Local,21/09/2026,6000,6500,6250
"Tamil Nadu",Coimbatore,"Singanallur(Uzhavar Sandhai )",Yam(Ratalu),"Yam (Ratalu)",Local,21/09/2026,7000,8000,7500
"Tamil Nadu",Coimbatore,"Pollachi(Uzhavar Sandhai )",Brinjal,Other,Local,21/09/2026,4000,4500,4250
"Tamil Nadu",Coimbatore,"Pollachi(Uzhavar Sandhai )","Bitter gourd","Bitter Gourd",Local,21/09/2026,4500,5000,4750
"Tamil Nadu",Coimbatore,"Pollachi(Uzhavar Sandhai )","Bottle gourd","Bottle Gourd",Local,21/09/2026,3000,3500,3250
"Tamil Nadu",Coimbatore,"Pollachi(Uzhavar Sandhai )","Bhindi(Ladies Finger)",Bhindi,Local,21/09/2026,4500,5000,4750
"Tamil Nadu",Coimbatore,"Pollachi(Uzhavar Sandhai )",Carrot,Pusakesar,Local,21/09/2026,5500,6000,5750
"Uttar Pradesh",Shamli,"Kairana APMC","Bhindi(Ladies Finger)",Bhindi,FAQ,21/09/2026,1300,1400,1350
"Uttar Pradesh",Shamli,"Kairana APMC",Cabbage,Cabbage,FAQ,21/09/2026,1500,1600,1550
"Uttar Pradesh",Shamli,"Kairana APMC","Sponge gourd",Other,FAQ,21/09/2026,1900,2000,1950
Telangana,"Ranga Reddy","Vanasthalipuram,RBZ ",Tomato,Other,"Grade A",21/09/2026,2900,2900,2900
Telangana,"Ranga Reddy","Vanasthalipuram,RBZ ","Green Chilli","Green Chilly","Grade A",21/09/2026,4500,4500,4500
Telangana,"Ranga Reddy","Vanasthalipuram,RBZ ",Ridgeguard(Tori),Ridgeguard(Tori),"Grade A",21/09/2026,3500,3500,3500
Telangana,"Ranga Reddy","Vanasthalipuram,RBZ ","Little gourd(Kundru)","Little gourd (Kundru)","Grade A",21/09/2026,3500,3500,3500
Telangana,"Ranga Reddy","Vanasthalipuram,RBZ ",Carrot,Carrot,"Grade A",21/09/2026,4800,4800,4800
Telangana,"Ranga Reddy","Vanasthalipuram,RBZ ",Onion,Onion,"Grade A",21/09/2026,4000,4000,4000
Telangana,"Ranga Reddy","Vanasthalipuram,RBZ ","Wild Cucumber","Wild Cucumber","Grade A",21/09/2026,2800,2800,2800
Telangana,"Ranga Reddy","Vanasthalipuram,RBZ ","Elephant Yam(Suran)/Amorphophallus","Elephant Yam (Suran)","Grade A",21/09/2026,3500,3500,3500
Telangana,"Ranga Reddy","Vanasthalipuram,RBZ ","Banana - Green","Banana - Green","Grade A",21/09/2026,4000,4000,4000
Telangana,"Ranga Reddy","Vanasthalipuram,RBZ ","Leafy Vegetable","Leafy Vegetables","Grade A",21/09/2026,5000,5000,5000
"Tamil Nadu",Karur,"Karur(Uzhavar Sandhai )",Amaranthus,Amaranthus,Local,21/09/2026,2000,2500,2250
"Tamil Nadu",Karur,"Karur(Uzhavar Sandhai )",Beans,"Beans (Whole)",Local,21/09/2026,7500,8000,7750
"Tamil Nadu",Karur,"Karur(Uzhavar Sandhai )",Ginger(Green),"Green Ginger",Local,21/09/2026,18500,19000,18750
"Tamil Nadu",Karur,"Karur(Uzhavar Sandhai )",Coconut,Coconut,Local,21/09/2026,5500,6000,5750
"Tamil Nadu",Karur,"Karur(Uzhavar Sandhai )",Cabbage,Cabbage,Local,21/09/2026,3500,4000,3750
"Tamil Nadu",Karur,"Karur(Uzhavar Sandhai )",Thondekai,Thondekai,Local,21/09/2026,4500,5000,4750
"Tamil Nadu",Karur,"Karur(Uzhavar Sandhai )","Green Avare(W)",Other,Local,21/09/2026,11000,12000,11500
"Tamil Nadu",Karur,"Karur(Uzhavar Sandhai )",Drumstick,Drumstick,Local,21/09/2026,2500,3000,2750
"Tamil Nadu",Karur,"Karur(Uzhavar Sandhai )",Colacasia,Colacasia,Local,21/09/2026,6500,7000,6750
"Tamil Nadu",Coimbatore,"Kurichi(Uzhavar Sandhai )",Banana,"Red Banana",Local,21/09/2026,8000,8500,8250
"Tamil Nadu",Coimbatore,"Kurichi(Uzhavar Sandhai )",Brinjal,Other,Local,21/09/2026,4500,5000,4750
"Tamil Nadu",Coimbatore,"Kurichi(Uzhavar Sandhai )",Coriander(Leaves),"I Sort",Local,21/09/2026,4500,5000,4750
"Tamil Nadu",Coimbatore,"Kurichi(Uzhavar Sandhai )",Papaya,Papaya,Local,21/09/2026,5000,5500,5250
"Tamil Nadu",Coimbatore,"Kurichi(Uzhavar Sandhai )",Ashgourd,Gouard,Local,21/09/2026,1800,2000,1900
"Tamil Nadu",Coimbatore,"Kurichi(Uzhavar Sandhai )",Amaranthus,Amaranthus,Local,21/09/2026,5500,6500,6000
"Tamil Nadu",Coimbatore,"Kurichi(Uzhavar Sandhai )",Snakeguard,Snakeguard,Local,21/09/2026,3000,3500,3250
"Tamil Nadu",Coimbatore,"Kurichi(Uzhavar Sandhai )",Cucumbar(Kheera),Cucumbar,Local,21/09/2026,4000,4500,4250
"Tamil Nadu",Coimbatore,"Kurichi(Uzhavar Sandhai )",Thondekai,Thondekai,Local,21/09/2026,3500,4000,3750
"Tamil Nadu",Coimbatore,"Kurichi(Uzhavar Sandhai )",Drumstick,Drumstick,Local,21/09/2026,4500,5000,4750
"Tamil Nadu",Coimbatore,"Kurichi(Uzhavar Sandhai )","Onion Green","Onion Green",Local,21/09/2026,8500,9000,8750
"Tamil Nadu",Cuddalore,"Chidambaram(Uzhavar Sandhai )",Potato,"Red Nanital",Local,21/09/2026,4000,4000,4000
"Tamil Nadu",Cuddalore,"Chidambaram(Uzhavar Sandhai )","Bottle gourd","Bottle Gourd",Local,21/09/2026,2500,2500,2500
"Tamil Nadu",Cuddalore,"Cuddalore(Uzhavar Sandhai )","Banana - Green","Banana - Green",Local,21/09/2026,3000,3500,3250
"Tamil Nadu",Cuddalore,"Cuddalore(Uzhavar Sandhai )",Coconut,Coconut,Local,21/09/2026,6000,7000,6500
"Tamil Nadu",Cuddalore,"Cuddalore(Uzhavar Sandhai )",Raddish,Raddish,Local,21/09/2026,3000,3500,3250
"Tamil Nadu",Cuddalore,"Cuddalore(Uzhavar Sandhai )",Capsicum,Capsicum,Local,21/09/2026,5000,5000,5000
Bihar,Khagaria,"Khagaria APMC","Green Chilli","Green Chilly","Grade A",21/09/2026,4499.99955,4749.999525,4599.99954
Bihar,Khagaria,"Khagaria APMC","Bitter gourd","Bitter Gourd","Grade A",21/09/2026,2699.99973,3066.66636,2833.33305
"Tamil Nadu","Nagercoil (Kannyiakumari)","Vadaseri APMC",Brinjal,Round,Local,21/09/2026,5500,6000,5750
"Tamil Nadu","Nagercoil (Kannyiakumari)","Vadaseri APMC",Tomato,Local,Local,21/09/2026,2500,2800,2650
"Tamil Nadu","Nagercoil (Kannyiakumari)","Vadaseri APMC",Beans,"Beans (Whole)",Local,21/09/2026,11000,12000,11500
"Tamil Nadu","Nagercoil (Kannyiakumari)","Vadaseri APMC","Sweet Potato","Hosur Red",Local,21/09/2026,3500,4000,3750
"Tamil Nadu","Nagercoil (Kannyiakumari)","Vadaseri APMC",Cabbage,Cabbage,Local,21/09/2026,5000,5500,5250
"Tamil Nadu","Nagercoil (Kannyiakumari)","Vadaseri APMC",Beetroot,Beetroot,Local,21/09/2026,5500,6000,5750
"Tamil Nadu","Nagercoil (Kannyiakumari)","Vadaseri APMC",Cucumbar(Kheera),Cucumbar,Local,21/09/2026,2200,2500,2350
"Tamil Nadu","Nagercoil (Kannyiakumari)","Vadaseri APMC",Raddish,Raddish,Local,21/09/2026,4000,4500,4250
"Tamil Nadu","Nagercoil (Kannyiakumari)","Vadaseri APMC","Tender Coconut","Tender Coconut",Local,21/09/2026,4500,5000,4750
"Tamil Nadu","Nagercoil (Kannyiakumari)","Vadaseri APMC","Tamarind Fruit","Tamarind Fruit",Local,21/09/2026,13000,14000,13500
"Tamil Nadu","Nagercoil (Kannyiakumari)","Vadaseri APMC","Elephant Yam(Suran)/Amorphophallus","Elephant Yam (Suran)",Local,21/09/2026,5500,6000,5750
"Tamil Nadu",Pudukkottai,"Karambakkudi(Uzhavar Sandhai )",Tomato,Other,Local,21/09/2026,3000,3500,3250
"Tamil Nadu",Pudukkottai,"Karambakkudi(Uzhavar Sandhai )","Cluster beans","Cluster Beans",Local,21/09/2026,3500,4000,3750
"Tamil Nadu",Pudukkottai,"Karambakkudi(Uzhavar Sandhai )","Bitter gourd",Other,Local,21/09/2026,7000,8000,7500
"Tamil Nadu",Pudukkottai,"Karambakkudi(Uzhavar Sandhai )",Ashgourd,Gouard,Local,21/09/2026,1000,1500,1250
"Tamil Nadu",Vellore,"Vellore APMC","Banana - Green","Banana - Green",Local,21/09/2026,3500,3500,3500
"Tamil Nadu",Vellore,"Vellore APMC",Colacasia,Colacasia,Local,21/09/2026,4500,4500,4500
Bihar,Supaul,"Supaul APMC",Onion,Onion,"Grade A",21/09/2026,4000,4800,4500
"Tamil Nadu",Dharmapuri,"Harur(Uzhavar Sandhai )",Banana,Besrai,Local,21/09/2026,5000,7000,6000
"Tamil Nadu",Dharmapuri,"Harur(Uzhavar Sandhai )",Brinjal,Round,Local,21/09/2026,2500,3000,2750
"Tamil Nadu",Dharmapuri,"Harur(Uzhavar Sandhai )",Coriander(Leaves),"I Sort",Local,21/09/2026,3500,4000,3750
"Tamil Nadu",Dharmapuri,"Harur(Uzhavar Sandhai )",Papaya,Papaya,Local,21/09/2026,2500,3000,2750
"Tamil Nadu",Dharmapuri,"Harur(Uzhavar Sandhai )","Banana - Green","Banana - Green",Local,21/09/2026,2000,2500,2250
"Tamil Nadu",Dharmapuri,"Harur(Uzhavar Sandhai )",Snakeguard,Snakeguard,Local,21/09/2026,3500,4000,3750
"Tamil Nadu",Dharmapuri,"Harur(Uzhavar Sandhai )",Beetroot,Beetroot,Local,21/09/2026,5000,6000,5500
"Tamil Nadu",Dharmapuri,"Harur(Uzhavar Sandhai )",Ridgeguard(Tori),Ridgeguard(Tori),Local,21/09/2026,3500,4000,3750
"Tamil Nadu",Dharmapuri,"Harur(Uzhavar Sandhai )",Thondekai,Thondekai,Local,21/09/2026,4500,5000,4750
"Tamil Nadu",Dharmapuri,"Harur(Uzhavar Sandhai )",Drumstick,Drumstick,Local,21/09/2026,4500,5000,4750
"Tamil Nadu",Dharmapuri,"Harur(Uzhavar Sandhai )","Knool Khol","Knool Khol",Local,21/09/2026,4500,5000,4750
"Tamil Nadu",Dharmapuri,"Harur(Uzhavar Sandhai )","Amla(Nelli Kai)",Amla,Local,21/09/2026,6000,7000,6500
"Tamil Nadu",Dharmapuri,"Harur(Uzhavar Sandhai )","Onion Green","Onion Green",Local,21/09/2026,7000,7500,7250
"Tamil Nadu",Krishnagiri,"Kaveripattinam(Uzhavar Sandhai )",Brinjal,Round,Local,21/09/2026,4000,5000,4500
"Tamil Nadu",Krishnagiri,"Kaveripattinam(Uzhavar Sandhai )",Coriander(Leaves),"I Sort",Local,21/09/2026,4000,4000,4000
"Tamil Nadu",Krishnagiri,"Kaveripattinam(Uzhavar Sandhai )","Bitter gourd","Bitter Gourd",Local,21/09/2026,5000,5000,5000
"Tamil Nadu",Krishnagiri,"Kaveripattinam(Uzhavar Sandhai )",Ashgourd,Gouard,Local,21/09/2026,2000,2000,2000
"Tamil Nadu",Krishnagiri,"Kaveripattinam(Uzhavar Sandhai )",Coconut,Coconut,Local,21/09/2026,6000,6000,6000
"Tamil Nadu",Krishnagiri,"Kaveripattinam(Uzhavar Sandhai )",Drumstick,Drumstick,Local,21/09/2026,4000,4000,4000
"Tamil Nadu",Krishnagiri,"Kaveripattinam(Uzhavar Sandhai )",Lemon,Lemon,Local,21/09/2026,14000,14000,14000
"Tamil Nadu","The Nilgiris","Coonoor(Uzhavar Sandhai )",Banana,"Red Banana",Local,21/09/2026,8000,8500,8250
"Tamil Nadu","The Nilgiris","Coonoor(Uzhavar Sandhai )","Cluster beans","Cluster Beans",Local,21/09/2026,3500,4000,3750
"Tamil Nadu","The Nilgiris","Coonoor(Uzhavar Sandhai )",Ashgourd,Gouard,Local,21/09/2026,2500,2700,2600
"Tamil Nadu","The Nilgiris","Coonoor(Uzhavar Sandhai )",Pumpkin,Pumpkin,Local,21/09/2026,1800,2000,1900
"Tamil Nadu","The Nilgiris","Coonoor(Uzhavar Sandhai )",Beans,"Beans (Whole)",Local,21/09/2026,6500,7000,6750
"Tamil Nadu","The Nilgiris","Coonoor(Uzhavar Sandhai )",Tapioca,Tapioca,Local,21/09/2026,3000,3400,3200
"Tamil Nadu","The Nilgiris","Coonoor(Uzhavar Sandhai )",Ginger(Green),"Green Ginger",Local,21/09/2026,15000,16000,15500
"Tamil Nadu","The Nilgiris","Coonoor(Uzhavar Sandhai )",Coconut,Coconut,Local,21/09/2026,6000,6500,6250
"Tamil Nadu","The Nilgiris","Coonoor(Uzhavar Sandhai )",Carrot,Pusakesar,Local,21/09/2026,4500,5000,4750
"Tamil Nadu","The Nilgiris","Coonoor(Uzhavar Sandhai )",Cucumbar(Kheera),Cucumbar,Local,21/09/2026,4500,4800,4650
"Tamil Nadu","The Nilgiris","Coonoor(Uzhavar Sandhai )",Ridgeguard(Tori),Ridgeguard(Tori),Local,21/09/2026,4500,4800,4650
"Tamil Nadu","The Nilgiris","Coonoor(Uzhavar Sandhai )",Lemon,Lemon,Local,21/09/2026,24000,25000,24500
"Tamil Nadu","The Nilgiris","Gudalur(Uzhavar Sandhai )",Coriander(Leaves),"I Sort",Local,21/09/2026,6000,7000,6500
"Tamil Nadu","The Nilgiris","Gudalur(Uzhavar Sandhai )",Tomato,Deshi,Local,21/09/2026,2500,3000,2750
"Tamil Nadu","The Nilgiris","Gudalur(Uzhavar Sandhai )","Bitter gourd","Bitter Gourd",Local,21/09/2026,4500,5000,4750
"Tamil Nadu","The Nilgiris","Gudalur(Uzhavar Sandhai )",Ashgourd,Gouard,Local,21/09/2026,1800,2000,1900
"Tamil Nadu","The Nilgiris","Gudalur(Uzhavar Sandhai )","Bhindi(Ladies Finger)",Bhindi,Local,21/09/2026,4000,4500,4250
"Tamil Nadu","The Nilgiris","Gudalur(Uzhavar Sandhai )",Amaranthus,Amaranthus,Local,21/09/2026,5000,6000,5500
"Tamil Nadu","The Nilgiris","Gudalur(Uzhavar Sandhai )","Green Chilli","Green Chilly",Local,21/09/2026,5000,5500,5250
"Tamil Nadu","The Nilgiris","Gudalur(Uzhavar Sandhai )",Tapioca,Tapioca,Local,21/09/2026,3000,3500,3250
"Tamil Nadu","The Nilgiris","Gudalur(Uzhavar Sandhai )",Coconut,Coconut,Local,21/09/2026,6000,6500,6250
"Tamil Nadu","The Nilgiris","Gudalur(Uzhavar Sandhai )",Beetroot,Beetroot,Local,21/09/2026,4500,5000,4750
"Tamil Nadu","The Nilgiris","Gudalur(Uzhavar Sandhai )",Cucumbar(Kheera),Cucumbar,Local,21/09/2026,3500,4000,3750
"Tamil Nadu","The Nilgiris","Gudalur(Uzhavar Sandhai )",Capsicum,Capsicum,Local,21/09/2026,5000,6000,5500
"Himachal Pradesh",Kangra,"SMY Palampur","Persimon(Japani Fal)",Other,Medium,21/09/2026,7000,10000,8500
"Himachal Pradesh",Kangra,"SMY Palampur",Lemon,Other,FAQ,21/09/2026,17000,18000,17500
"Himachal Pradesh",Kangra,"SMY Palampur",Cauliflower,Cauliflower,FAQ,21/09/2026,4500,5000,4800
"Himachal Pradesh",Kangra,"SMY Palampur",Brinjal,Brinjal,FAQ,21/09/2026,2500,3500,3000
"Himachal Pradesh",Kangra,"SMY Palampur","Green Chilli","Green Chilly",FAQ,21/09/2026,4500,5000,4800
"Himachal Pradesh",Kangra,"SMY Palampur",Coriander(Leaves),Coriander,FAQ,21/09/2026,10000,15000,12500
Punjab,Tarntaran,"Patti APMC","Bitter gourd",Other,Local,21/09/2026,0.03,0.03,0.03
Punjab,Tarntaran,"Patti APMC",Spinach,Other,Local,21/09/2026,300,300,300
Punjab,Tarntaran,"Patti APMC",Potato,Potato,Local,21/09/2026,0.01,0.01,0.01
Uttarakhand,Dehradoon,"Vikasnagar APMC","Mousambi(Sweet Lime)",Other,Medium,21/09/2026,1800,2200,2200
Uttarakhand,Dehradoon,"Vikasnagar APMC",Brinjal,Other,Medium,21/09/2026,800,900,900
Uttarakhand,Dehradoon,"Vikasnagar APMC",Onion,Other,Medium,21/09/2026,1800,3000,3000
Uttarakhand,Dehradoon,"Vikasnagar APMC",Potato,Other,Medium,21/09/2026,500,1000,1000
Uttarakhand,Dehradoon,"Vikasnagar APMC",Cabbage,Cabbage,Medium,21/09/2026,500,1500,1200
Odisha,Jagatsinghpur,"Jagatsinghpur APMC",Brinjal,Other,Local,21/09/2026,5800,6000,5900
"Uttar Pradesh",Mau(Maunathbhanjan),"Kopaganj APMC",Cauliflower,Cauliflower,FAQ,21/09/2026,2450,2550,2500
"Uttar Pradesh",Mau(Maunathbhanjan),"Kopaganj APMC",Apple,Apple,"Grade B",21/09/2026,9090,10100,10000
Haryana,Hissar,"Hansi APMC",Chikoos(Sapota),Other,"Grade B",21/09/2026,6000,10000,8000
Haryana,Hissar,"Hansi APMC",Brinjal,Other,FAQ,21/09/2026,800,1000,900
Haryana,Hissar,"Hansi APMC","Bitter gourd",Other,FAQ,21/09/2026,3000,3500,3200
Haryana,Hissar,"Hansi APMC",Colacasia,Other,FAQ,21/09/2026,2500,3000,2750
Haryana,Hissar,"Hansi APMC","Peas Wet",Other,FAQ,21/09/2026,10000,12000,11000
Haryana,Hissar,"Hansi APMC",Guar,Other,FAQ,21/09/2026,5000,6000,5500
Haryana,Hissar,"Hansi APMC",Capsicum,Other,FAQ,21/09/2026,4000,5000,4500
Punjab,Amritsar,"Rayya APMC",Tomato,Other,FAQ,21/09/2026,710,710,710
Punjab,Amritsar,"Rayya APMC","Bhindi(Ladies Finger)",Bhindi,FAQ,21/09/2026,675,675,675
Punjab,Amritsar,"Rayya APMC","Green Chilli","Green Chilly",FAQ,21/09/2026,1060,1060,1060
Punjab,Amritsar,"Rayya APMC",Raddish,Other,FAQ,21/09/2026,2062,2062,2062
Gujarat,Amreli,"APMC Bagasara",Cotton,Other,Local,21/09/2026,8000,10020,9010
Gujarat,Amreli,"APMC Bagasara",Soyabean,Yellow,Local,21/09/2026,5000,5750,5375
Gujarat,Amreli,"APMC Bagasara","Sesamum(Sesame,Gingelly,Til)",White,Local,21/09/2026,10000,10500,10500
"Andhra Pradesh",Bapatla,"Kuchinapudi APMC","Black Gram(Urd Beans)(Whole)","Black Gram (Whole)",Local,21/09/2026,10000,10200,10100
Keralam,Kollam,"Chathanoor Market",Pumpkin,Other,FAQ,21/09/2026,2000,2700,2400
Keralam,Kollam,"Chathanoor Market",Onion,Other,FAQ,21/09/2026,5800,6200,6000
Keralam,Kollam,"Chathanoor Market",Banana,"Red Banana",Medium,21/09/2026,8000,9000,8500
Telangana,Khammam,"Pavilion Ground,Khammam,RBZ",Tomato,Deshi,FAQ,21/09/2026,2600,2600,2600
Haryana,Rewari,"Kosli APMC",Potato,Other,FAQ,21/09/2026,1000,1000,1000
Karnataka,Bagalkot,"Hungund APMC",Jowar(Sorghum),Yellow,FAQ,21/09/2026,2300,2300,2300
Haryana,Sonipat,"Ganaur APMC",Cabbage,Cabbage,Medium,21/09/2026,2500,3000,2800
Haryana,Sonipat,"Ganaur APMC","Bottle gourd","Bottle Gourd",Medium,21/09/2026,1000,1200,1000
Haryana,Sonipat,"Ganaur APMC",Ridgeguard(Tori),Ridgeguard(Tori),Medium,21/09/2026,2500,3000,2800
Haryana,Sonipat,"Ganaur APMC","Bitter gourd","Bitter Gourd",Medium,21/09/2026,2500,3000,2800
Haryana,Sonipat,"Ganaur APMC",Spinach,Spinach,Medium,21/09/2026,2500,3000,2800
Haryana,Kurukshetra,"Ladwa APMC",Cabbage,Cabbage,Medium,21/09/2026,3500,4000,4000
Haryana,Kurukshetra,"Ladwa APMC",Tomato,Other,Medium,21/09/2026,4500,5000,5000
Haryana,Kurukshetra,"Ladwa APMC",Pumpkin,Pumpkin,Medium,21/09/2026,2500,3500,3000
Punjab,Hoshiarpur,"GarhShankar (Kotfatuhi) APMC",Onion,Other,FAQ,21/09/2026,4000,4000,4000
Rajasthan,Jalore,"Jalore APMC",Brinjal,Brinjal,Local,21/09/2026,1500,2000,1800
Rajasthan,Jalore,"Jalore APMC",Cabbage,Cabbage,Local,21/09/2026,1500,1800,1600
Rajasthan,Jalore,"Jalore APMC",Coriander(Leaves),Coriander,Local,21/09/2026,2000,2500,2300
Rajasthan,Jalore,"Jalore APMC",Lemon,Other,Local,21/09/2026,2000,2500,2300
Keralam,Kottayam,"Pala Market",Carrot,Carrot,FAQ,21/09/2026,5500,6800,6200
Keralam,Kottayam,"Pala Market","Cluster beans","Cluster Beans",FAQ,21/09/2026,8400,9000,8600
"Andhra Pradesh",Tirupathi,"Vakadu APMC",Paddy(Common),"B P T",Local,21/09/2026,2389,2410,2400
Keralam,Alappuzha,"Harippad Market",Ashgourd,Other,FAQ,21/09/2026,4000,4500,4000
Keralam,Alappuzha,"Harippad Market","Banana - Green",Other,FAQ,21/09/2026,6000,6500,6000
Keralam,Thiruvananthapuram,"Neyyatinkara Market",Colacasia,Colacasia,FAQ,21/09/2026,5400,6000,5600
Keralam,Thiruvananthapuram,"Neyyatinkara Market","Green Chilli","Green Chilly",FAQ,21/09/2026,7500,8000,7700
Keralam,Thiruvananthapuram,"Neyyatinkara Market","Banana - Green","Banana - Green",FAQ,21/09/2026,6000,6500,6200
Keralam,Thiruvananthapuram,"Neyyatinkara Market","Cluster beans",Other,FAQ,21/09/2026,7000,14000,8000
Keralam,Thiruvananthapuram,"Neyyatinkara Market","Bitter gourd","Bitter Gourd",FAQ,21/09/2026,6000,6500,6200
Keralam,Thiruvananthapuram,"Neyyatinkara Market","Duster Beans",Other,FAQ,21/09/2026,5400,6000,5600
Keralam,Thiruvananthapuram,"Neyyatinkara Market",Snakeguard,Other,FAQ,21/09/2026,3400,4000,3600
Punjab,Moga,"Moga APMC",Cauliflower,Local,Medium,21/09/2026,3000,4000,3500
Punjab,Moga,"Moga APMC",Tomato,Other,Medium,21/09/2026,1500,2400,2000
Keralam,Ernakulam,"Perumbavoor Market",Amaranthus,Amaranthus,Medium,21/09/2026,2500,3500,3000
Keralam,Ernakulam,"Perumbavoor Market",Beetroot,Beetroot,Medium,21/09/2026,5000,5600,5200
Keralam,Ernakulam,"Perumbavoor Market","Banana - Green","Banana - Green",Medium,21/09/2026,5200,5600,5400
Keralam,Ernakulam,"Perumbavoor Market","Bhindi(Ladies Finger)",Bhindi,Medium,21/09/2026,4000,4800,4400
Keralam,Ernakulam,"Perumbavoor Market","Indian Beans(Seam)","Indian Beans (Seam)",Medium,21/09/2026,6000,6800,6400
Keralam,Ernakulam,"Perumbavoor Market",Colacasia,Other,Medium,21/09/2026,5000,5800,5400
Keralam,Ernakulam,"Perumbavoor Market",Cowpea(Veg),"Cowpea (Veg)",Medium,21/09/2026,5000,6000,5500
Keralam,Ernakulam,"Perumbavoor Market",Ginger(Green),"Green Ginger",Medium,21/09/2026,15000,16000,15500
Keralam,Ernakulam,"Perumbavoor Market",Snakeguard,Snakeguard,Large,21/09/2026,4000,5000,4500
Keralam,Ernakulam,"Perumbavoor Market",Banana,Palayamthodan,Medium,21/09/2026,3000,4000,3500
"Tamil Nadu",Thirupur,"Tiruppur (South) (Uzhavar Sandhai )",Banana,"Red Banana",Local,21/09/2026,5000,6000,5500
"Tamil Nadu",Thirupur,"Tiruppur (South) (Uzhavar Sandhai )",Coriander(Leaves),"I Sort",Local,21/09/2026,4000,5000,4500
"Tamil Nadu",Thirupur,"Tiruppur (South) (Uzhavar Sandhai )","Cluster beans","Cluster Beans",Local,21/09/2026,2700,3000,2850
"Tamil Nadu",Thirupur,"Tiruppur (South) (Uzhavar Sandhai )","Bottle gourd","Bottle Gourd",Local,21/09/2026,1500,2000,1750
"Tamil Nadu",Thirupur,"Tiruppur (South) (Uzhavar Sandhai )",Amaranthus,Amaranthus,Local,21/09/2026,2000,3000,2500
"Tamil Nadu",Thirupur,"Tiruppur (South) (Uzhavar Sandhai )",Cowpea(Veg),"Cowpea (Veg)",Local,21/09/2026,3500,4000,3750
"Tamil Nadu",Thirupur,"Tiruppur (South) (Uzhavar Sandhai )",Snakeguard,Snakeguard,Local,21/09/2026,2500,3000,2750
"Tamil Nadu",Thirupur,"Tiruppur (South) (Uzhavar Sandhai )",Mint(Pudina),Mint(Pudina),Local,21/09/2026,2500,3000,2750
"Tamil Nadu",Erode,"Perundurai(Uzhavar Sandhai )",Onion,Bellary,Local,21/09/2026,6000,6500,6250
"Tamil Nadu",Erode,"Perundurai(Uzhavar Sandhai )",Brinjal,Round,Local,21/09/2026,3800,4200,4000
"Tamil Nadu",Erode,"Perundurai(Uzhavar Sandhai )",Chikoos(Sapota),Sapota,Local,21/09/2026,3600,4000,3800
"Tamil Nadu",Erode,"Perundurai(Uzhavar Sandhai )",Tomato,Deshi,Local,21/09/2026,2500,2800,2650
"Tamil Nadu",Erode,"Perundurai(Uzhavar Sandhai )",Snakeguard,Snakeguard,Local,21/09/2026,3500,3800,3650
"Tamil Nadu",Erode,"Perundurai(Uzhavar Sandhai )",Raddish,Raddish,Local,21/09/2026,2500,2800,2650
"Tamil Nadu",Erode,"Perundurai(Uzhavar Sandhai )","Green Avare(W)","Green Avare (W)",Local,21/09/2026,7000,7500,7250
"Tamil Nadu",Erode,"Perundurai(Uzhavar Sandhai )","Elephant Yam(Suran)/Amorphophallus","Elephant Yam (Suran)",Local,21/09/2026,3000,3500,3250
"Tamil Nadu",Dharmapuri,"Dharmapuri(Uzhavar Sandhai )",Onion,Bellary,Local,21/09/2026,6000,6400,6200
"Tamil Nadu",Dharmapuri,"Dharmapuri(Uzhavar Sandhai )",Cabbage,Cabbage,Local,21/09/2026,2800,3000,2900
"Tamil Nadu",Dharmapuri,"Dharmapuri(Uzhavar Sandhai )",Cucumbar(Kheera),Cucumbar,Local,21/09/2026,4200,4500,4350
"Tamil Nadu",Dharmapuri,"Dharmapuri(Uzhavar Sandhai )","Knool Khol","Knool Khol",Local,21/09/2026,4400,4600,4500
"Tamil Nadu",Dharmapuri,"Dharmapuri(Uzhavar Sandhai )",Marigold(Calcutta),Marigold(Calcutta),Local,21/09/2026,15200,16000,15600
"Tamil Nadu",Dharmapuri,"Dharmapuri(Uzhavar Sandhai )",Yam(Ratalu),"Yam (Ratalu)",Local,21/09/2026,11200,12000,11600
"Tamil Nadu",Dharmapuri,"Palacode(Uzhavar Sandhai )",Banana,Poovan,Local,21/09/2026,5000,5500,5250
"Tamil Nadu",Dharmapuri,"Palacode(Uzhavar Sandhai )",Onion,Bellary,Local,21/09/2026,6000,6400,6200
"Tamil Nadu",Dharmapuri,"Palacode(Uzhavar Sandhai )",Coriander(Leaves),"I Sort",Local,21/09/2026,4500,5000,4750
"Tamil Nadu",Dharmapuri,"Palacode(Uzhavar Sandhai )",Carrot,Pusakesar,Local,21/09/2026,6000,6200,6100
"Tamil Nadu",Dharmapuri,"Palacode(Uzhavar Sandhai )",Cabbage,Cabbage,Local,21/09/2026,2800,3000,2900
"Tamil Nadu",Dharmapuri,"Palacode(Uzhavar Sandhai )",Snakeguard,Snakeguard,Local,21/09/2026,3000,3200,3100
"Tamil Nadu",Dharmapuri,"Palacode(Uzhavar Sandhai )",Cucumbar(Kheera),Cucumbar,Local,21/09/2026,3800,4000,3900
"Tamil Nadu",Dharmapuri,"Palacode(Uzhavar Sandhai )",Thondekai,Thondekai,Local,21/09/2026,4300,4500,4400
"Tamil Nadu",Dharmapuri,"Palacode(Uzhavar Sandhai )",Capsicum,Capsicum,Local,21/09/2026,6800,7000,6900
"Tamil Nadu",Dharmapuri,"Palacode(Uzhavar Sandhai )","Green Avare(W)","Green Avare (W)",Local,21/09/2026,5400,5600,5500
"Tamil Nadu",Dharmapuri,"Palacode(Uzhavar Sandhai )",Drumstick,Drumstick,Local,21/09/2026,2500,3000,2750
"Tamil Nadu",Dharmapuri,"Palacode(Uzhavar Sandhai )","Elephant Yam(Suran)/Amorphophallus","Elephant Yam (Suran)",Local,21/09/2026,5500,6000,5750
"Tamil Nadu",Dharmapuri,"Palacode(Uzhavar Sandhai )","Sweet Corn ","Sweet Corn ",Local,21/09/2026,2800,3000,2900
"Tamil Nadu",Dharmapuri,"Pennagaram(Uzhavar Sandhai )",Groundnut,"Big (With Shell)",Local,21/09/2026,6000,6500,6250
"Tamil Nadu",Dharmapuri,"Pennagaram(Uzhavar Sandhai )",Cauliflower,Ranchi,Local,21/09/2026,2500,3000,2750
"Tamil Nadu",Dharmapuri,"Pennagaram(Uzhavar Sandhai )",Coriander(Leaves),"I Sort",Local,21/09/2026,7500,8000,7750
"Tamil Nadu",Dharmapuri,"Pennagaram(Uzhavar Sandhai )",Papaya,Papaya,Local,21/09/2026,3000,3500,3250
"Tamil Nadu",Dharmapuri,"Pennagaram(Uzhavar Sandhai )","Cluster beans","Cluster Beans",Local,21/09/2026,2800,3000,2900
"Tamil Nadu",Dharmapuri,"Pennagaram(Uzhavar Sandhai )","Bitter gourd","Bitter Gourd",Local,21/09/2026,3500,4000,3750
"Tamil Nadu",Dharmapuri,"Pennagaram(Uzhavar Sandhai )","Bottle gourd","Bottle Gourd",Local,21/09/2026,2200,2400,2300
"Tamil Nadu",Dharmapuri,"Pennagaram(Uzhavar Sandhai )","Bhindi(Ladies Finger)",Bhindi,Local,21/09/2026,2800,3000,2900
"Tamil Nadu",Dharmapuri,"Pennagaram(Uzhavar Sandhai )",Tapioca,Tapioca,Local,21/09/2026,2800,3000,2900
"Tamil Nadu",Dharmapuri,"Pennagaram(Uzhavar Sandhai )",Cabbage,Cabbage,Local,21/09/2026,3000,3500,3250
"Tamil Nadu",Dharmapuri,"Pennagaram(Uzhavar Sandhai )","Sweet Corn ","Sweet Corn ",Local,21/09/2026,1800,2000,1900
"Tamil Nadu",Dindigul,"Chinnalapatti(Uzhavar Sandhai )",Banana,Besrai,Local,21/09/2026,6000,7000,6500
"Tamil Nadu",Dindigul,"Chinnalapatti(Uzhavar Sandhai )",Ginger(Green),"Green Ginger",Local,21/09/2026,18000,20000,19000
"Tamil Nadu",Dindigul,"Chinnalapatti(Uzhavar Sandhai )",Thondekai,Thondekai,Local,21/09/2026,3600,4000,3800
"Tamil Nadu",Dindigul,"Chinnalapatti(Uzhavar Sandhai )",Drumstick,Drumstick,Local,21/09/2026,3600,4000,3800
"Tamil Nadu",Dindigul,"Chinnalapatti(Uzhavar Sandhai )",Yam(Ratalu),"Yam (Ratalu)",Local,21/09/2026,7600,8000,7800
"Tamil Nadu",Dindigul,"Chinnalapatti(Uzhavar Sandhai )",Mint(Pudina),Mint(Pudina),Local,21/09/2026,3500,4000,3750
"Tamil Nadu",Dindigul,"Dindigul(Uzhavar Sandhai )",Cauliflower,Ranchi,Local,21/09/2026,4000,5000,4500
"Tamil Nadu",Dindigul,"Dindigul(Uzhavar Sandhai )","Bitter gourd",Other,Local,21/09/2026,6000,7000,6500
"Tamil Nadu",Dindigul,"Dindigul(Uzhavar Sandhai )","Sweet Potato","Hosur Red",Local,21/09/2026,5000,6000,5500
"Tamil Nadu",Dindigul,"Dindigul(Uzhavar Sandhai )","Knool Khol","Knool Khol",Local,21/09/2026,4000,5000,4500
"Tamil Nadu",Dindigul,"Dindigul(Uzhavar Sandhai )",Yam(Ratalu),"Yam (Ratalu)",Local,21/09/2026,7000,8000,7500
"Tamil Nadu",Dindigul,"Dindigul(Uzhavar Sandhai )","Amla(Nelli Kai)",Amla,Local,21/09/2026,6000,7000,6500
"Tamil Nadu",Dindigul,"Palani(Uzhavar Sandhai )",Soyabean,Local,Local,21/09/2026,10000,12000,11000
"Tamil Nadu",Dindigul,"Palani(Uzhavar Sandhai )",Garlic,Garlic,Local,21/09/2026,16000,25000,20500
"Tamil Nadu",Dindigul,"Palani(Uzhavar Sandhai )",Tomato,Deshi,Local,21/09/2026,1200,2000,1600
"Tamil Nadu",Dindigul,"Palani(Uzhavar Sandhai )",Beans,"Beans (Whole)",Local,21/09/2026,7000,8000,7500
"Tamil Nadu",Dindigul,"Palani(Uzhavar Sandhai )","Sweet Potato","Hosur Red",Local,21/09/2026,5000,6000,5500
"Tamil Nadu",Dindigul,"Palani(Uzhavar Sandhai )",Carrot,Pusakesar,Local,21/09/2026,4000,5000,4500
"Tamil Nadu",Dindigul,"Palani(Uzhavar Sandhai )",Raddish,Raddish,Local,21/09/2026,2000,3000,2500
"Tamil Nadu",Dindigul,"Palani(Uzhavar Sandhai )",Thondekai,Thondekai,Local,21/09/2026,3400,4000,3700
"Tamil Nadu",Erode,"Periyar Nagar(Uzhavar Sandhai )",Ridgeguard(Tori),Ridgeguard(Tori),Local,21/09/2026,3400,3800,3600
"Tamil Nadu",Erode,"Periyar Nagar(Uzhavar Sandhai )",Raddish,Raddish,Local,21/09/2026,2000,2500,2250
"Tamil Nadu",Erode,"Periyar Nagar(Uzhavar Sandhai )","Baby Corn","Baby Corn","Grade A",21/09/2026,1500,1700,1600
"Tamil Nadu",Kallakuruchi,"Sankarapuram(Uzhavar Sandhai )",Banana,Besrai,Local,21/09/2026,4000,4000,4000
"Tamil Nadu",Kallakuruchi,"Sankarapuram(Uzhavar Sandhai )","Bottle gourd","Bottle Gourd",Local,21/09/2026,1500,1500,1500
"Tamil Nadu",Kallakuruchi,"Sankarapuram(Uzhavar Sandhai )",Pumpkin,Pumpkin,Local,21/09/2026,2000,2000,2000
"Tamil Nadu",Kallakuruchi,"Sankarapuram(Uzhavar Sandhai )",Beetroot,Beetroot,Local,21/09/2026,6000,6000,6000
"Tamil Nadu",Kallakuruchi,"Sankarapuram(Uzhavar Sandhai )",Raddish,Raddish,Local,21/09/2026,5000,5000,5000
"Tamil Nadu",Kallakuruchi,"Sankarapuram(Uzhavar Sandhai )",Thondekai,Thondekai,Local,21/09/2026,6000,6000,6000
"Tamil Nadu",Kallakuruchi,"Sankarapuram(Uzhavar Sandhai )","Green Avare(W)","Green Avare (W)",Local,21/09/2026,7000,7000,7000
"Tamil Nadu",Kallakuruchi,"Sankarapuram(Uzhavar Sandhai )","Jack Fruit(Ripe)","Jack Fruit",Local,21/09/2026,2000,2000,2000
"Tamil Nadu",Kancheepuram,"Kundrathur(Uzhavar Sandhai )",Potato,Other,Local,21/09/2026,3000,3000,3000
"Tamil Nadu",Kancheepuram,"Kundrathur(Uzhavar Sandhai )",Ashgourd,Gouard,Local,21/09/2026,2000,2000,2000
"Tamil Nadu",Kancheepuram,"Kundrathur(Uzhavar Sandhai )",Pumpkin,Pumpkin,Local,21/09/2026,2000,2000,2000
"Tamil Nadu",Kancheepuram,"Kundrathur(Uzhavar Sandhai )",Beetroot,Beetroot,Local,21/09/2026,3500,4000,3750
"Tamil Nadu",Kancheepuram,"Kundrathur(Uzhavar Sandhai )",Drumstick,Drumstick,Local,21/09/2026,5000,5000,5000
"Tamil Nadu",Kancheepuram,"Kundrathur(Uzhavar Sandhai )",Yam(Ratalu),"Yam (Ratalu)",Local,21/09/2026,4000,4000,4000
"Tamil Nadu",Kancheepuram,"Sunguvarchatram(Uzhavar Sandhai )",Potato,Other,Local,21/09/2026,3000,3000,3000
"Tamil Nadu",Kancheepuram,"Sunguvarchatram(Uzhavar Sandhai )","Bhindi(Ladies Finger)",Bhindi,Local,21/09/2026,4000,4000,4000
"Tamil Nadu",Kancheepuram,"Sunguvarchatram(Uzhavar Sandhai )",Amaranthus,Amaranthus,Local,21/09/2026,3000,3000,3000
"Tamil Nadu",Kancheepuram,"Sunguvarchatram(Uzhavar Sandhai )","Green Chilli","Green Chilly",Local,21/09/2026,5000,6000,5500
"Tamil Nadu",Kancheepuram,"Sunguvarchatram(Uzhavar Sandhai )",Beans,"Beans (Whole)",Local,21/09/2026,7000,8000,7500
"Tamil Nadu",Kancheepuram,"Sunguvarchatram(Uzhavar Sandhai )",Drumstick,Drumstick,Local,21/09/2026,5000,5000,5000
"Tamil Nadu",Krishnagiri,"Avallapalli(Uzhavar Sandhai )","Green Peas","Green Peas",Local,21/09/2026,12000,14000,13000
"Tamil Nadu",Krishnagiri,"Avallapalli(Uzhavar Sandhai )","Cluster beans","Cluster Beans",Local,21/09/2026,4500,5000,4750
"Tamil Nadu",Krishnagiri,"Avallapalli(Uzhavar Sandhai )","Bitter gourd","Bitter Gourd",Local,21/09/2026,4000,4500,4250
"Tamil Nadu",Krishnagiri,"Avallapalli(Uzhavar Sandhai )","Bottle gourd","Bottle Gourd",Local,21/09/2026,2000,2500,2250
"Tamil Nadu",Krishnagiri,"Avallapalli(Uzhavar Sandhai )",Ginger(Green),"Green Ginger",Local,21/09/2026,16000,18000,17000
"Tamil Nadu",Krishnagiri,"Avallapalli(Uzhavar Sandhai )",Drumstick,Drumstick,Local,21/09/2026,4500,5000,4750
"Tamil Nadu",Dharmapuri,"Karimangalam(Uzhavar Sandhai)",Garlic,Garlic,Local,21/09/2026,21000,22000,21500
"Tamil Nadu",Dharmapuri,"Karimangalam(Uzhavar Sandhai)","Bitter gourd",Other,Local,21/09/2026,3800,4000,3900
"Tamil Nadu",Dharmapuri,"Karimangalam(Uzhavar Sandhai)","Bottle gourd","Bottle Gourd",Local,21/09/2026,1800,2000,1900
"Tamil Nadu",Dharmapuri,"Karimangalam(Uzhavar Sandhai)","Bhindi(Ladies Finger)",Bhindi,Local,21/09/2026,1800,2000,1900
"Tamil Nadu",Dharmapuri,"Karimangalam(Uzhavar Sandhai)",Ginger(Green),"Green Ginger",Local,21/09/2026,19000,20000,19500
"Tamil Nadu",Dharmapuri,"Karimangalam(Uzhavar Sandhai)",Snakeguard,Snakeguard,Local,21/09/2026,2300,2500,2400
"Tamil Nadu",Dharmapuri,"Karimangalam(Uzhavar Sandhai)",Ridgeguard(Tori),Ridgeguard(Tori),Local,21/09/2026,3800,4000,3900
"Tamil Nadu",Dharmapuri,"Karimangalam(Uzhavar Sandhai)","Knool Khol","Knool Khol",Local,21/09/2026,4400,4800,4600
"Tamil Nadu",Dharmapuri,"Karimangalam(Uzhavar Sandhai)",Lemon,Lemon,Local,21/09/2026,21000,22000,21500
"Tamil Nadu",Krishnagiri,"Denkanikottai(Uzhavar Sandhai )",Onion,Bellary,Local,21/09/2026,6000,6500,6250
"Tamil Nadu",Krishnagiri,"Denkanikottai(Uzhavar Sandhai )",Cauliflower,Ranchi,Local,21/09/2026,2500,3000,2750
"Tamil Nadu",Krishnagiri,"Denkanikottai(Uzhavar Sandhai )",Brinjal,Round,Local,21/09/2026,2500,3000,2750
"Tamil Nadu",Krishnagiri,"Denkanikottai(Uzhavar Sandhai )",Coconut,Coconut,Local,21/09/2026,5500,6000,5750
"Tamil Nadu",Krishnagiri,"Denkanikottai(Uzhavar Sandhai )",Cabbage,Cabbage,Local,21/09/2026,1000,1500,1250
"Tamil Nadu",Krishnagiri,"Denkanikottai(Uzhavar Sandhai )",Snakeguard,Snakeguard,Local,21/09/2026,3000,3500,3250
"Tamil Nadu",Krishnagiri,"Denkanikottai(Uzhavar Sandhai )",Beetroot,Beetroot,Local,21/09/2026,4000,4500,4250
"Tamil Nadu",Krishnagiri,"Denkanikottai(Uzhavar Sandhai )",Capsicum,Capsicum,Local,21/09/2026,3500,4000,3750
"Tamil Nadu",Krishnagiri,"Denkanikottai(Uzhavar Sandhai )",Lemon,Lemon,Local,21/09/2026,22000,25000,23500
"Tamil Nadu",Krishnagiri,"Hosur(Uzhavar Sandhai )",Garlic,Garlic,Local,21/09/2026,20000,24000,22000
"Tamil Nadu",Krishnagiri,"Hosur(Uzhavar Sandhai )",Cauliflower,Ranchi,Local,21/09/2026,2500,3000,2750
"Tamil Nadu",Krishnagiri,"Hosur(Uzhavar Sandhai )","Water Melon","Water Melon",Local,21/09/2026,2000,2500,2250
"Tamil Nadu",Krishnagiri,"Hosur(Uzhavar Sandhai )","Cluster beans","Cluster Beans",Local,21/09/2026,4500,5000,4750
"Tamil Nadu",Krishnagiri,"Hosur(Uzhavar Sandhai )","Betal Leaves",Mysore,Local,21/09/2026,10000,12000,11000
"Tamil Nadu",Krishnagiri,"Hosur(Uzhavar Sandhai )",Carrot,Pusakesar,Local,21/09/2026,4500,5000,4750
"Tamil Nadu",Krishnagiri,"Hosur(Uzhavar Sandhai )",Raddish,Raddish,Local,21/09/2026,1200,1500,1350
"Tamil Nadu",Krishnagiri,"Hosur(Uzhavar Sandhai )",Thondekai,Thondekai,Local,21/09/2026,3000,3500,3250
"Tamil Nadu",Krishnagiri,"Hosur(Uzhavar Sandhai )",Drumstick,Drumstick,Local,21/09/2026,4500,5000,4750
"Tamil Nadu",Krishnagiri,"Hosur(Uzhavar Sandhai )",Guava,"Guava Allahabad",Local,21/09/2026,9000,10000,9500
"Tamil Nadu",Krishnagiri,"Hosur(Uzhavar Sandhai )","Karbuja(Musk Melon)",Karbhuja,Local,21/09/2026,5500,6000,5750
"Tamil Nadu",Krishnagiri,"Hosur(Uzhavar Sandhai )",Colacasia,Colacasia,Local,21/09/2026,4500,5000,4750
"Tamil Nadu",Krishnagiri,"Hosur(Uzhavar Sandhai )","Amla(Nelli Kai)",Amla,Local,21/09/2026,12000,14000,13000
"Tamil Nadu",Krishnagiri,"Hosur(Uzhavar Sandhai )","Onion Green","Onion Green",Local,21/09/2026,10000,11000,10500
"Tamil Nadu",Madurai,"Anaiyur(Uzhavar Sandhai )",Orange,Darjeeling,Local,21/09/2026,14000,16000,15000
"Tamil Nadu",Madurai,"Anaiyur(Uzhavar Sandhai )",Brinjal,Round,Local,21/09/2026,4000,4500,4250
"Tamil Nadu",Madurai,"Anaiyur(Uzhavar Sandhai )",Papaya,Papaya,Local,21/09/2026,4500,5000,4750
"Tamil Nadu",Madurai,"Anaiyur(Uzhavar Sandhai )","Cluster beans","Cluster Beans",Local,21/09/2026,3600,4000,3800
"Tamil Nadu",Madurai,"Anaiyur(Uzhavar Sandhai )",Pumpkin,Pumpkin,Local,21/09/2026,1600,2000,1800
"Tamil Nadu",Madurai,"Anaiyur(Uzhavar Sandhai )",Amaranthus,Amaranthus,Local,21/09/2026,3000,3600,3300
"Tamil Nadu",Madurai,"Anaiyur(Uzhavar Sandhai )","Green Chilli","Green Chilly",Local,21/09/2026,3000,4800,3900
"Tamil Nadu",Madurai,"Anaiyur(Uzhavar Sandhai )",Cucumbar(Kheera),Cucumbar,Local,21/09/2026,4000,5000,4500
"Tamil Nadu",Madurai,"Anaiyur(Uzhavar Sandhai )",Mango(Raw-Ripe),"Mango - Raw-Ripe",Local,21/09/2026,12000,13000,12500
"Tamil Nadu",Madurai,"Anaiyur(Uzhavar Sandhai )",Lime,Lime,Local,21/09/2026,10000,13000,11500
"Tamil Nadu",Madurai,"Anaiyur(Uzhavar Sandhai )",Guava,"Guava Allahabad",Local,21/09/2026,6000,7000,6500
"Tamil Nadu",Madurai,"Anaiyur(Uzhavar Sandhai )",Colacasia,Colacasia,Local,21/09/2026,5000,6000,5500
"Tamil Nadu",Madurai,"Anaiyur(Uzhavar Sandhai )","Amla(Nelli Kai)",Amla,Local,21/09/2026,8000,9000,8500
"Tamil Nadu",Madurai,"Anaiyur(Uzhavar Sandhai )",Mint(Pudina),Mint(Pudina),Local,21/09/2026,5000,5500,5250
"Tamil Nadu",Madurai,"Anaiyur(Uzhavar Sandhai )","Sweet Corn ","Sweet Corn ",Local,21/09/2026,2000,2400,2200
"Tamil Nadu",Madurai,"Usilampatti(Uzhavar Sandhai )","Bitter gourd","Bitter Gourd",Local,21/09/2026,5000,5500,5250
"Tamil Nadu",Madurai,"Usilampatti(Uzhavar Sandhai )","Bottle gourd","Bottle Gourd",Local,21/09/2026,2000,2600,2300
"Tamil Nadu",Madurai,"Usilampatti(Uzhavar Sandhai )",Ashgourd,Gouard,Local,21/09/2026,1600,1800,1700
"Tamil Nadu",Madurai,"Usilampatti(Uzhavar Sandhai )","Green Chilli","Green Chilly",Local,21/09/2026,4000,4800,4400
"Tamil Nadu",Madurai,"Usilampatti(Uzhavar Sandhai )","Banana - Green","Banana - Green",Local,21/09/2026,2500,3000,2750
"Tamil Nadu",Madurai,"Usilampatti(Uzhavar Sandhai )",Coconut,Coconut,Local,21/09/2026,6800,7000,6900
"Tamil Nadu",Madurai,"Usilampatti(Uzhavar Sandhai )","Elephant Yam(Suran)/Amorphophallus","Elephant Yam (Suran)",Local,21/09/2026,4000,4500,4250
"Tamil Nadu",Madurai,"Usilampatti(Uzhavar Sandhai )",Lemon,Lemon,Local,21/09/2026,30000,32000,31000
"Tamil Nadu",Madurai,"Usilampatti(Uzhavar Sandhai )","Onion Green","Onion Green",Local,21/09/2026,8000,9000,8500
"Tamil Nadu",Nagapattinam,"Sirkali(Uzhavar Sandhai )",Banana,Besrai,Local,21/09/2026,4000,5000,4500
"Tamil Nadu",Nagapattinam,"Sirkali(Uzhavar Sandhai )","Bottle gourd","Bottle Gourd",Local,21/09/2026,2500,3000,2750
"Tamil Nadu",Nagapattinam,"Sirkali(Uzhavar Sandhai )",Beans,"Beans (Whole)",Local,21/09/2026,9000,9000,9000
"Tamil Nadu",Nagapattinam,"Sirkali(Uzhavar Sandhai )",Cabbage,Cabbage,Local,21/09/2026,3000,3000,3000
"Tamil Nadu",Nagapattinam,"Sirkali(Uzhavar Sandhai )",Ridgeguard(Tori),Ridgeguard(Tori),Local,21/09/2026,5500,6000,5750
"Tamil Nadu",Nagapattinam,"Sirkali(Uzhavar Sandhai )",Drumstick,Drumstick,Local,21/09/2026,4500,5000,4750
"Tamil Nadu",Nagapattinam,"Sirkali(Uzhavar Sandhai )",Guava,"Guava Allahabad",Local,21/09/2026,4000,5000,4500
"Tamil Nadu",Namakkal,"Kumarapalayam(Uzhavar Sandhai )",Ashgourd,Gouard,Local,21/09/2026,1800,2000,1900
"Tamil Nadu",Namakkal,"Kumarapalayam(Uzhavar Sandhai )",Beans,"Beans (Whole)",Local,21/09/2026,8000,9000,8500
"Tamil Nadu",Namakkal,"Kumarapalayam(Uzhavar Sandhai )",Jasmine,Jasmine,Local,21/09/2026,30000,35000,32500
"Tamil Nadu",Namakkal,"Kumarapalayam(Uzhavar Sandhai )","Elephant Yam(Suran)/Amorphophallus","Elephant Yam (Suran)",Local,21/09/2026,3500,4000,3750
"Tamil Nadu",Namakkal,"Kumarapalayam(Uzhavar Sandhai )","Baby Corn","Baby Corn","Grade A",21/09/2026,2500,3000,2750
"Tamil Nadu",Namakkal,"Mohanur(Uzhavar Sandhai )",Onion,Bellary,Local,21/09/2026,4800,6500,5650
"Tamil Nadu",Namakkal,"Mohanur(Uzhavar Sandhai )",Ashgourd,Gouard,Local,21/09/2026,2200,2800,2500
"Tamil Nadu",Namakkal,"Mohanur(Uzhavar Sandhai )",Ginger(Green),"Green Ginger",Local,21/09/2026,18000,20000,19000
"Tamil Nadu",Namakkal,"Mohanur(Uzhavar Sandhai )",Drumstick,Drumstick,Local,21/09/2026,3200,3600,3400
"Tamil Nadu",Namakkal,"Namakkal(Uzhavar Sandhai )",Onion,Bellary,Local,21/09/2026,5600,6400,6000
"Tamil Nadu",Namakkal,"Namakkal(Uzhavar Sandhai )",Papaya,Papaya,Local,21/09/2026,3000,3500,3250
"Tamil Nadu",Namakkal,"Namakkal(Uzhavar Sandhai )","Cluster beans","Cluster Beans",Local,21/09/2026,3200,3600,3400
"Tamil Nadu",Namakkal,"Namakkal(Uzhavar Sandhai )","Betal Leaves",Mysore,Local,21/09/2026,12000,13000,12500
"Tamil Nadu",Namakkal,"Namakkal(Uzhavar Sandhai )",Raddish,Raddish,Local,21/09/2026,2400,2800,2600
"Tamil Nadu",Namakkal,"Namakkal(Uzhavar Sandhai )","Tender Coconut","Tender Coconut",Local,21/09/2026,3000,3500,3250
"Tamil Nadu",Namakkal,"Paramathivelur(Uzhavar Sandhai )",Onion,Bellary,Local,21/09/2026,6400,6800,6600
"Tamil Nadu",Namakkal,"Paramathivelur(Uzhavar Sandhai )","Bitter gourd","Bitter Gourd",Local,21/09/2026,6000,6500,6250
"Tamil Nadu",Namakkal,"Paramathivelur(Uzhavar Sandhai )",Ashgourd,Gouard,Local,21/09/2026,1600,2000,1800
"Tamil Nadu",Namakkal,"Paramathivelur(Uzhavar Sandhai )",Pumpkin,Pumpkin,Local,21/09/2026,1600,2000,1800
"Tamil Nadu",Namakkal,"Paramathivelur(Uzhavar Sandhai )",Amaranthus,Amaranthus,Local,21/09/2026,4500,5000,4750
"Tamil Nadu",Namakkal,"Paramathivelur(Uzhavar Sandhai )",Ginger(Green),"Green Ginger",Local,21/09/2026,18000,18500,18250
"Tamil Nadu",Namakkal,"Paramathivelur(Uzhavar Sandhai )",Cabbage,Cabbage,Local,21/09/2026,2400,2800,2600
"Tamil Nadu",Namakkal,"Paramathivelur(Uzhavar Sandhai )",Beetroot,Beetroot,Local,21/09/2026,7500,8000,7750
"Tamil Nadu",Namakkal,"Paramathivelur(Uzhavar Sandhai )","Chow Chow","Chow Chow",Local,21/09/2026,3500,4000,3750
"Tamil Nadu",Namakkal,"Rasipuram(Uzhavar Sandhai )",Potato,Other,Local,21/09/2026,3000,3500,3250
"Tamil Nadu",Namakkal,"Rasipuram(Uzhavar Sandhai )",Cauliflower,Ranchi,Local,21/09/2026,3000,4000,3500
"Tamil Nadu",Namakkal,"Rasipuram(Uzhavar Sandhai )",Brinjal,Other,Local,21/09/2026,4400,5200,4800
"Tamil Nadu",Namakkal,"Rasipuram(Uzhavar Sandhai )",Coriander(Leaves),"I Sort",Local,21/09/2026,9000,10000,9500
"Tamil Nadu",Namakkal,"Rasipuram(Uzhavar Sandhai )","Bitter gourd",Other,Local,21/09/2026,6000,6500,6250
"Tamil Nadu",Namakkal,"Rasipuram(Uzhavar Sandhai )",Ashgourd,Gouard,Local,21/09/2026,2000,2400,2200
"Tamil Nadu",Namakkal,"Rasipuram(Uzhavar Sandhai )","Banana - Green","Banana - Green",Local,21/09/2026,3500,4000,3750
"Tamil Nadu",Namakkal,"Rasipuram(Uzhavar Sandhai )",Coconut,Coconut,Local,21/09/2026,6000,6500,6250
"Tamil Nadu",Namakkal,"Rasipuram(Uzhavar Sandhai )",Beetroot,Beetroot,Local,21/09/2026,6000,7000,6500
"Tamil Nadu",Namakkal,"Rasipuram(Uzhavar Sandhai )",Ridgeguard(Tori),Ridgeguard(Tori),Local,21/09/2026,5000,5500,5250
"Tamil Nadu",Namakkal,"Rasipuram(Uzhavar Sandhai )","Chow Chow","Chow Chow",Local,21/09/2026,2500,3000,2750
"Tamil Nadu",Namakkal,"Rasipuram(Uzhavar Sandhai )","Elephant Yam(Suran)/Amorphophallus","Elephant Yam (Suran)",Local,21/09/2026,3500,4000,3750
"Tamil Nadu",Namakkal,"Rasipuram(Uzhavar Sandhai )",Mint(Pudina),Mint(Pudina),Local,21/09/2026,5500,6000,5750
"Tamil Nadu",Namakkal,"Rasipuram(Uzhavar Sandhai )","Sweet Corn ","Sweet Corn ",Local,21/09/2026,2000,2500,2250
"Tamil Nadu",Thanjavur,"Tirukattupalli(Uzhavar Sandhai )",Banana,Besrai,Local,21/09/2026,6500,6500,6500
"Tamil Nadu",Thanjavur,"Tirukattupalli(Uzhavar Sandhai )",Pumpkin,Pumpkin,Local,21/09/2026,2000,2000,2000
"Tamil Nadu",Thanjavur,"Tirukattupalli(Uzhavar Sandhai )","Green Avare(W)","Green Avare (W)",Local,21/09/2026,7000,7000,7000
"Tamil Nadu",Madurai,"Palanganatham(Uzhavar Sandhai )",Soyabean,Local,Local,21/09/2026,7000,8000,7500
"Tamil Nadu",Madurai,"Palanganatham(Uzhavar Sandhai )",Orange,Darjeeling,Local,21/09/2026,12000,16000,14000
"Tamil Nadu",Madurai,"Palanganatham(Uzhavar Sandhai )",Brinjal,Other,Local,21/09/2026,3000,4000,3500
"Tamil Nadu",Madurai,"Palanganatham(Uzhavar Sandhai )",Coriander(Leaves),"I Sort",Local,21/09/2026,5000,5500,5250
"Tamil Nadu",Madurai,"Palanganatham(Uzhavar Sandhai )","Green Peas","Green Peas",Local,21/09/2026,13000,15000,14000
"Tamil Nadu",Madurai,"Palanganatham(Uzhavar Sandhai )","Cluster beans","Cluster Beans",Local,21/09/2026,3600,4000,3800
"Tamil Nadu",Madurai,"Palanganatham(Uzhavar Sandhai )","Bottle gourd","Bottle Gourd",Local,21/09/2026,2000,2600,2300
"Tamil Nadu",Madurai,"Palanganatham(Uzhavar Sandhai )",Ashgourd,Gouard,Local,21/09/2026,1500,1800,1650
"Tamil Nadu",Madurai,"Palanganatham(Uzhavar Sandhai )",Pumpkin,Pumpkin,Local,21/09/2026,1600,2000,1800
"Tamil Nadu",Madurai,"Palanganatham(Uzhavar Sandhai )",Beans,"Beans (Whole)",Local,21/09/2026,8000,9000,8500
"Tamil Nadu",Madurai,"Palanganatham(Uzhavar Sandhai )",Snakeguard,Snakeguard,Local,21/09/2026,3600,4000,3800
"Tamil Nadu",Madurai,"Palanganatham(Uzhavar Sandhai )",Beetroot,Beetroot,Local,21/09/2026,4000,5000,4500
"Tamil Nadu",Madurai,"Palanganatham(Uzhavar Sandhai )","Chow Chow","Chow Chow",Local,21/09/2026,2500,3000,2750
"Tamil Nadu",Madurai,"Palanganatham(Uzhavar Sandhai )",Mango(Raw-Ripe),"Mango - Raw-Ripe",Local,21/09/2026,10000,13000,11500
"Tamil Nadu",Madurai,"Palanganatham(Uzhavar Sandhai )","Knool Khol","Knool Khol",Local,21/09/2026,4000,4800,4400
"Tamil Nadu",Madurai,"Palanganatham(Uzhavar Sandhai )",Guava,"Guava Allahabad",Local,21/09/2026,6000,7000,6500
"Tamil Nadu",Madurai,"Palanganatham(Uzhavar Sandhai )","Elephant Yam(Suran)/Amorphophallus","Elephant Yam (Suran)",Local,21/09/2026,4000,5000,4500
"Tamil Nadu",Madurai,"Palanganatham(Uzhavar Sandhai )","Amla(Nelli Kai)",Amla,Local,21/09/2026,8000,9000,8500
"Tamil Nadu",Madurai,"Anna nagar(Uzhavar Sandhai )",Onion,Bellary,Local,21/09/2026,6600,7400,7000
"Tamil Nadu",Madurai,"Anna nagar(Uzhavar Sandhai )",Ashgourd,Gouard,Local,21/09/2026,1600,1600,1600
"Tamil Nadu",Madurai,"Anna nagar(Uzhavar Sandhai )",Cabbage,Cabbage,Local,21/09/2026,2800,3000,2900
"Tamil Nadu",Madurai,"Anna nagar(Uzhavar Sandhai )",Snakeguard,Snakeguard,Local,21/09/2026,4000,4600,4300
"Tamil Nadu",Madurai,"Anna nagar(Uzhavar Sandhai )",Beetroot,Beetroot,Local,21/09/2026,5000,5000,5000
"Tamil Nadu",Madurai,"Anna nagar(Uzhavar Sandhai )",Ridgeguard(Tori),Ridgeguard(Tori),Local,21/09/2026,4000,4600,4300
"Tamil Nadu",Madurai,"Anna nagar(Uzhavar Sandhai )","Chow Chow","Chow Chow",Local,21/09/2026,3600,4000,3800
"Tamil Nadu",Madurai,"Anna nagar(Uzhavar Sandhai )",Mango(Raw-Ripe),"Mango - Raw-Ripe",Local,21/09/2026,9000,11000,10000
"Tamil Nadu",Madurai,"Anna nagar(Uzhavar Sandhai )",Lime,Lime,Local,21/09/2026,4600,4600,4600
"Tamil Nadu",Madurai,"Anna nagar(Uzhavar Sandhai )","Karbuja(Musk Melon)",Karbhuja,Local,21/09/2026,5000,5000,5000
"Tamil Nadu",Madurai,"Anna nagar(Uzhavar Sandhai )",Jasmine,Jasmine,Local,21/09/2026,35000,40000,37500
"Tamil Nadu",Madurai,"Anna nagar(Uzhavar Sandhai )",Yam(Ratalu),"Yam (Ratalu)",Local,21/09/2026,6400,6400,6400
"Tamil Nadu",Madurai,"Anna nagar(Uzhavar Sandhai )",Mashrooms,Mashrooms,Local,21/09/2026,22000,22000,22000
"Tamil Nadu",Madurai,"Anna nagar(Uzhavar Sandhai )","Sweet Corn ","Sweet Corn ",Local,21/09/2026,3000,3000,3000
"Tamil Nadu",Perambalur,"Perambalur(Uzhavar Sandhai )",Apple,American,Local,21/09/2026,18000,20000,19000
"Tamil Nadu",Perambalur,"Perambalur(Uzhavar Sandhai )",Banana,"Red Banana",Local,21/09/2026,7000,8000,7500
"Tamil Nadu",Perambalur,"Perambalur(Uzhavar Sandhai )",Garlic,Garlic,Local,21/09/2026,20000,22000,21000
"Tamil Nadu",Perambalur,"Perambalur(Uzhavar Sandhai )",Tomato,Deshi,Local,21/09/2026,3000,3600,3300
"Tamil Nadu",Perambalur,"Perambalur(Uzhavar Sandhai )","Bottle gourd","Bottle Gourd",Local,21/09/2026,1800,2200,2000
"Tamil Nadu",Perambalur,"Perambalur(Uzhavar Sandhai )",Amaranthus,Amaranthus,Local,21/09/2026,2000,3000,2500
"Tamil Nadu",Perambalur,"Perambalur(Uzhavar Sandhai )",Cowpea(Veg),"Cowpea (Veg)",Local,21/09/2026,4000,4000,4000
"Tamil Nadu",Perambalur,"Perambalur(Uzhavar Sandhai )","Elephant Yam(Suran)/Amorphophallus","Elephant Yam (Suran)",Local,21/09/2026,4800,5200,5000
"Tamil Nadu",Perambalur,"Perambalur(Uzhavar Sandhai )","Indian Beans(Seam)","Indian Beans (Seam)",Local,21/09/2026,8000,8000,8000
"Tamil Nadu",Perambalur,"Perambalur(Uzhavar Sandhai )","Onion Green","Onion Green",Local,21/09/2026,5000,8000,6500
"Tamil Nadu",Perambalur,"Perambalur(Uzhavar Sandhai )",Mint(Pudina),Mint(Pudina),Local,21/09/2026,6000,6000,6000
"Tamil Nadu",Salem,"Mecheri(Uzhavar Sandhai)",Banana,Karpura,Local,21/09/2026,4500,5000,4750
"Tamil Nadu",Salem,"Mecheri(Uzhavar Sandhai)","Green Avare(W)",Other,Local,21/09/2026,6500,7000,6750
"Tamil Nadu",Salem,"Mecheri(Uzhavar Sandhai)",Drumstick,Drumstick,Local,21/09/2026,2500,3000,2750
"Tamil Nadu",Ranipet,"Arcot(Uzhavar Sandhai )",Papaya,Papaya,Local,21/09/2026,5000,5000,5000
"Tamil Nadu",Ranipet,"Arcot(Uzhavar Sandhai )",Tomato,Deshi,Local,21/09/2026,2400,2400,2400
"Tamil Nadu",Ranipet,"Arcot(Uzhavar Sandhai )",Tapioca,Tapioca,Local,21/09/2026,3000,3000,3000
"Tamil Nadu",Ranipet,"Arcot(Uzhavar Sandhai )",Cabbage,Cabbage,Local,21/09/2026,3000,3000,3000
"Tamil Nadu",Ranipet,"Arcot(Uzhavar Sandhai )",Ridgeguard(Tori),Ridgeguard(Tori),Local,21/09/2026,4000,4000,4000
"Tamil Nadu",Ranipet,"Arcot(Uzhavar Sandhai )",Raddish,Raddish,Local,21/09/2026,2500,2500,2500
"Tamil Nadu",Ranipet,"Arcot(Uzhavar Sandhai )","Knool Khol","Knool Khol",Local,21/09/2026,4000,4000,4000
"Tamil Nadu",Ranipet,"Arcot(Uzhavar Sandhai )","Elephant Yam(Suran)/Amorphophallus","Elephant Yam (Suran)",Local,21/09/2026,6000,6000,6000
"Tamil Nadu",Ranipet,"Arcot(Uzhavar Sandhai )","Indian Beans(Seam)","Indian Beans (Seam)",Local,21/09/2026,6000,6000,6000
"Tamil Nadu",Ranipet,"Ranipettai(Uzhavar Sandhai )",Mango,Neelam,Local,21/09/2026,10000,12000,11000
"Tamil Nadu",Ranipet,"Ranipettai(Uzhavar Sandhai )",Papaya,Papaya,Local,21/09/2026,5000,5000,5000
"Tamil Nadu",Ranipet,"Ranipettai(Uzhavar Sandhai )","Cluster beans","Cluster Beans",Local,21/09/2026,2000,2500,2250
"Tamil Nadu",Ranipet,"Ranipettai(Uzhavar Sandhai )","Green Chilli","Green Chilly",Local,21/09/2026,5000,6000,5500
"Tamil Nadu",Ranipet,"Ranipettai(Uzhavar Sandhai )",Cowpea(Veg),"Cowpea (Veg)",Local,21/09/2026,5000,5000,5000
"Tamil Nadu",Ranipet,"Ranipettai(Uzhavar Sandhai )",Snakeguard,Snakeguard,Local,21/09/2026,2000,2000,2000
"Tamil Nadu",Ranipet,"Ranipettai(Uzhavar Sandhai )","Green Avare(W)",Other,Local,21/09/2026,5000,5000,5000
"Tamil Nadu",Ranipet,"Ranipettai(Uzhavar Sandhai )",Mango(Raw-Ripe),"Mango - Raw-Ripe",Local,21/09/2026,10000,20000,15000
"Tamil Nadu",Ranipet,"Ranipettai(Uzhavar Sandhai )","Knool Khol","Knool Khol",Local,21/09/2026,4000,4000,4000
"Tamil Nadu",Ranipet,"Ranipettai(Uzhavar Sandhai )",Jasmine,Jasmine,Local,21/09/2026,54000,54000,54000
"Tamil Nadu",Ranipet,"Ranipettai(Uzhavar Sandhai )",Mint(Pudina),Mint(Pudina),Local,21/09/2026,3000,4000,3500
"Tamil Nadu",Ranipet,"Ranipettai(Uzhavar Sandhai )",Rose(Local),"Rose (Local)",Local,21/09/2026,12000,24000,18000
"Tamil Nadu",Salem,"Ammapet(Uzhavar Sandhai )",Onion,Bellary,Local,21/09/2026,6000,6500,6250
"Tamil Nadu",Salem,"Ammapet(Uzhavar Sandhai )",Brinjal,Other,Local,21/09/2026,3000,3200,3100
"Tamil Nadu",Salem,"Ammapet(Uzhavar Sandhai )","Mousambi(Sweet Lime)",Mousambi,Local,21/09/2026,3500,4000,3750
"Tamil Nadu",Salem,"Ammapet(Uzhavar Sandhai )",Amaranthus,Amaranthus,Local,21/09/2026,2500,2800,2650
"Tamil Nadu",Salem,"Ammapet(Uzhavar Sandhai )",Beans,"Beans (Whole)",Local,21/09/2026,7500,8000,7750
"Tamil Nadu",Salem,"Ammapet(Uzhavar Sandhai )",Cabbage,Cabbage,Local,21/09/2026,2600,3000,2800
"Tamil Nadu",Salem,"Ammapet(Uzhavar Sandhai )",Drumstick,Drumstick,Local,21/09/2026,3000,3500,3250
"Tamil Nadu",Salem,"Ammapet(Uzhavar Sandhai )","Elephant Yam(Suran)/Amorphophallus","Elephant Yam (Suran)",Local,21/09/2026,4500,5000,4750
"Tamil Nadu",Salem,"Ammapet(Uzhavar Sandhai )","Amla(Nelli Kai)",Amla,Local,21/09/2026,9000,10000,9500
"Tamil Nadu",Salem,"Mettur(Uzhavar Sandhai )",Cauliflower,Ranchi,Local,21/09/2026,3000,3500,3250
"Tamil Nadu",Salem,"Mettur(Uzhavar Sandhai )",Coriander(Leaves),"I Sort",Local,21/09/2026,4500,5000,4750
"Tamil Nadu",Salem,"Mettur(Uzhavar Sandhai )",Tomato,Local,Local,21/09/2026,2000,2700,2350
"Tamil Nadu",Salem,"Mettur(Uzhavar Sandhai )","Bitter gourd",Other,Local,21/09/2026,4000,4500,4250
"Tamil Nadu",Salem,"Mettur(Uzhavar Sandhai )","Bhindi(Ladies Finger)",Bhindi,Local,21/09/2026,2000,2500,2250
"Tamil Nadu",Salem,"Mettur(Uzhavar Sandhai )",Coconut,Coconut,Local,21/09/2026,5500,6000,5750
"Tamil Nadu",Salem,"Mettur(Uzhavar Sandhai )",Cabbage,Cabbage,Local,21/09/2026,2500,3000,2750
"Tamil Nadu",Salem,"Mettur(Uzhavar Sandhai )",Snakeguard,Snakeguard,Local,21/09/2026,3000,3500,3250
"Tamil Nadu",Salem,"Mettur(Uzhavar Sandhai )",Beetroot,Beetroot,Local,21/09/2026,5500,6000,5750
"Tamil Nadu",Salem,"Mettur(Uzhavar Sandhai )",Raddish,Raddish,Local,21/09/2026,2000,2500,2250
"Tamil Nadu",Salem,"Mettur(Uzhavar Sandhai )",Thondekai,Thondekai,Local,21/09/2026,4500,5000,4750
"Tamil Nadu",Salem,"Mettur(Uzhavar Sandhai )",Lemon,Lemon,Local,21/09/2026,11000,12000,11500
"Tamil Nadu",Salem,"Sooramangalam(Uzhavar Sandhai )",Banana,"Red Banana",Local,21/09/2026,7500,8000,7750
"Tamil Nadu",Salem,"Sooramangalam(Uzhavar Sandhai )",Garlic,Garlic,Local,21/09/2026,15000,16000,15500
"Tamil Nadu",Salem,"Sooramangalam(Uzhavar Sandhai )",Cauliflower,Ranchi,Local,21/09/2026,2500,3000,2750
"Tamil Nadu",Salem,"Sooramangalam(Uzhavar Sandhai )",Papaya,Papaya,Local,21/09/2026,3500,4000,3750
"Tamil Nadu",Salem,"Sooramangalam(Uzhavar Sandhai )","Banana - Green","Banana - Green",Local,21/09/2026,2000,2400,2200
"Tamil Nadu",Salem,"Sooramangalam(Uzhavar Sandhai )",Coconut,Coconut,Local,21/09/2026,6000,6500,6250
"Tamil Nadu",Salem,"Sooramangalam(Uzhavar Sandhai )",Ridgeguard(Tori),Ridgeguard(Tori),Local,21/09/2026,3000,3800,3400
"Tamil Nadu",Salem,"Sooramangalam(Uzhavar Sandhai )","Indian Beans(Seam)","Indian Beans (Seam)",Local,21/09/2026,5500,6000,5750
"Tamil Nadu",Salem,"Sooramangalam(Uzhavar Sandhai )",Lemon,Lemon,Local,21/09/2026,17000,18000,17500
"Tamil Nadu",Salem,"Sooramangalam(Uzhavar Sandhai )","Onion Green","Onion Green",Local,21/09/2026,7000,8000,7500
"Tamil Nadu",Thiruchirappalli,"Thuraiyur APMC","Bottle gourd","Bottle Gourd",Local,21/09/2026,2000,2500,2250
"Tamil Nadu",Thiruchirappalli,"Thuraiyur APMC",Pumpkin,Pumpkin,Local,21/09/2026,1200,1800,1500
"Tamil Nadu",Thiruchirappalli,"Thuraiyur APMC",Cowpea(Veg),"Cowpea (Veg)",Local,21/09/2026,3000,3500,3250
"Tamil Nadu",Thiruchirappalli,"Thuraiyur APMC",Tapioca,Tapioca,Local,21/09/2026,3000,3500,3250
"Tamil Nadu",Thiruchirappalli,"Thuraiyur APMC",Ginger(Green),"Green Ginger",Local,21/09/2026,18000,20000,19000
"Tamil Nadu",Thiruchirappalli,"Thuraiyur APMC","Sweet Potato","Hosur Red",Local,21/09/2026,4500,5000,4750
"Tamil Nadu",Thiruchirappalli,"Thuraiyur APMC",Cabbage,Cabbage,Local,21/09/2026,2500,3000,2750
"Tamil Nadu",Thiruchirappalli,"Thuraiyur APMC",Snakeguard,Snakeguard,Local,21/09/2026,3500,4000,3750
"Tamil Nadu",Thiruchirappalli,"Thuraiyur APMC",Capsicum,Capsicum,Local,21/09/2026,4500,5000,4750
"Tamil Nadu",Thiruchirappalli,"Thuraiyur APMC",Drumstick,Drumstick,Local,21/09/2026,4000,4500,4250
"Tamil Nadu",Thiruchirappalli,"Thuraiyur APMC",Guava,"Guava Allahabad",Local,21/09/2026,7000,8000,7500
"Tamil Nadu",Thiruchirappalli,"Thuraiyur APMC","Onion Green","Onion Green",Local,21/09/2026,7000,11000,9000
"Tamil Nadu",Thiruchirappalli,"Thuraiyur APMC",Mint(Pudina),Mint(Pudina),Local,21/09/2026,4800,5600,5200
"Tamil Nadu",Salem,"Thammampatti (Uzhavar Sandhai )",Onion,Bellary,Local,21/09/2026,5500,6500,6000
"Tamil Nadu",Salem,"Thammampatti (Uzhavar Sandhai )",Brinjal,Round,Local,21/09/2026,2500,3500,3000
"Tamil Nadu",Salem,"Thammampatti (Uzhavar Sandhai )",Coriander(Leaves),"I Sort",Local,21/09/2026,3500,4000,3750
"Tamil Nadu",Salem,"Thammampatti (Uzhavar Sandhai )","Bitter gourd","Bitter Gourd",Local,21/09/2026,4500,5000,4750
"Tamil Nadu",Salem,"Thammampatti (Uzhavar Sandhai )",Ashgourd,Gouard,Local,21/09/2026,2000,2000,2000
"Tamil Nadu",Salem,"Thammampatti (Uzhavar Sandhai )",Snakeguard,Snakeguard,Local,21/09/2026,3000,3500,3250
"Tamil Nadu",Salem,"Thammampatti (Uzhavar Sandhai )",Beetroot,Beetroot,Local,21/09/2026,6500,7000,6750
"Tamil Nadu",Salem,"Thammampatti (Uzhavar Sandhai )",Lime,Lime,Local,21/09/2026,3000,3000,3000
"Tamil Nadu",Salem,"Thammampatti (Uzhavar Sandhai )",Guava,"Guava Allahabad",Local,21/09/2026,6000,6000,6000
"Tamil Nadu",Salem,"Thammampatti (Uzhavar Sandhai )","Tender Coconut","Tender Coconut",Local,21/09/2026,3500,4000,3750
"Tamil Nadu",Salem,"Thammampatti (Uzhavar Sandhai )","Baby Corn","Baby Corn","Grade A",21/09/2026,2500,3000,2750
"Tamil Nadu",Salem,"Thathakapatti(Uzhavar Sandhai )",Banana,Besrai,Local,21/09/2026,4000,8000,6000
"Tamil Nadu",Salem,"Thathakapatti(Uzhavar Sandhai )",Potato,"Red Nanital",Local,21/09/2026,2800,6000,4400
"Tamil Nadu",Salem,"Thathakapatti(Uzhavar Sandhai )",Garlic,Garlic,Local,21/09/2026,25000,28000,26500
"Tamil Nadu",Salem,"Thathakapatti(Uzhavar Sandhai )",Brinjal,Round,Local,21/09/2026,2800,3400,3100
"Tamil Nadu",Salem,"Thathakapatti(Uzhavar Sandhai )",Chikoos(Sapota),Sapota,Local,21/09/2026,3000,4000,3500
"Tamil Nadu",Salem,"Thathakapatti(Uzhavar Sandhai )","Water Melon","Water Melon",Local,21/09/2026,1500,2000,1750
"Tamil Nadu",Salem,"Thathakapatti(Uzhavar Sandhai )","Mousambi(Sweet Lime)",Mousambi,Local,21/09/2026,3000,4000,3500
"Tamil Nadu",Salem,"Thathakapatti(Uzhavar Sandhai )","Bhindi(Ladies Finger)",Bhindi,Local,21/09/2026,3000,3400,3200
"Tamil Nadu",Salem,"Thathakapatti(Uzhavar Sandhai )",Cowpea(Veg),"Cowpea (Veg)",Local,21/09/2026,4000,5000,4500
"Tamil Nadu",Salem,"Thathakapatti(Uzhavar Sandhai )","Banana - Green","Banana - Green",Local,21/09/2026,4500,5000,4750
"Tamil Nadu",Salem,"Thathakapatti(Uzhavar Sandhai )",Beans,"Beans (Whole)",Local,21/09/2026,8500,10000,9250
"Tamil Nadu",Salem,"Thathakapatti(Uzhavar Sandhai )",Carrot,Pusakesar,Local,21/09/2026,4500,5000,4750
"Tamil Nadu",Salem,"Thathakapatti(Uzhavar Sandhai )",Ridgeguard(Tori),Ridgeguard(Tori),Local,21/09/2026,3000,4000,3500
"Tamil Nadu",Salem,"Thathakapatti(Uzhavar Sandhai )","Knool Khol","Knool Khol",Local,21/09/2026,3500,4000,3750
"Tamil Nadu",Salem,"Thathakapatti(Uzhavar Sandhai )",Guava,"Guava Allahabad",Local,21/09/2026,5000,7500,6250
"Tamil Nadu",Salem,"Thathakapatti(Uzhavar Sandhai )",Jasmine,Jasmine,Local,21/09/2026,30000,32000,31000
"Tamil Nadu",Salem,"Thathakapatti(Uzhavar Sandhai )",Kakada,Kakada,Local,21/09/2026,18000,20000,19000
"Tamil Nadu",Salem,"Thathakapatti(Uzhavar Sandhai )",Yam(Ratalu),"Yam (Ratalu)",Local,21/09/2026,7000,8000,7500
"Tamil Nadu",Salem,"Thathakapatti(Uzhavar Sandhai )","Onion Green","Onion Green",Local,21/09/2026,7000,8000,7500
"Tamil Nadu",Salem,"Thathakapatti(Uzhavar Sandhai )","Tube Rose(Loose)","Tube Rose (Loose)",Local,21/09/2026,8000,10000,9000
"Tamil Nadu",Theni,"Chinnamanur(Uzhavar Sandhai )",Soyabean,Local,Local,21/09/2026,9600,9600,9600
"Tamil Nadu",Theni,"Chinnamanur(Uzhavar Sandhai )",Garlic,Garlic,Local,21/09/2026,14000,24000,19000
"Tamil Nadu",Theni,"Chinnamanur(Uzhavar Sandhai )",Tomato,Local,Local,21/09/2026,2500,2500,2500
"Tamil Nadu",Theni,"Chinnamanur(Uzhavar Sandhai )",Beans,"Beans (Whole)",Local,21/09/2026,7600,8500,8050
"Tamil Nadu",Theni,"Chinnamanur(Uzhavar Sandhai )",Ginger(Green),"Green Ginger",Local,21/09/2026,7000,16000,11500
"Tamil Nadu",Theni,"Chinnamanur(Uzhavar Sandhai )",Cabbage,Cabbage,Local,21/09/2026,3600,3600,3600
"Tamil Nadu",Theni,"Chinnamanur(Uzhavar Sandhai )",Beetroot,Beetroot,Local,21/09/2026,3600,3600,3600
"Tamil Nadu",Theni,"Chinnamanur(Uzhavar Sandhai )","Green Avare(W)",Other,Local,21/09/2026,8500,8500,8500
"Tamil Nadu",Theni,"Chinnamanur(Uzhavar Sandhai )","Chow Chow","Chow Chow",Local,21/09/2026,2400,2400,2400
"Tamil Nadu",Theni,"Chinnamanur(Uzhavar Sandhai )",Drumstick,Drumstick,Local,21/09/2026,4400,4400,4400
"Tamil Nadu",Theni,"Chinnamanur(Uzhavar Sandhai )","Onion Green","Onion Green",Local,21/09/2026,7500,9000,8250
"Tamil Nadu",Theni,"Chinnamanur(Uzhavar Sandhai )",Mint(Pudina),Mint(Pudina),Local,21/09/2026,5400,5400,5400
"Tamil Nadu",Theni,"Kambam(Uzhavar Sandhai )",Banana,Besrai,Local,21/09/2026,3000,6000,4500
"Tamil Nadu",Theni,"Kambam(Uzhavar Sandhai )",Ashgourd,Gouard,Local,21/09/2026,1500,1500,1500
"Tamil Nadu",Theni,"Kambam(Uzhavar Sandhai )",Ginger(Green),"Green Ginger",Local,21/09/2026,9000,16000,12500
"Tamil Nadu",Theni,"Kambam(Uzhavar Sandhai )","Betal Leaves",Mysore,Local,21/09/2026,25000,25000,25000
"Tamil Nadu",Theni,"Kambam(Uzhavar Sandhai )",Beetroot,Beetroot,Local,21/09/2026,3000,3400,3200
"Tamil Nadu",Theni,"Kambam(Uzhavar Sandhai )",Cucumbar(Kheera),Cucumbar,Local,21/09/2026,4000,4000,4000
"Tamil Nadu",Theni,"Theni(Uzhavar Sandhai )",Grapes,Annabesahai,Local,21/09/2026,13000,13000,13000
"Tamil Nadu",Theni,"Theni(Uzhavar Sandhai )","Water Melon","Water Melon",Local,21/09/2026,2500,2500,2500
"Tamil Nadu",Theni,"Theni(Uzhavar Sandhai )","Bhindi(Ladies Finger)",Bhindi,Local,21/09/2026,3500,4000,3750
"Tamil Nadu",Theni,"Theni(Uzhavar Sandhai )",Coconut,Coconut,Local,21/09/2026,5600,5600,5600
"Tamil Nadu",Theni,"Theni(Uzhavar Sandhai )",Snakeguard,Snakeguard,Local,21/09/2026,3000,3000,3000
"Tamil Nadu",Theni,"Theni(Uzhavar Sandhai )",Raddish,Raddish,Local,21/09/2026,2000,2000,2000
"Tamil Nadu",Theni,"Theni(Uzhavar Sandhai )",Drumstick,Drumstick,Local,21/09/2026,3000,5000,4000
"Tamil Nadu",Theni,"Theni(Uzhavar Sandhai )","Knool Khol","Knool Khol",Local,21/09/2026,3000,3400,3200
"Tamil Nadu",Theni,"Theni(Uzhavar Sandhai )",Lime,Lime,Local,21/09/2026,8000,9500,8750
"Tamil Nadu",Theni,"Theni(Uzhavar Sandhai )",Pomegranate,Pomogranate,Local,21/09/2026,14000,22000,18000
"Tamil Nadu",Theni,"Theni(Uzhavar Sandhai )",Mint(Pudina),Mint(Pudina),Local,21/09/2026,5500,5500,5500
"Tamil Nadu",Thirunelveli,"Ambasamudram(Uzhavar Sandhai )","Bhindi(Ladies Finger)",Bhindi,Local,21/09/2026,3000,3400,3200
"Tamil Nadu",Thirunelveli,"NGO Colony(Uzhavar Sandhai )",Ashgourd,Gouard,Local,21/09/2026,1000,1200,1100
"Tamil Nadu",Thirunelveli,"NGO Colony(Uzhavar Sandhai )",Capsicum,Capsicum,Local,21/09/2026,4500,5000,4750
"Tamil Nadu",Thirunelveli,"Palayamkottai(Uzhavar Sandhai )","Mousambi(Sweet Lime)",Mousambi,Local,21/09/2026,6000,7000,6500
"Tamil Nadu",Thirunelveli,"Palayamkottai(Uzhavar Sandhai )",Snakeguard,Snakeguard,Local,21/09/2026,2400,2600,2500
"Tamil Nadu",Thirunelveli,"Palayamkottai(Uzhavar Sandhai )","Amla(Nelli Kai)",Amla,Local,21/09/2026,5000,6000,5500
"Tamil Nadu",Thirunelveli,"Palayamkottai(Uzhavar Sandhai )",Mint(Pudina),Mint(Pudina),Local,21/09/2026,6500,7000,6750
"Tamil Nadu",Thirupur,"Kangayam(Uzhavar Sandhai )",Ridgeguard(Tori),Ridgeguard(Tori),Local,21/09/2026,5500,6000,5750
"Tamil Nadu",Thirupur,"Tiruppur (North) (Uzhavar Sandhai )","Bhindi(Ladies Finger)",Bhindi,Local,21/09/2026,3500,4000,3750
"Tamil Nadu",Thirupur,"Tiruppur (North) (Uzhavar Sandhai )","Green Chilli","Green Chilly",Local,21/09/2026,4500,5000,4750
"Tamil Nadu",Thirupur,"Tiruppur (North) (Uzhavar Sandhai )",Ginger(Green),"Green Ginger",Local,21/09/2026,15000,16000,15500
"Tamil Nadu",Thirupur,"Tiruppur (North) (Uzhavar Sandhai )","Sweet Potato","Hosur Red",Local,21/09/2026,3500,4000,3750
"Tamil Nadu",Thirupur,"Tiruppur (North) (Uzhavar Sandhai )",Carrot,Pusakesar,Local,21/09/2026,4500,5000,4750
"Tamil Nadu",Thirupur,"Tiruppur (North) (Uzhavar Sandhai )",Cabbage,Cabbage,Local,21/09/2026,2500,3000,2750
"Tamil Nadu",Thirupur,"Tiruppur (North) (Uzhavar Sandhai )","Green Avare(W)",Other,Local,21/09/2026,5000,6000,5500
"Tamil Nadu",Thirupur,"Tiruppur (North) (Uzhavar Sandhai )",Drumstick,Drumstick,Local,21/09/2026,2500,3000,2750
"Tamil Nadu",Thirupur,"Tiruppur (North) (Uzhavar Sandhai )","Elephant Yam(Suran)/Amorphophallus","Elephant Yam (Suran)",Local,21/09/2026,4500,5000,4750
"Tamil Nadu",Thirupur,"Tiruppur (North) (Uzhavar Sandhai )",Lemon,Lemon,Local,21/09/2026,26000,27000,26500
"Tamil Nadu",Thiruvannamalai,"Chengam(Uzhavar Sandhai )",Onion,Bellary,Local,21/09/2026,5000,6000,5500
"Tamil Nadu",Thiruvannamalai,"Chengam(Uzhavar Sandhai )",Coconut,Coconut,Local,21/09/2026,4200,5000,4600
"Tamil Nadu",Thiruvannamalai,"Chengam(Uzhavar Sandhai )",Thondekai,Thondekai,Local,21/09/2026,5000,6000,5500
"Tamil Nadu",Thiruvannamalai,"Chengam(Uzhavar Sandhai )",Capsicum,Capsicum,Local,21/09/2026,7000,8000,7500
"Tamil Nadu",Thiruvannamalai,"Chengam(Uzhavar Sandhai )",Guava,"Guava Allahabad",Local,21/09/2026,5000,6000,5500
"Tamil Nadu",Thiruvannamalai,"Chengam(Uzhavar Sandhai )","Amla(Nelli Kai)",Amla,Local,21/09/2026,8000,10000,9000
"Tamil Nadu",Thiruvannamalai,"Chengam(Uzhavar Sandhai )","Onion Green","Onion Green",Local,21/09/2026,7000,8000,7500
"Tamil Nadu",Thiruvannamalai,"Keelpennathur(Uzhavar Sandhai )",Tomato,Deshi,Local,21/09/2026,3000,3500,3250
"Tamil Nadu",Thiruvannamalai,"Keelpennathur(Uzhavar Sandhai )","Green Chilli","Green Chilly",Local,21/09/2026,4500,5000,4750
"Tamil Nadu",Thiruvannamalai,"Keelpennathur(Uzhavar Sandhai )",Jasmine,Jasmine,Local,21/09/2026,40000,45000,42500
"Tamil Nadu",Thiruvannamalai,"Keelpennathur(Uzhavar Sandhai )",Marigold(Calcutta),Marigold(Calcutta),Local,21/09/2026,30000,35000,32500
"Tamil Nadu",Thiruvannamalai,"Tamarainagar(Uzhavar Sandhai )","Bottle gourd","Bottle Gourd",Local,21/09/2026,2000,2500,2250
"Tamil Nadu",Thiruvannamalai,"Tamarainagar(Uzhavar Sandhai )",Ashgourd,Gouard,Local,21/09/2026,2000,2400,2200
"Tamil Nadu",Thiruvannamalai,"Tamarainagar(Uzhavar Sandhai )",Pumpkin,Pumpkin,Local,21/09/2026,2000,2500,2250
"Tamil Nadu",Thiruvannamalai,"Tamarainagar(Uzhavar Sandhai )","Bhindi(Ladies Finger)",Bhindi,Local,21/09/2026,2500,3000,2750
"Tamil Nadu",Thiruvannamalai,"Tamarainagar(Uzhavar Sandhai )","Green Chilli","Green Chilly",Local,21/09/2026,4000,5000,4500
"Tamil Nadu",Thiruvannamalai,"Tamarainagar(Uzhavar Sandhai )",Cucumbar(Kheera),Cucumbar,Local,21/09/2026,4000,5000,4500
"Tamil Nadu",Thiruvannamalai,"Tamarainagar(Uzhavar Sandhai )",Lime,Lime,Local,21/09/2026,5000,6000,5500
"Tamil Nadu",Thiruvannamalai,"Vandavasi(Uzhavar Sandhai )","Bitter gourd",Other,Local,21/09/2026,4000,4800,4400
"Tamil Nadu",Thiruvannamalai,"Vandavasi(Uzhavar Sandhai )",Pumpkin,Pumpkin,Local,21/09/2026,2500,3000,2750
"Tamil Nadu",Thiruvannamalai,"Vandavasi(Uzhavar Sandhai )",Snakeguard,Snakeguard,Local,21/09/2026,2500,3000,2750
"Tamil Nadu",Thiruvannamalai,"Vandavasi(Uzhavar Sandhai )",Ridgeguard(Tori),Ridgeguard(Tori),Local,21/09/2026,3600,4200,3900
"Tamil Nadu",Thiruvannamalai,"Vandavasi(Uzhavar Sandhai )","Knool Khol","Knool Khol",Local,21/09/2026,3600,4200,3900
"Tamil Nadu",Thiruvarur,"Muthupettai(Uzhavar Sandhai )",Tomato,Deshi,Local,21/09/2026,3000,3000,3000
"Tamil Nadu",Thiruvarur,"Muthupettai(Uzhavar Sandhai )","Cluster beans","Cluster Beans",Local,21/09/2026,3600,3600,3600
"Tamil Nadu",Thiruvarur,"Muthupettai(Uzhavar Sandhai )","Banana - Green","Banana - Green",Local,21/09/2026,4000,4000,4000
"Tamil Nadu",Thiruvarur,"Muthupettai(Uzhavar Sandhai )",Beetroot,Beetroot,Local,21/09/2026,5400,5400,5400
"Tamil Nadu",Thiruvarur,"Muthupettai(Uzhavar Sandhai )","Onion Green","Onion Green",Local,21/09/2026,9500,9500,9500
"Tamil Nadu",Coimbatore,"Sulur(Uzhavar Sandhai )",Onion,Bellary,Local,21/09/2026,6000,6400,6200
"Tamil Nadu",Coimbatore,"Sulur(Uzhavar Sandhai )",Cauliflower,Ranchi,Local,21/09/2026,4400,5000,4700
"Tamil Nadu",Coimbatore,"Sulur(Uzhavar Sandhai )",Coriander(Leaves),"I Sort",Local,21/09/2026,4400,4800,4600
"Tamil Nadu",Coimbatore,"Sulur(Uzhavar Sandhai )",Amaranthus,Amaranthus,Local,21/09/2026,5000,6000,5500
"Tamil Nadu",Coimbatore,"Sulur(Uzhavar Sandhai )",Cowpea(Veg),"Cowpea (Veg)",Local,21/09/2026,3600,4000,3800
"Tamil Nadu",Coimbatore,"Sulur(Uzhavar Sandhai )",Thondekai,Thondekai,Local,21/09/2026,4000,4400,4200
"Tamil Nadu",Coimbatore,"Sulur(Uzhavar Sandhai )","Green Avare(W)","Green Avare (W)",Local,21/09/2026,6000,6500,6250
"Tamil Nadu",Coimbatore,"Sulur(Uzhavar Sandhai )","Chow Chow","Chow Chow",Local,21/09/2026,3200,3500,3350
"Tamil Nadu",Coimbatore,"Sulur(Uzhavar Sandhai )","Knool Khol","Knool Khol",Local,21/09/2026,3800,4200,4000
"Tamil Nadu",Coimbatore,"Sulur(Uzhavar Sandhai )",Mint(Pudina),Mint(Pudina),Local,21/09/2026,5400,6000,5700
"Tamil Nadu",Pudukkottai,"Gandarvakottai(Uzhavar Sandhai )",Tomato,Other,Local,21/09/2026,2500,3000,2750
"Tamil Nadu",Pudukkottai,"Gandarvakottai(Uzhavar Sandhai )","Cluster beans","Cluster Beans",Local,21/09/2026,4500,5000,4750
"Tamil Nadu",Pudukkottai,"Gandarvakottai(Uzhavar Sandhai )",Ashgourd,Gouard,Local,21/09/2026,1000,1500,1250
"Tamil Nadu",Pudukkottai,"Gandarvakottai(Uzhavar Sandhai )",Pumpkin,Pumpkin,Local,21/09/2026,1000,1500,1250
"Tamil Nadu",Pudukkottai,"Gandarvakottai(Uzhavar Sandhai )","Bhindi(Ladies Finger)",Bhindi,Local,21/09/2026,2500,3000,2750
"Tamil Nadu",Cuddalore,"Panruti(Uzhavar Sandhai )","Bhindi(Ladies Finger)",Bhindi,Local,21/09/2026,3000,3000,3000
"Tamil Nadu",Cuddalore,"Panruti(Uzhavar Sandhai )","Green Chilli","Green Chilly",Local,21/09/2026,5000,5000,5000
"Tamil Nadu",Cuddalore,"Panruti(Uzhavar Sandhai )","Banana - Green","Banana - Green",Local,21/09/2026,2500,2500,2500
"Tamil Nadu",Cuddalore,"Panruti(Uzhavar Sandhai )",Ridgeguard(Tori),Ridgeguard(Tori),Local,21/09/2026,6000,6000,6000
"Tamil Nadu",Cuddalore,"Panruti(Uzhavar Sandhai )",Guava,"Guava Allahabad",Local,21/09/2026,4000,4000,4000
"Tamil Nadu",Cuddalore,"Vadalur(Uzhavar Sandhai )",Onion,Bellary,Local,21/09/2026,5000,6000,5500
"Tamil Nadu",Cuddalore,"Vadalur(Uzhavar Sandhai )",Tomato,Local,Local,21/09/2026,3000,3000,3000
"Tamil Nadu",Cuddalore,"Vadalur(Uzhavar Sandhai )","Cluster beans","Cluster Beans",Local,21/09/2026,4000,4000,4000
"Tamil Nadu",Cuddalore,"Vadalur(Uzhavar Sandhai )",Coconut,Coconut,Local,21/09/2026,5000,6000,5500
"Tamil Nadu",Cuddalore,"Vadalur(Uzhavar Sandhai )","Chow Chow","Chow Chow",Local,21/09/2026,3000,3000,3000
"Tamil Nadu",Cuddalore,"Vadalur(Uzhavar Sandhai )","Tender Coconut","Tender Coconut",Local,21/09/2026,2500,3000,2750
"Tamil Nadu",Cuddalore,"Vadalur(Uzhavar Sandhai )",Mint(Pudina),Mint(Pudina),Local,21/09/2026,5000,5000,5000
"Tamil Nadu",Dharmapuri,"AJattihalli(Uzhavar Sandhai )",Garlic,Garlic,Local,21/09/2026,20000,24000,22000
"Tamil Nadu",Dharmapuri,"AJattihalli(Uzhavar Sandhai )","Bitter gourd",Other,Local,21/09/2026,4000,4000,4000
"Tamil Nadu",Dharmapuri,"AJattihalli(Uzhavar Sandhai )",Amaranthus,Amaranthus,Local,21/09/2026,2500,3000,2750
"Tamil Nadu",Dharmapuri,"AJattihalli(Uzhavar Sandhai )",Ginger(Green),"Green Ginger",Local,21/09/2026,20000,22000,21000
"Tamil Nadu",Dharmapuri,"AJattihalli(Uzhavar Sandhai )",Snakeguard,Snakeguard,Local,21/09/2026,2500,2500,2500
"Tamil Nadu",Dharmapuri,"AJattihalli(Uzhavar Sandhai )",Raddish,Raddish,Local,21/09/2026,1600,2000,1800
"Tamil Nadu",Dharmapuri,"AJattihalli(Uzhavar Sandhai )","Chow Chow","Chow Chow",Local,21/09/2026,4600,4600,4600
"Tamil Nadu",Dharmapuri,"AJattihalli(Uzhavar Sandhai )","Knool Khol","Knool Khol",Local,21/09/2026,4600,4600,4600
"Tamil Nadu",Thanjavur,"Peravurani(Uzhavar Sandhai)",Tomato,Deshi,Local,21/09/2026,3400,3400,3400
"Tamil Nadu",Thanjavur,"Peravurani(Uzhavar Sandhai)",Ashgourd,Gouard,Local,21/09/2026,3000,3000,3000
"Tamil Nadu",Thanjavur,"Peravurani(Uzhavar Sandhai)","Bhindi(Ladies Finger)",Bhindi,Local,21/09/2026,4400,4400,4400
"Tamil Nadu",Thanjavur,"Peravurani(Uzhavar Sandhai)","Green Chilli","Green Chilly",Local,21/09/2026,4800,4800,4800
"Tamil Nadu",Thanjavur,"Peravurani(Uzhavar Sandhai)",Tapioca,Tapioca,Local,21/09/2026,3000,3000,3000
"Tamil Nadu",Thanjavur,"Peravurani(Uzhavar Sandhai)",Carrot,Pusakesar,Local,21/09/2026,6000,6000,6000
"Tamil Nadu",Karur,"Pallapatti (Uzhavar Sandhai )",Pumpkin,Pumpkin,Local,21/09/2026,2200,2500,2350
"Tamil Nadu",Karur,"Pallapatti (Uzhavar Sandhai )",Amaranthus,Amaranthus,Local,21/09/2026,2500,3000,2750
"Tamil Nadu",Karur,"Pallapatti (Uzhavar Sandhai )",Raddish,Raddish,Local,21/09/2026,3500,4000,3750
"Tamil Nadu",Karur,"Pallapatti (Uzhavar Sandhai )",Guava,"Guava Allahabad",Local,21/09/2026,5500,6000,5750
"Tamil Nadu",Karur,"Velayuthampalayam(Uzhavar Sandhai )",Tomato,Other,Local,21/09/2026,2400,3000,2700
"Tamil Nadu",Karur,"Velayuthampalayam(Uzhavar Sandhai )",Ridgeguard(Tori),Ridgeguard(Tori),Local,21/09/2026,3500,4500,4000
"Tamil Nadu",Karur,"Velayuthampalayam(Uzhavar Sandhai )",Lemon,Lemon,Local,21/09/2026,28000,30000,29000
"Tamil Nadu",Karur,"Velayuthampalayam(Uzhavar Sandhai )",Mint(Pudina),Mint(Pudina),Local,21/09/2026,5200,6000,5600
"Tamil Nadu",Karur,"Vengamedu(Uzhavar Sandhai )",Brinjal,Other,Local,21/09/2026,3500,4500,4000
"Tamil Nadu",Karur,"Vengamedu(Uzhavar Sandhai )","Green Avare(W)",Other,Local,21/09/2026,11000,12000,11500
"Tamil Nadu",Karur,"Vengamedu(Uzhavar Sandhai )",Drumstick,Drumstick,Local,21/09/2026,2500,3000,2750
"Tamil Nadu",Theni,"Devaram(Uzhavar Sandhai )","Bitter gourd","Bitter Gourd",Local,21/09/2026,4200,4200,4200
"Tamil Nadu",Theni,"Devaram(Uzhavar Sandhai )",Ashgourd,Gouard,Local,21/09/2026,1500,1500,1500
"Tamil Nadu",Theni,"Devaram(Uzhavar Sandhai )","Banana - Green","Banana - Green",Local,21/09/2026,3000,3000,3000
"Tamil Nadu",Theni,"Devaram(Uzhavar Sandhai )",Cabbage,Cabbage,Local,21/09/2026,3000,3000,3000
"Tamil Nadu",Theni,"Devaram(Uzhavar Sandhai )",Ridgeguard(Tori),Ridgeguard(Tori),Local,21/09/2026,4200,4200,4200
"Tamil Nadu",Salem,"Attayampatti(Uzhavar Sandhai )",Banana,"Red Banana",Local,21/09/2026,8000,8000,8000
"Tamil Nadu",Salem,"Attayampatti(Uzhavar Sandhai )",Chikoos(Sapota),Sapota,Local,21/09/2026,5000,6000,5500
"Tamil Nadu",Salem,"Attayampatti(Uzhavar Sandhai )",Tomato,Deshi,Local,21/09/2026,2400,2800,2600
"Tamil Nadu",Salem,"Attayampatti(Uzhavar Sandhai )",Ashgourd,Gouard,Local,21/09/2026,2000,2200,2100
"Tamil Nadu",Salem,"Attayampatti(Uzhavar Sandhai )",Pumpkin,Pumpkin,Local,21/09/2026,2000,2400,2200
"Tamil Nadu",Salem,"Attayampatti(Uzhavar Sandhai )",Drumstick,Drumstick,Local,21/09/2026,2500,3500,3000
"Tamil Nadu",Sivaganga,"Sivagangai (Uzhavar Sandhai )",Ashgourd,Gouard,Local,21/09/2026,1800,2000,1900
"Tamil Nadu",Sivaganga,"Sivagangai (Uzhavar Sandhai )","Bhindi(Ladies Finger)",Bhindi,Local,21/09/2026,3000,3200,3100
"Tamil Nadu",Sivaganga,"Sivagangai (Uzhavar Sandhai )",Beetroot,Beetroot,Local,21/09/2026,4200,5200,4700
"Tamil Nadu",Sivaganga,"Sivagangai (Uzhavar Sandhai )","Green Avare(W)",Other,Local,21/09/2026,8200,10200,9200
"Tamil Nadu",Salem,"Edapadi (Uzhavar Sandhai )",Groundnut,"Big (With Shell)",Local,21/09/2026,6500,7000,6750
"Tamil Nadu",Salem,"Edapadi (Uzhavar Sandhai )",Onion,Bellary,Local,21/09/2026,6500,7000,6750
"Tamil Nadu",Salem,"Edapadi (Uzhavar Sandhai )",Potato,Other,Local,21/09/2026,4500,5000,4750
"Tamil Nadu",Salem,"Edapadi (Uzhavar Sandhai )","Cluster beans","Cluster Beans",Local,21/09/2026,3000,3500,3250
"Tamil Nadu",Salem,"Edapadi (Uzhavar Sandhai )","Bottle gourd","Bottle Gourd",Local,21/09/2026,2200,2500,2350
"Tamil Nadu",Salem,"Edapadi (Uzhavar Sandhai )",Pumpkin,Pumpkin,Local,21/09/2026,1800,2000,1900
"Tamil Nadu",Salem,"Edapadi (Uzhavar Sandhai )",Amaranthus,Amaranthus,Local,21/09/2026,2200,2600,2400
"Tamil Nadu",Salem,"Edapadi (Uzhavar Sandhai )",Carrot,Pusakesar,Local,21/09/2026,4500,5000,4750
"Tamil Nadu",Salem,"Edapadi (Uzhavar Sandhai )","Green Avare(W)",Other,Local,21/09/2026,6500,7000,6750
"Tamil Nadu",Salem,"Edapadi (Uzhavar Sandhai )","Onion Green","Onion Green",Local,21/09/2026,7500,8000,7750
"Tamil Nadu",Salem,"Elampillai(Uzhavar Sandhai )",Coriander(Leaves),"I Sort",Local,21/09/2026,3500,4000,3750
"Tamil Nadu",Salem,"Elampillai(Uzhavar Sandhai )",Pumpkin,Pumpkin,Local,21/09/2026,1500,2000,1750
"Tamil Nadu",Salem,"Elampillai(Uzhavar Sandhai )","Bhindi(Ladies Finger)",Bhindi,Local,21/09/2026,2500,3000,2750
"Tamil Nadu",Salem,"Elampillai(Uzhavar Sandhai )",Thondekai,Thondekai,Local,21/09/2026,4500,5000,4750
"Tamil Nadu",Salem,"Elampillai(Uzhavar Sandhai )","Knool Khol","Knool Khol",Local,21/09/2026,3500,4000,3750
"Tamil Nadu",Salem,"Elampillai(Uzhavar Sandhai )",Lime,Lime,Local,21/09/2026,2500,3000,2750
"Tamil Nadu",Salem,"Elampillai(Uzhavar Sandhai )",Lemon,Lemon,Local,21/09/2026,8000,10000,9000
"Tamil Nadu",Salem,"Hasthampatti(Uzhavar Sandhai )",Garlic,Garlic,Local,21/09/2026,18000,20000,19000
"Tamil Nadu",Salem,"Hasthampatti(Uzhavar Sandhai )",Cauliflower,Ranchi,Local,21/09/2026,2500,3000,2750
"Tamil Nadu",Salem,"Hasthampatti(Uzhavar Sandhai )","Cluster beans","Cluster Beans",Local,21/09/2026,3000,3500,3250
"Tamil Nadu",Salem,"Hasthampatti(Uzhavar Sandhai )","Bhindi(Ladies Finger)",Bhindi,Local,21/09/2026,3400,3800,3600
"Tamil Nadu",Salem,"Hasthampatti(Uzhavar Sandhai )",Coconut,Coconut,Local,21/09/2026,6000,6500,6250
"Tamil Nadu",Salem,"Hasthampatti(Uzhavar Sandhai )","Chow Chow","Chow Chow",Local,21/09/2026,3500,4000,3750
"Tamil Nadu",Salem,"Hasthampatti(Uzhavar Sandhai )",Drumstick,Drumstick,Local,21/09/2026,3500,4000,3750
"Tamil Nadu",Salem,"Hasthampatti(Uzhavar Sandhai )",Mango(Raw-Ripe),"Mango - Raw-Ripe",Local,21/09/2026,7000,8000,7500
"Tamil Nadu",Salem,"Hasthampatti(Uzhavar Sandhai )",Pomegranate,Pomogranate,Local,21/09/2026,10000,12000,11000
"Tamil Nadu",Salem,"Hasthampatti(Uzhavar Sandhai )","Elephant Yam(Suran)/Amorphophallus","Elephant Yam (Suran)",Local,21/09/2026,3500,4000,3750
"Tamil Nadu",Salem,"Hasthampatti(Uzhavar Sandhai )","Amla(Nelli Kai)",Amla,Local,21/09/2026,9000,10000,9500
"Tamil Nadu",Salem,"Hasthampatti(Uzhavar Sandhai )","Onion Green","Onion Green",Local,21/09/2026,7500,8000,7750
"Tamil Nadu",Salem,"Hasthampatti(Uzhavar Sandhai )","Baby Corn","Baby Corn","Grade A",21/09/2026,2500,3000,2750
"Tamil Nadu",Salem,"Jalagandapuram(Uzhavar Sandhai )",Onion,Bellary,Local,21/09/2026,6500,6800,6650
"Tamil Nadu",Salem,"Jalagandapuram(Uzhavar Sandhai )",Potato,Other,Local,21/09/2026,2600,3000,2800
"Tamil Nadu",Salem,"Jalagandapuram(Uzhavar Sandhai )","Cluster beans","Cluster Beans",Local,21/09/2026,3000,3400,3200
"Tamil Nadu",Salem,"Jalagandapuram(Uzhavar Sandhai )",Coconut,Coconut,Local,21/09/2026,5500,6000,5750
"Tamil Nadu",Salem,"Jalagandapuram(Uzhavar Sandhai )",Capsicum,Capsicum,Local,21/09/2026,5500,6000,5750
"Tamil Nadu",Salem,"Jalagandapuram(Uzhavar Sandhai )",Drumstick,Drumstick,Local,21/09/2026,3000,3500,3250
"Tamil Nadu",Sivaganga,"Singampunari(Uzhavar Sandhai )","Bottle gourd","Bottle Gourd",Local,21/09/2026,2200,2800,2500
"Tamil Nadu",Sivaganga,"Singampunari(Uzhavar Sandhai )",Ashgourd,Gouard,Local,21/09/2026,1800,2000,1900
"Tamil Nadu",Sivaganga,"Singampunari(Uzhavar Sandhai )",Snakeguard,Snakeguard,Local,21/09/2026,3200,3800,3500
"Tamil Nadu",Sivaganga,"Singampunari(Uzhavar Sandhai )","Chow Chow","Chow Chow",Local,21/09/2026,2800,3200,3000
"Tamil Nadu",Sivaganga,"Karaikudi(Uzhavar Sandhai )",Onion,Bellary,Local,21/09/2026,5500,7000,6250
"Tamil Nadu",Sivaganga,"Karaikudi(Uzhavar Sandhai )",Cauliflower,Ranchi,Local,21/09/2026,3000,3500,3250
"Tamil Nadu",Sivaganga,"Karaikudi(Uzhavar Sandhai )",Brinjal,Other,Local,21/09/2026,4500,5000,4750
"Tamil Nadu",Sivaganga,"Karaikudi(Uzhavar Sandhai )",Papaya,Papaya,Local,21/09/2026,5000,5500,5250
"Tamil Nadu",Sivaganga,"Karaikudi(Uzhavar Sandhai )","Bottle gourd","Bottle Gourd",Local,21/09/2026,2500,3000,2750
"Tamil Nadu",Sivaganga,"Karaikudi(Uzhavar Sandhai )",Beans,"Beans (Whole)",Local,21/09/2026,9000,10000,9500
"Tamil Nadu",Sivaganga,"Tirupatthur(Uzhavar Sandhai )",Potato,"Red Nanital",Local,21/09/2026,3200,3500,3350
"Tamil Nadu",Sivaganga,"Tirupatthur(Uzhavar Sandhai )",Cauliflower,Ranchi,Local,21/09/2026,3000,3500,3250
"Tamil Nadu",Sivaganga,"Tirupatthur(Uzhavar Sandhai )",Brinjal,Other,Local,21/09/2026,4500,5000,4750
"Tamil Nadu",Sivaganga,"Tirupatthur(Uzhavar Sandhai )",Coriander(Leaves),"I Sort",Local,21/09/2026,5500,6000,5750
"Tamil Nadu",Sivaganga,"Tirupatthur(Uzhavar Sandhai )","Bottle gourd","Bottle Gourd",Local,21/09/2026,2500,3000,2750
"Tamil Nadu",Sivaganga,"Tirupatthur(Uzhavar Sandhai )",Pumpkin,Pumpkin,Local,21/09/2026,2000,2500,2250
"Tamil Nadu",Sivaganga,"Tirupatthur(Uzhavar Sandhai )",Beetroot,Beetroot,Local,21/09/2026,4400,5500,4950
"Tamil Nadu",Sivaganga,"Tirupatthur(Uzhavar Sandhai )","Knool Khol","Knool Khol",Local,21/09/2026,4500,5000,4750
"Tamil Nadu",Sivaganga,"Tirupatthur(Uzhavar Sandhai )",Mint(Pudina),Mint(Pudina),Local,21/09/2026,5500,6000,5750
"Tamil Nadu",Thanjavur,"Pattukottai(Uzhavar Sandhai )",Brinjal,Round,Local,21/09/2026,3400,4400,3900
"Tamil Nadu",Thanjavur,"Pattukottai(Uzhavar Sandhai )",Coriander(Leaves),"I Sort",Local,21/09/2026,3600,3600,3600
"Tamil Nadu",Thanjavur,"Pattukottai(Uzhavar Sandhai )",Pumpkin,Pumpkin,Local,21/09/2026,2600,2600,2600
"Tamil Nadu",Thanjavur,"Pattukottai(Uzhavar Sandhai )","Bhindi(Ladies Finger)",Bhindi,Local,21/09/2026,4400,4400,4400
"Tamil Nadu",Thanjavur,"Pattukottai(Uzhavar Sandhai )",Amaranthus,Amaranthus,Local,21/09/2026,2000,2000,2000
"Tamil Nadu",Thanjavur,"Pattukottai(Uzhavar Sandhai )",Snakeguard,Snakeguard,Local,21/09/2026,4400,4400,4400
"Tamil Nadu",Thanjavur,"Pattukottai(Uzhavar Sandhai )",Capsicum,Capsicum,Local,21/09/2026,6000,6000,6000
"Tamil Nadu",Thanjavur,"Pattukottai(Uzhavar Sandhai )",Lime,Lime,Local,21/09/2026,4000,4000,4000
"Tamil Nadu",Thanjavur,"Pattukottai(Uzhavar Sandhai )",Colacasia,Colacasia,Local,21/09/2026,7000,7000,7000
"Tamil Nadu",Thiruchirappalli,"KKNagar(Uzhavar Sandhai )",Apple,American,Local,21/09/2026,20000,20000,20000
"Tamil Nadu",Thiruchirappalli,"KKNagar(Uzhavar Sandhai )",Grapes,Annabesahai,Local,21/09/2026,12000,12000,12000
"Tamil Nadu",Thiruchirappalli,"KKNagar(Uzhavar Sandhai )","Bhindi(Ladies Finger)",Bhindi,Local,21/09/2026,3600,3600,3600
"Tamil Nadu",Thiruchirappalli,"KKNagar(Uzhavar Sandhai )","Banana - Green","Banana - Green",Local,21/09/2026,3000,3000,3000
"Tamil Nadu",Thiruchirappalli,"KKNagar(Uzhavar Sandhai )",Ginger(Green),"Green Ginger",Local,21/09/2026,19000,19000,19000
"Tamil Nadu",Thiruchirappalli,"KKNagar(Uzhavar Sandhai )",Cabbage,Cabbage,Local,21/09/2026,3200,3200,3200
"Tamil Nadu",Thiruchirappalli,"KKNagar(Uzhavar Sandhai )","Elephant Yam(Suran)/Amorphophallus","Elephant Yam (Suran)",Local,21/09/2026,5000,5000,5000
"Tamil Nadu",Thiruchirappalli,"KKNagar(Uzhavar Sandhai )","Amla(Nelli Kai)",Amla,Local,21/09/2026,14000,14000,14000
"Tamil Nadu",Thiruchirappalli,"Lalgudi(Uzhavar Sandhai )",Potato,Other,Local,21/09/2026,4000,4000,4000
"Tamil Nadu",Thiruchirappalli,"Lalgudi(Uzhavar Sandhai )",Pumpkin,Pumpkin,Local,21/09/2026,2000,2000,2000
"Tamil Nadu",Thiruchirappalli,"Lalgudi(Uzhavar Sandhai )",Cowpea(Veg),"Cowpea (Veg)",Local,21/09/2026,3600,3600,3600
"Tamil Nadu",Thiruchirappalli,"Lalgudi(Uzhavar Sandhai )",Ginger(Green),"Green Ginger",Local,21/09/2026,18000,18000,18000
"Tamil Nadu",Thiruchirappalli,"Lalgudi(Uzhavar Sandhai )",Beetroot,Beetroot,Local,21/09/2026,5000,5000,5000
"Tamil Nadu",Thiruchirappalli,"Lalgudi(Uzhavar Sandhai )",Raddish,Raddish,Local,21/09/2026,3000,3000,3000
"Tamil Nadu",Thiruchirappalli,"Lalgudi(Uzhavar Sandhai )","Green Avare(W)",Other,Local,21/09/2026,9000,9000,9000
"Tamil Nadu",Thiruchirappalli,"Lalgudi(Uzhavar Sandhai )",Yam(Ratalu),"Yam (Ratalu)",Local,21/09/2026,5400,5400,5400
"Tamil Nadu",Thiruchirappalli,"Manachanallur(Uzhavar Sandhai )","Bitter gourd","Bitter Gourd",Local,21/09/2026,5600,5600,5600
"Tamil Nadu",Thiruchirappalli,"Manachanallur(Uzhavar Sandhai )","Bottle gourd","Bottle Gourd",Local,21/09/2026,2000,2000,2000
"Tamil Nadu",Thiruchirappalli,"Manachanallur(Uzhavar Sandhai )",Amaranthus,Amaranthus,Local,21/09/2026,2000,2000,2000
"Tamil Nadu",Thiruchirappalli,"Manachanallur(Uzhavar Sandhai )",Cowpea(Veg),"Cowpea (Veg)",Local,21/09/2026,3600,3600,3600
"Tamil Nadu",Thiruchirappalli,"Manachanallur(Uzhavar Sandhai )",Cabbage,Cabbage,Local,21/09/2026,3000,3000,3000
"Tamil Nadu",Thiruchirappalli,"Manachanallur(Uzhavar Sandhai )",Snakeguard,Snakeguard,Local,21/09/2026,4000,4000,4000
"Tamil Nadu",Thiruchirappalli,"Manachanallur(Uzhavar Sandhai )",Raddish,Raddish,Local,21/09/2026,3000,3000,3000
"Tamil Nadu",Thiruchirappalli,"Manachanallur(Uzhavar Sandhai )","Tender Coconut","Tender Coconut",Local,21/09/2026,4500,4500,4500
"Tamil Nadu",Thiruchirappalli,"Manapparai(Uzhavar Sandhai )",Garlic,Garlic,Local,21/09/2026,25000,25000,25000
"Tamil Nadu",Thiruchirappalli,"Manapparai(Uzhavar Sandhai )",Cauliflower,Ranchi,Local,21/09/2026,5000,5000,5000
"Tamil Nadu",Thiruchirappalli,"Manapparai(Uzhavar Sandhai )",Papaya,Papaya,Local,21/09/2026,5000,5000,5000
"Tamil Nadu",Thiruchirappalli,"Manapparai(Uzhavar Sandhai )","Cluster beans","Cluster Beans",Local,21/09/2026,3600,3600,3600
"Tamil Nadu",Thiruchirappalli,"Manapparai(Uzhavar Sandhai )",Ginger(Green),"Green Ginger",Local,21/09/2026,21000,21000,21000
"Tamil Nadu",Thiruchirappalli,"Manapparai(Uzhavar Sandhai )",Raddish,Raddish,Local,21/09/2026,3000,3600,3300
"Tamil Nadu",Thiruchirappalli,"Manapparai(Uzhavar Sandhai )",Mint(Pudina),Mint(Pudina),Local,21/09/2026,5500,5500,5500
"Tamil Nadu",Thiruchirappalli,"Musiri(Uzhavar Sandhai )",Cauliflower,Ranchi,Local,21/09/2026,3000,3500,3250
"Tamil Nadu",Thiruchirappalli,"Musiri(Uzhavar Sandhai )",Papaya,Papaya,Local,21/09/2026,3500,4000,3750
"Tamil Nadu",Thiruchirappalli,"Musiri(Uzhavar Sandhai )",Ashgourd,Gouard,Local,21/09/2026,1800,1800,1800
"Tamil Nadu",Thiruchirappalli,"Musiri(Uzhavar Sandhai )","Green Chilli","Green Chilly",Local,21/09/2026,4000,4500,4250
"Tamil Nadu",Thiruchirappalli,"Musiri(Uzhavar Sandhai )","Banana - Green","Banana - Green",Local,21/09/2026,2500,2500,2500
"Tamil Nadu",Thiruchirappalli,"Musiri(Uzhavar Sandhai )","Betal Leaves",Mysore,Local,21/09/2026,7000,8000,7500
"Tamil Nadu",Thiruchirappalli,"Musiri(Uzhavar Sandhai )","Sweet Potato","Hosur Red",Local,21/09/2026,4000,4600,4300
"Tamil Nadu",Thiruchirappalli,"Musiri(Uzhavar Sandhai )",Carrot,Pusakesar,Local,21/09/2026,5000,5500,5250
"Tamil Nadu",Thiruchirappalli,"Musiri(Uzhavar Sandhai )",Beetroot,Beetroot,Local,21/09/2026,4500,5000,4750
"Tamil Nadu",Thiruchirappalli,"Musiri(Uzhavar Sandhai )",Thondekai,Thondekai,Local,21/09/2026,5000,5600,5300
"Tamil Nadu",Thiruchirappalli,"Musiri(Uzhavar Sandhai )","Green Avare(W)","Green Avare (W)",Local,21/09/2026,8000,9000,8500
"Tamil Nadu",Thiruchirappalli,"Musiri(Uzhavar Sandhai )",Lime,Lime,Local,21/09/2026,4000,4000,4000
"Tamil Nadu",Thiruchirappalli,"Musiri(Uzhavar Sandhai )","Tender Coconut","Tender Coconut",Local,21/09/2026,3500,4000,3750
"Tamil Nadu",Thiruchirappalli,"Musiri(Uzhavar Sandhai )","Sweet Corn ","Sweet Corn ",Local,21/09/2026,3500,4000,3750
"Tamil Nadu",Thiruchirappalli,"Thiruverumbur(Uzhavar Sandhai )","Bhindi(Ladies Finger)",Bhindi,Local,21/09/2026,3600,3600,3600
"Tamil Nadu",Thiruchirappalli,"Thiruverumbur(Uzhavar Sandhai )",Amaranthus,Amaranthus,Local,21/09/2026,2000,2000,2000
"Tamil Nadu",Thiruchirappalli,"Thiruverumbur(Uzhavar Sandhai )",Ginger(Green),"Green Ginger",Local,21/09/2026,19000,19000,19000
"Tamil Nadu",Thiruchirappalli,"Thiruverumbur(Uzhavar Sandhai )",Coconut,Coconut,Local,21/09/2026,7000,7000,7000
"Tamil Nadu",Thiruchirappalli,"Thiruverumbur(Uzhavar Sandhai )",Carrot,Pusakesar,Local,21/09/2026,5400,5400,5400
"Tamil Nadu",Thiruchirappalli,"Thiruverumbur(Uzhavar Sandhai )",Beetroot,Beetroot,Local,21/09/2026,5600,5600,5600
"Tamil Nadu",Thiruchirappalli,"Thiruverumbur(Uzhavar Sandhai )",Drumstick,Drumstick,Local,21/09/2026,4600,4600,4600
"Tamil Nadu",Thiruchirappalli,"Thiruverumbur(Uzhavar Sandhai )",Mango(Raw-Ripe),"Mango - Raw-Ripe",Local,21/09/2026,15000,15000,15000
"Tamil Nadu",Thiruchirappalli,"Thiruverumbur(Uzhavar Sandhai )","Indian Beans(Seam)","Indian Beans (Seam)",Local,21/09/2026,8000,8000,8000
"Tamil Nadu",Virudhunagar,"Rajapalayam(Uzhavar Sandhai )",Brinjal,Round,Local,21/09/2026,3000,3500,3250
"Tamil Nadu",Virudhunagar,"Rajapalayam(Uzhavar Sandhai )","Cluster beans","Cluster Beans",Local,21/09/2026,2500,3000,2750
"Tamil Nadu",Virudhunagar,"Rajapalayam(Uzhavar Sandhai )","Bottle gourd","Bottle Gourd",Local,21/09/2026,1500,2000,1750
"Tamil Nadu",Virudhunagar,"Rajapalayam(Uzhavar Sandhai )","Bhindi(Ladies Finger)",Bhindi,Local,21/09/2026,3000,3500,3250
"Tamil Nadu",Virudhunagar,"Rajapalayam(Uzhavar Sandhai )","Green Chilli","Green Chilly",Local,21/09/2026,6000,7000,6500
"Tamil Nadu",Virudhunagar,"Rajapalayam(Uzhavar Sandhai )",Snakeguard,Snakeguard,Local,21/09/2026,3500,4000,3750
"Tamil Nadu",Virudhunagar,"Rajapalayam(Uzhavar Sandhai )",Beetroot,Beetroot,Local,21/09/2026,4700,5200,4950
"Tamil Nadu",Virudhunagar,"Rajapalayam(Uzhavar Sandhai )","Chow Chow","Chow Chow",Local,21/09/2026,2500,3000,2750
"Tamil Nadu",Virudhunagar,"Rajapalayam(Uzhavar Sandhai )",Guava,"Guava Allahabad",Local,21/09/2026,3500,4000,3750
"Tamil Nadu",Virudhunagar,"Thalavaipuram(Uzhavar Sandhai )",Papaya,Papaya,Local,21/09/2026,3000,3500,3250
"Tamil Nadu",Virudhunagar,"Thalavaipuram(Uzhavar Sandhai )","Bitter gourd","Bitter Gourd",Local,21/09/2026,8000,9000,8500
"Tamil Nadu",Virudhunagar,"Thalavaipuram(Uzhavar Sandhai )","Bhindi(Ladies Finger)",Bhindi,Local,21/09/2026,3000,3500,3250
"Tamil Nadu",Virudhunagar,"Thalavaipuram(Uzhavar Sandhai )",Amaranthus,Amaranthus,Local,21/09/2026,2500,3000,2750
"Tamil Nadu",Virudhunagar,"Thalavaipuram(Uzhavar Sandhai )",Carrot,Pusakesar,Local,21/09/2026,3500,4000,3750
"Tamil Nadu",Virudhunagar,"Thalavaipuram(Uzhavar Sandhai )",Cabbage,Cabbage,Local,21/09/2026,3000,3500,3250
"Tamil Nadu",Virudhunagar,"Thalavaipuram(Uzhavar Sandhai )","Green Avare(W)","Green Avare (W)",Local,21/09/2026,8000,10000,9000
"Tamil Nadu",Virudhunagar,"Thalavaipuram(Uzhavar Sandhai )","Chow Chow","Chow Chow",Local,21/09/2026,2500,3000,2750
"Tamil Nadu",Chengalpattu,"Nanganallur(Uzhavar Sandhai )",Apple,American,Local,21/09/2026,13500,15000,14250
"Tamil Nadu",Chengalpattu,"Nanganallur(Uzhavar Sandhai )",Pineapple,"Pine Apple",Local,21/09/2026,7500,8000,7750
"Tamil Nadu",Chengalpattu,"Nanganallur(Uzhavar Sandhai )",Amaranthus,Amaranthus,Local,21/09/2026,2000,2500,2250
"Tamil Nadu",Chengalpattu,"Nanganallur(Uzhavar Sandhai )",Beans,"Beans (Whole)",Local,21/09/2026,7500,8000,7750
"Tamil Nadu",Chengalpattu,"Nanganallur(Uzhavar Sandhai )",Ginger(Green),"Green Ginger",Local,21/09/2026,10000,12000,11000
"Tamil Nadu",Chengalpattu,"Nanganallur(Uzhavar Sandhai )","Sweet Potato","Hosur Red",Local,21/09/2026,7500,8000,7750
"Tamil Nadu",Chengalpattu,"Nanganallur(Uzhavar Sandhai )",Jasmine,Jasmine,Local,21/09/2026,38000,40000,39000
"Tamil Nadu",Chengalpattu,"Nanganallur(Uzhavar Sandhai )","Onion Green","Onion Green",Local,21/09/2026,9000,10000,9500
"Tamil Nadu",Chengalpattu,"Nanganallur(Uzhavar Sandhai )",Mint(Pudina),Mint(Pudina),Local,21/09/2026,3500,4000,3750
"Tamil Nadu",Chengalpattu,"Pallavaram(Uzhavar Sandhai )",Groundnut,"Big (With Shell)",Local,21/09/2026,9000,10000,9500
"Tamil Nadu",Chengalpattu,"Pallavaram(Uzhavar Sandhai )","Green Peas","Green Peas",Local,21/09/2026,13000,15000,14000
"Tamil Nadu",Chengalpattu,"Pallavaram(Uzhavar Sandhai )","Banana - Green","Banana - Green",Local,21/09/2026,3500,4000,3750
"Tamil Nadu",Chengalpattu,"Pallavaram(Uzhavar Sandhai )",Beans,"Beans (Whole)",Local,21/09/2026,9000,10000,9500
"Tamil Nadu",Chengalpattu,"Pallavaram(Uzhavar Sandhai )",Beetroot,Beetroot,Local,21/09/2026,4500,5000,4750
"Tamil Nadu",Chengalpattu,"Pallavaram(Uzhavar Sandhai )","Indian Beans(Seam)","Indian Beans (Seam)",Local,21/09/2026,7000,8000,7500
"Tamil Nadu",Chengalpattu,"Pallavaram(Uzhavar Sandhai )","Onion Green","Onion Green",Local,21/09/2026,9000,11000,10000
"Tamil Nadu",Chengalpattu,"Pallavaram(Uzhavar Sandhai )",Mint(Pudina),Mint(Pudina),Local,21/09/2026,3500,4000,3750
"Tamil Nadu","Nagercoil (Kannyiakumari)","Myladi(Uzhavar Sandhai )",Banana,Besrai,Local,21/09/2026,6000,7000,6500
"Tamil Nadu","Nagercoil (Kannyiakumari)","Myladi(Uzhavar Sandhai )",Garlic,Garlic,Local,21/09/2026,14000,15000,14500
"Tamil Nadu","Nagercoil (Kannyiakumari)","Myladi(Uzhavar Sandhai )","Bottle gourd","Bottle Gourd",Local,21/09/2026,2200,2500,2350
"Tamil Nadu","Nagercoil (Kannyiakumari)","Myladi(Uzhavar Sandhai )",Ashgourd,Gouard,Local,21/09/2026,2200,2500,2350
"Tamil Nadu","Nagercoil (Kannyiakumari)","Myladi(Uzhavar Sandhai )",Raddish,Raddish,Local,21/09/2026,4000,5000,4500
"Tamil Nadu",Chengalpattu,"Jameenrayapettai(Uzhavar Sandhai )","Bottle gourd","Bottle Gourd",Local,21/09/2026,3500,4000,3750
"Tamil Nadu",Chengalpattu,"Jameenrayapettai(Uzhavar Sandhai )","Banana - Green","Banana - Green",Local,21/09/2026,3500,4000,3750
"Tamil Nadu",Villupuram,"Avalurpet APMC",Maize,Other,Local,21/09/2026,2251,2251,2251
"Tamil Nadu",Villupuram,"Ulundurpettai APMC",Papaya,Papaya,Local,21/09/2026,3000,3000,3000
"Tamil Nadu",Villupuram,"Ulundurpettai APMC",Amaranthus,Amaranthus,Local,21/09/2026,2500,2500,2500
"Tamil Nadu",Villupuram,"Ulundurpettai APMC",Ridgeguard(Tori),Ridgeguard(Tori),Local,21/09/2026,6000,6000,6000
"Tamil Nadu",Villupuram,"Ulundurpettai APMC","Amla(Nelli Kai)",Amla,Local,21/09/2026,8000,8000,8000
"Tamil Nadu",Villupuram,"Ulundurpettai APMC",Mint(Pudina),Mint(Pudina),Local,21/09/2026,3000,3000,3000
Karnataka,"Bengaluru Rural","Doddaballapur APMC",Potato,Local,Medium,21/09/2026,2000,2800,2500
Karnataka,"Bengaluru Rural","Doddaballapur APMC",Brinjal,Brinjal,Medium,21/09/2026,1500,2100,1800
Karnataka,"Bengaluru Rural","Doddaballapur APMC",Raddish,Raddish,Medium,21/09/2026,1500,2100,1750
Karnataka,"Bengaluru Rural","Doddaballapur APMC","Red gram split/Arhar dal/Tur dal","Arhar Dal(Tur)",Medium,21/09/2026,13759,13923,13923
"Uttar Pradesh",Badaun,"Babrala APMC",Wheat,Dara,Local,21/09/2026,2580,2600,2590
"Uttar Pradesh",Badaun,"Babrala APMC",Potato,Desi,Medium,21/09/2026,580,600,590
Gujarat,Gandhinagar,"Mansa(Manas Veg Yard) APMC",Cauliflower,Cauliflower,Local,21/09/2026,2000,3000,2500
Gujarat,Gandhinagar,"Mansa(Manas Veg Yard) APMC",Tomato,Tomato,Local,21/09/2026,1800,2000,2000
Gujarat,Rajkot,"Dhoraji APMC",Cotton,"H.B (Unginned)",Non-FAQ,21/09/2026,7980,9855,8555
Gujarat,Amreli,"Damnagar APMC","Green Chilli","Green Chilly",Local,21/09/2026,4000,4000,4000
Gujarat,Amreli,"Damnagar APMC",Ginger(Green),"Green Ginger",Local,21/09/2026,7000,7000,7000
Gujarat,Amreli,"Damnagar APMC",Cabbage,Cabbage,Local,21/09/2026,3500,3500,3500
Gujarat,Amreli,"Damnagar APMC",Lemon,Lemon,Local,21/09/2026,6500,6500,6500
Gujarat,Rajkot,"Gondal(Veg.market Gondal) APMC","Bitter gourd","Bitter Gourd",Local,21/09/2026,500,2000,1250
Gujarat,Rajkot,"Gondal(Veg.market Gondal) APMC","Bhindi(Ladies Finger)",Bhindi,Local,21/09/2026,1000,3500,2250
Gujarat,Rajkot,"Gondal(Veg.market Gondal) APMC","Green Chilli","Green Chilly",Local,21/09/2026,400,4000,2200
"Tamil Nadu",Madurai,"Chokkikulam(Uzhavar Sandhai )",Pineapple,"Pine Apple",Local,21/09/2026,6000,7000,6500
"Tamil Nadu",Madurai,"Chokkikulam(Uzhavar Sandhai )",Potato,"Red Nanital",Local,21/09/2026,3000,5500,4250
"Tamil Nadu",Madurai,"Chokkikulam(Uzhavar Sandhai )","Banana - Green","Banana - Green",Local,21/09/2026,2000,2400,2200
"Tamil Nadu",Madurai,"Chokkikulam(Uzhavar Sandhai )","Sweet Potato","Hosur Red",Local,21/09/2026,5500,6000,5750
"Tamil Nadu",Madurai,"Chokkikulam(Uzhavar Sandhai )",Raddish,Raddish,Local,21/09/2026,2400,2800,2600
"Tamil Nadu",Madurai,"Chokkikulam(Uzhavar Sandhai )","Chow Chow","Chow Chow",Local,21/09/2026,2600,3000,2800
"Tamil Nadu",Madurai,"Chokkikulam(Uzhavar Sandhai )","Knool Khol","Knool Khol",Local,21/09/2026,4500,4800,4650
"Tamil Nadu",Madurai,"Chokkikulam(Uzhavar Sandhai )",Guava,"Guava Allahabad",Local,21/09/2026,6000,7000,6500
"Tamil Nadu",Madurai,"Chokkikulam(Uzhavar Sandhai )",Mashrooms,Mashrooms,Local,21/09/2026,25000,30000,27500
"Tamil Nadu",Madurai,"Chokkikulam(Uzhavar Sandhai )","Custard Apple(Sharifa)","Custard Apple(Sharifa)",Local,21/09/2026,5500,6000,5750
"Tamil Nadu",Madurai,"Chokkikulam(Uzhavar Sandhai )","Amla(Nelli Kai)",Amla,Local,21/09/2026,8000,9000,8500
"Tamil Nadu",Madurai,"Chokkikulam(Uzhavar Sandhai )","Onion Green","Onion Green",Local,21/09/2026,8000,9000,8500
Karnataka,Raichur,"Lingasugur APMC","Bajra(Pearl Millet/Cumbu)",Hybrid,Non-FAQ,21/09/2026,2650,2760,2750
Karnataka,Raichur,"Lingasugur APMC","Red gram/Arhar/Tur(whole)","Arhar (Whole)",Non-FAQ,21/09/2026,8500,9000,8700
Gujarat,Surat,"Surat APMC","Cluster beans",Other,FAQ,21/09/2026,3000,7500,5250
Gujarat,Surat,"Surat APMC",Beetroot,Other,FAQ,21/09/2026,1800,2600,2200
Gujarat,Surat,"Surat APMC",Cowpea(Veg),"Cowpea (Veg)",FAQ,21/09/2026,4000,8500,6250
Gujarat,Surat,"Surat APMC",Ginger(Green),"Green Ginger",FAQ,21/09/2026,5000,15000,10000
Maharashtra,Palghar,"APMC  VASAI",Rice,"1009 Kar",Local,21/09/2026,3350,4800,4150
Telangana,Warangal,"Warangal APMC","Bhindi(Ladies Finger)",Bhindi,FAQ,21/09/2026,2000,2200,2100
Telangana,Warangal,"Warangal APMC",Colacasia,Colacasia,FAQ,21/09/2026,1500,2000,1750
Haryana,Fatehabad,"Fatehabad APMC",Apple,Apple,Local,21/09/2026,6000,6000,6000
Haryana,Fatehabad,"Fatehabad APMC","Mousambi(Sweet Lime)",Other,Local,21/09/2026,3000,3000,3000
"Andhra Pradesh",Prakasam,"Addanki APMC",Paddy(Common),Paddy,FAQ,21/09/2026,2400,2450,2420
"Andhra Pradesh",Prakasam,"Addanki APMC","Bengal Gram(Gram)(Whole)",Gulabi,Local,21/09/2026,6000,6100,6050
"Andhra Pradesh",Markapuram,"Cumbum APMC",Cotton,Other,FAQ,21/09/2026,8000,8200,8200
"Andhra Pradesh",Tirupathi,"Sullurpet APMC",Paddy(Common),MTU-1010,Local,21/09/2026,2420,2460,2440
"Andhra Pradesh","YSR Kadapa","Mydukur APMC",Paddy(Common),Masuri,Local,21/09/2026,2800,3200,3000
Uttarakhand,Haridwar,"Roorkee APMC",Brinjal,Other,Local,21/09/2026,800,1000,900
Uttarakhand,Haridwar,"Roorkee APMC",Tomato,Other,Medium,21/09/2026,1200,2200,1600
Maharashtra,Pune,"Pune(Moshi) ","Pointed gourd(Parval)",Other,Local,21/09/2026,5000,5000,5000
Maharashtra,Pune,"Pune(Moshi) ",Tomato,Local,Local,21/09/2026,700,1000,850
Maharashtra,Pune,"Pune(Moshi) ",Pineapple,Other,Local,21/09/2026,5000,5000,5000
Maharashtra,Pune,"Pune(Moshi) ",Banana,Other,Local,21/09/2026,2000,6000,4000
Maharashtra,Pune,"Pune(Moshi) ",Papaya,Other,Local,21/09/2026,2500,2500,2500
Maharashtra,Pune,"Pune(Moshi) ","Bottle gourd",Other,Local,21/09/2026,1500,2000,1750
Maharashtra,Pune,"Pune(Moshi) ",Guar,Other,Local,21/09/2026,3000,5000,4000
Maharashtra,Pune,"Pune(Moshi) ","Onion Green",Other,Local,21/09/2026,10,10,10
Maharashtra,Pune,"Pune(Moshi) ",Garlic,Other,Local,21/09/2026,10000,10000,10000
Maharashtra,Ratnagiri,"APMC Ratnagiri (Nachane) ",Cabbage,Other,Local,21/09/2026,1000,1400,1200
Maharashtra,Ratnagiri,"APMC Ratnagiri (Nachane) ",Ginger(Green),Other,Local,21/09/2026,10000,17000,13000
Maharashtra,Ratnagiri,"APMC Ratnagiri (Nachane) ",Guar,Other,Local,21/09/2026,2000,4000,3000
Maharashtra,Ratnagiri,"APMC Ratnagiri (Nachane) ","Bitter gourd",Other,Local,21/09/2026,1000,2500,1500
"Tamil Nadu",Erode,"Thalavadi(Uzhavar Sandhai )",Onion,Bellary,Local,21/09/2026,5500,6000,5750
"Tamil Nadu",Erode,"Thalavadi(Uzhavar Sandhai )",Cauliflower,Ranchi,Local,21/09/2026,3000,3400,3200
"Tamil Nadu",Erode,"Thalavadi(Uzhavar Sandhai )",Tomato,Other,Local,21/09/2026,2200,2600,2400
"Tamil Nadu",Erode,"Thalavadi(Uzhavar Sandhai )",Amaranthus,Amaranthus,Local,21/09/2026,3500,4000,3750
"Tamil Nadu",Erode,"Thalavadi(Uzhavar Sandhai )",Beetroot,Beetroot,Local,21/09/2026,3000,3600,3300
"Tamil Nadu",Erode,"Thalavadi(Uzhavar Sandhai )","Green Avare(W)",Other,Local,21/09/2026,4000,4500,4250
"Tamil Nadu",Erode,"Thalavadi(Uzhavar Sandhai )",Drumstick,Drumstick,Local,21/09/2026,4000,4400,4200
"Tamil Nadu",Cuddalore,"Viruthachalam(Uzhavar Sandhai )","Bitter gourd","Bitter Gourd",Local,21/09/2026,5000,5000,5000
"Tamil Nadu",Cuddalore,"Viruthachalam(Uzhavar Sandhai )",Carrot,Pusakesar,Local,21/09/2026,6000,6000,6000
"Tamil Nadu",Cuddalore,"Viruthachalam(Uzhavar Sandhai )",Snakeguard,Snakeguard,Local,21/09/2026,2500,2500,2500
"Tamil Nadu",Cuddalore,"Viruthachalam(Uzhavar Sandhai )",Ridgeguard(Tori),Ridgeguard(Tori),Local,21/09/2026,5000,5000,5000
"Tamil Nadu",Cuddalore,"Viruthachalam(Uzhavar Sandhai )",Lemon,Lemon,Local,21/09/2026,16000,16000,16000
"Tamil Nadu",Krishnagiri,"Krishnagiri(Uzhavar Sandhai )",Groundnut,"Big (With Shell)",Local,21/09/2026,6000,6500,6250
"Tamil Nadu",Krishnagiri,"Krishnagiri(Uzhavar Sandhai )",Onion,Bellary,Local,21/09/2026,5000,6000,5500
"Tamil Nadu",Krishnagiri,"Krishnagiri(Uzhavar Sandhai )",Potato,"Red Nanital",Local,21/09/2026,2000,2600,2300
"Tamil Nadu",Krishnagiri,"Krishnagiri(Uzhavar Sandhai )",Coriander(Leaves),"I Sort",Local,21/09/2026,2500,3000,2750
"Tamil Nadu",Krishnagiri,"Krishnagiri(Uzhavar Sandhai )","Cluster beans","Cluster Beans",Local,21/09/2026,2500,3000,2750
"Tamil Nadu",Krishnagiri,"Krishnagiri(Uzhavar Sandhai )","Bottle gourd","Bottle Gourd",Local,21/09/2026,1500,1800,1650
"Tamil Nadu",Krishnagiri,"Krishnagiri(Uzhavar Sandhai )","Bhindi(Ladies Finger)",Bhindi,Local,21/09/2026,2000,2400,2200
"Tamil Nadu",Krishnagiri,"Krishnagiri(Uzhavar Sandhai )",Amaranthus,Amaranthus,Local,21/09/2026,2500,3000,2750
"Tamil Nadu",Krishnagiri,"Krishnagiri(Uzhavar Sandhai )","Green Chilli","Green Chilly",Local,21/09/2026,3000,4000,3500
"Tamil Nadu",Krishnagiri,"Krishnagiri(Uzhavar Sandhai )","Tender Coconut","Tender Coconut",Local,21/09/2026,3000,4000,3500
"Tamil Nadu",Nagapattinam,"Nagapattinam(Uzhavar Sandhai )",Banana,Poovan,Local,21/09/2026,3700,4500,4100
"Tamil Nadu",Nagapattinam,"Nagapattinam(Uzhavar Sandhai )",Onion,Bellary,Local,21/09/2026,3900,4500,4200
"Tamil Nadu",Nagapattinam,"Nagapattinam(Uzhavar Sandhai )",Potato,"Red Nanital",Local,21/09/2026,4300,4300,4300
"Tamil Nadu",Nagapattinam,"Nagapattinam(Uzhavar Sandhai )",Papaya,Papaya,Local,21/09/2026,3700,3700,3700
"Tamil Nadu",Nagapattinam,"Nagapattinam(Uzhavar Sandhai )",Beans,"Beans (Whole)",Local,21/09/2026,9400,9400,9400
"Tamil Nadu",Nagapattinam,"Nagapattinam(Uzhavar Sandhai )",Ridgeguard(Tori),Ridgeguard(Tori),Local,21/09/2026,5500,5500,5500
"Tamil Nadu",Nagapattinam,"Nagapattinam(Uzhavar Sandhai )",Raddish,Raddish,Local,21/09/2026,3400,3400,3400
"Tamil Nadu",Nagapattinam,"Nagapattinam(Uzhavar Sandhai )","Green Avare(W)","Green Avare (W)",Local,21/09/2026,6000,7500,6750
"Tamil Nadu",Nagapattinam,"Nagapattinam(Uzhavar Sandhai )",Mango(Raw-Ripe),"Mango - Raw-Ripe",Local,21/09/2026,5200,6000,5600
"Tamil Nadu",Nagapattinam,"Nagapattinam(Uzhavar Sandhai )",Yam(Ratalu),"Yam (Ratalu)",Local,21/09/2026,6400,7500,6950
"Tamil Nadu",Nagapattinam,"Nagapattinam(Uzhavar Sandhai )",Lemon,Lemon,Local,21/09/2026,12400,16000,14200
"Tamil Nadu",Nagapattinam,"Nagapattinam(Uzhavar Sandhai )","Onion Green","Onion Green",Local,21/09/2026,7000,8000,7500
"Tamil Nadu",Pudukkottai,"Pudukottai(Uzhavar Sandhai )",Potato,Other,Local,21/09/2026,5000,6000,5500
"Tamil Nadu",Pudukkottai,"Pudukottai(Uzhavar Sandhai )",Pumpkin,Pumpkin,Local,21/09/2026,1000,1500,1250
"Tamil Nadu",Pudukkottai,"Pudukottai(Uzhavar Sandhai )",Cabbage,Cabbage,Local,21/09/2026,3000,3500,3250
"Tamil Nadu",Pudukkottai,"Pudukottai(Uzhavar Sandhai )",Lemon,Lemon,Local,21/09/2026,26000,27000,26500
"Tamil Nadu",Pudukkottai,"Pudukottai(Uzhavar Sandhai )",Mashrooms,Mashrooms,Local,21/09/2026,24000,25000,24500
"Tamil Nadu",Thanjavur,"Kumbakonam (Uzhavar Sandhai )",Onion,Bellary,Local,21/09/2026,7200,8400,7800
"Tamil Nadu",Thanjavur,"Kumbakonam (Uzhavar Sandhai )","Bottle gourd","Bottle Gourd",Local,21/09/2026,2400,2400,2400
"Tamil Nadu",Thanjavur,"Kumbakonam (Uzhavar Sandhai )",Amaranthus,Amaranthus,Local,21/09/2026,2000,2000,2000
"Tamil Nadu",Thanjavur,"Kumbakonam (Uzhavar Sandhai )",Lime,Lime,Local,21/09/2026,4000,4000,4000
"Tamil Nadu",Thanjavur,"Kumbakonam (Uzhavar Sandhai )",Lemon,Lemon,Local,21/09/2026,18000,18000,18000
"Tamil Nadu",Thanjavur,"Kumbakonam (Uzhavar Sandhai )","Amla(Nelli Kai)",Amla,Local,21/09/2026,8000,8000,8000
"Tamil Nadu",Thanjavur,"Kumbakonam (Uzhavar Sandhai )",Mint(Pudina),Mint(Pudina),Local,21/09/2026,7200,7200,7200
"Tamil Nadu","The Nilgiris","Udhagamandalam(Uzhavar Sandhai )",Garlic,Garlic,Local,21/09/2026,20000,21000,20500
"Tamil Nadu","The Nilgiris","Udhagamandalam(Uzhavar Sandhai )",Cauliflower,Ranchi,Local,21/09/2026,3500,4000,3750
"Tamil Nadu","The Nilgiris","Udhagamandalam(Uzhavar Sandhai )",Brinjal,Other,Local,21/09/2026,2500,3000,2750
"Tamil Nadu","The Nilgiris","Udhagamandalam(Uzhavar Sandhai )","Green Peas","Green Peas",Local,21/09/2026,10000,12000,11000
"Tamil Nadu","The Nilgiris","Udhagamandalam(Uzhavar Sandhai )",Papaya,Papaya,Local,21/09/2026,4500,5000,4750
"Tamil Nadu","The Nilgiris","Udhagamandalam(Uzhavar Sandhai )",Pumpkin,Pumpkin,Local,21/09/2026,1500,2000,1750
"Tamil Nadu","The Nilgiris","Udhagamandalam(Uzhavar Sandhai )",Cabbage,Cabbage,Local,21/09/2026,1500,2000,1750
"Tamil Nadu","The Nilgiris","Udhagamandalam(Uzhavar Sandhai )",Cucumbar(Kheera),Cucumbar,Local,21/09/2026,3500,4000,3750
"Tamil Nadu","The Nilgiris","Udhagamandalam(Uzhavar Sandhai )",Ridgeguard(Tori),Ridgeguard(Tori),Local,21/09/2026,4500,4800,4650
"Tamil Nadu","The Nilgiris","Udhagamandalam(Uzhavar Sandhai )",Lime,Lime,Local,21/09/2026,10000,11000,10500
"Tamil Nadu","The Nilgiris","Udhagamandalam(Uzhavar Sandhai )","Onion Green","Onion Green",Local,21/09/2026,9000,9500,9250
"Tamil Nadu",Theni,"Bodinayakanur(Uzhavar Sandhai )",Potato,"Red Nanital",Local,21/09/2026,3000,3000,3000
"Tamil Nadu",Theni,"Bodinayakanur(Uzhavar Sandhai )",Tomato,Deshi,Local,21/09/2026,2500,2500,2500
"Tamil Nadu",Theni,"Bodinayakanur(Uzhavar Sandhai )","Cluster beans","Cluster Beans",Local,21/09/2026,3000,3000,3000
"Tamil Nadu",Theni,"Bodinayakanur(Uzhavar Sandhai )",Ashgourd,Gouard,Local,21/09/2026,1500,1500,1500
"Tamil Nadu",Theni,"Bodinayakanur(Uzhavar Sandhai )",Coconut,Coconut,Local,21/09/2026,5800,5800,5800
"Tamil Nadu",Theni,"Bodinayakanur(Uzhavar Sandhai )",Ridgeguard(Tori),Ridgeguard(Tori),Local,21/09/2026,4200,4200,4200
"Tamil Nadu",Theni,"Bodinayakanur(Uzhavar Sandhai )",Drumstick,Drumstick,Local,21/09/2026,4000,4000,4000
Punjab,"Ropar (Rupnagar)","Morinda APMC",Brinjal,Brinjal,Local,21/09/2026,1000,1200,1100
Punjab,"Ropar (Rupnagar)","Morinda APMC",Pomegranate,Pomogranate,Medium,21/09/2026,9000,11000,10000
Punjab,"Ropar (Rupnagar)","Morinda APMC","Bhindi(Ladies Finger)",Bhindi,Local,21/09/2026,2500,2500,2500
Punjab,"Ropar (Rupnagar)","Morinda APMC",Onion,Medium,Local,21/09/2026,4000,4500,4250
Punjab,"Ropar (Rupnagar)","Morinda APMC",Raddish,Raddish,Local,21/09/2026,1500,1700,1600
"West Bengal",Bankura,"Bishnupur(Bankura) APMC","Masur Dal",Other,FAQ,21/09/2026,9900,11200,10600
"West Bengal",Bankura,"Bishnupur(Bankura) APMC",Rice,Common,FAQ,21/09/2026,3600,3700,3650
"West Bengal",Bankura,"Bishnupur(Bankura) APMC",Potato,Jyoti,FAQ,21/09/2026,580,660,640
"Tamil Nadu",Thiruvarur,"Tiruvarur(Uzhavar Sandhai )",Tomato,Deshi,Local,21/09/2026,3000,3000,3000
"Tamil Nadu",Thiruvarur,"Tiruvarur(Uzhavar Sandhai )","Cluster beans","Cluster Beans",Local,21/09/2026,4000,4000,4000
"Tamil Nadu",Thiruvarur,"Tiruvarur(Uzhavar Sandhai )","Bitter gourd","Bitter Gourd",Local,21/09/2026,6000,6000,6000
"Tamil Nadu",Thiruvarur,"Tiruvarur(Uzhavar Sandhai )",Ridgeguard(Tori),Ridgeguard(Tori),Local,21/09/2026,4000,4000,4000
"Tamil Nadu",Thiruvarur,"Tiruvarur(Uzhavar Sandhai )",Drumstick,Drumstick,Local,21/09/2026,5000,5000,5000
"Tamil Nadu",Thiruvarur,"Tiruvarur(Uzhavar Sandhai )",Lime,Lime,Local,21/09/2026,4000,4000,4000
Gujarat,"Chhota Udaipur","Bodeliu APMC",Cotton,"Shanker 6 (B) 30mm FIne",FAQ,21/09/2026,8900,9100,9000
Bihar,"East Champaran/ Motihari","Raxaul APMC","Pointed gourd(Parval)",Other,"Grade A",21/09/2026,2800,3000,2900
Bihar,"East Champaran/ Motihari","Raxaul APMC","Bitter gourd","Bitter Gourd","Grade A",21/09/2026,1100,1250,1200
"Tamil Nadu",Virudhunagar,"Aruppukottai(Uzhavar Sandhai )",Potato,"Red Nanital",Local,21/09/2026,3000,3500,3250
"Tamil Nadu",Virudhunagar,"Aruppukottai(Uzhavar Sandhai )",Amaranthus,Amaranthus,Local,21/09/2026,3000,3500,3250
"Tamil Nadu",Virudhunagar,"Aruppukottai(Uzhavar Sandhai )",Beans,"Beans (Whole)",Local,21/09/2026,9500,10000,9750
"Tamil Nadu",Virudhunagar,"Aruppukottai(Uzhavar Sandhai )",Snakeguard,Snakeguard,Local,21/09/2026,3500,4000,3750
"Tamil Nadu",Virudhunagar,"Aruppukottai(Uzhavar Sandhai )",Beetroot,Beetroot,Local,21/09/2026,4500,5000,4750
"Tamil Nadu",Virudhunagar,"Aruppukottai(Uzhavar Sandhai )",Pomegranate,Pomogranate,Local,21/09/2026,14000,15000,14500
"Tamil Nadu",Virudhunagar,"Aruppukottai(Uzhavar Sandhai )","Onion Green","Onion Green",Local,21/09/2026,8500,9000,8750
"Tamil Nadu",Villupuram,"Gingee(Uzhavar Sandhai )",Amaranthus,Amaranthus,Local,21/09/2026,4000,5000,4500
"Tamil Nadu",Villupuram,"Gingee(Uzhavar Sandhai )",Beans,"Beans (Whole)",Local,21/09/2026,10000,10000,10000
"Tamil Nadu",Villupuram,"Gingee(Uzhavar Sandhai )",Mango(Raw-Ripe),"Mango - Raw-Ripe",Local,21/09/2026,9000,9000,9000
"Tamil Nadu",Villupuram,"Gingee(Uzhavar Sandhai )","Knool Khol","Knool Khol",Local,21/09/2026,4000,4000,4000
"Tamil Nadu",Villupuram,"Gingee(Uzhavar Sandhai )",Lemon,Lemon,Local,21/09/2026,15000,15000,15000
"Tamil Nadu",Villupuram,"Gingee(Uzhavar Sandhai )","Amla(Nelli Kai)",Amla,Local,21/09/2026,9000,10000,9500
"Tamil Nadu",Thiruvarur,"Valangaiman APMC","Bottle gourd","Bottle Gourd",Local,21/09/2026,3000,3000,3000
"Tamil Nadu",Thiruvarur,"Valangaiman APMC",Ashgourd,Gouard,Local,21/09/2026,2400,2400,2400
"Tamil Nadu",Thiruvarur,"Valangaiman APMC","Green Chilli","Green Chilly",Local,21/09/2026,5000,6000,5500
"Tamil Nadu",Thiruvarur,"Valangaiman APMC",Coconut,Coconut,Local,21/09/2026,5000,5000,5000
"Tamil Nadu",Thiruvarur,"Valangaiman APMC","Green Avare(W)","Green Avare (W)",Local,21/09/2026,7000,7000,7000
"Madhya Pradesh",Shivpuri,"Karera(F&V) APMC",Brinjal,Brinjal,Local,21/09/2026,600,900,800
Keralam,Malappuram,"Kodakkad  VFPCK Market",Banana,"Nendra Bale","Grade A",21/09/2026,4800,5000,4900
"Andhra Pradesh",Srikakulam,"Palasa APMC",Cashewnuts,"320 Counts",Local,21/09/2026,14000,14000,14000
"Tamil Nadu",Madurai,"Thirumangalam(Uzhavar Sandhai )",Banana,Besrai,Local,21/09/2026,3000,4000,3500
"Tamil Nadu",Madurai,"Thirumangalam(Uzhavar Sandhai )",Onion,Bellary,Local,21/09/2026,6000,6500,6250
"Tamil Nadu",Madurai,"Thirumangalam(Uzhavar Sandhai )",Brinjal,Round,Local,21/09/2026,4000,4500,4250
"Tamil Nadu",Madurai,"Thirumangalam(Uzhavar Sandhai )",Tomato,Deshi,Local,21/09/2026,2800,3000,2900
"Tamil Nadu",Madurai,"Thirumangalam(Uzhavar Sandhai )","Green Avare(W)","Green Avare (W)",Local,21/09/2026,10000,11000,10500
"Tamil Nadu",Madurai,"Thirumangalam(Uzhavar Sandhai )","Amla(Nelli Kai)",Amla,Local,21/09/2026,8000,9000,8500
"Tamil Nadu",Madurai,"Thirumangalam(Uzhavar Sandhai )","Onion Green","Onion Green",Local,21/09/2026,8000,9000,8500
"Tamil Nadu",Madurai,"Melur(Uzhavar Sandhai )",Groundnut,"Big (With Shell)",Local,21/09/2026,7000,8000,7500
"Tamil Nadu",Madurai,"Melur(Uzhavar Sandhai )","Bitter gourd",Other,Local,21/09/2026,5000,5500,5250
"Tamil Nadu",Madurai,"Melur(Uzhavar Sandhai )",Pumpkin,Pumpkin,Local,21/09/2026,1600,2000,1800
"Tamil Nadu",Madurai,"Melur(Uzhavar Sandhai )","Bhindi(Ladies Finger)",Bhindi,Local,21/09/2026,2800,3000,2900
"Tamil Nadu",Madurai,"Melur(Uzhavar Sandhai )",Tapioca,Tapioca,Local,21/09/2026,3600,4000,3800
"Tamil Nadu",Madurai,"Melur(Uzhavar Sandhai )",Raddish,Raddish,Local,21/09/2026,2400,2800,2600
"Tamil Nadu",Madurai,"Melur(Uzhavar Sandhai )","Elephant Yam(Suran)/Amorphophallus","Elephant Yam (Suran)",Local,21/09/2026,4000,4500,4250
"Tamil Nadu",Karur,"Gandhigramam(Uzhavar Sandhai)",Coriander(Leaves),"I Sort",Local,21/09/2026,5500,6000,5750
"Tamil Nadu",Karur,"Gandhigramam(Uzhavar Sandhai)",Tomato,Other,Local,21/09/2026,2800,3000,2900
"Tamil Nadu",Karur,"Gandhigramam(Uzhavar Sandhai)","Cluster beans","Cluster Beans",Local,21/09/2026,3500,4000,3750
"Tamil Nadu",Karur,"Gandhigramam(Uzhavar Sandhai)",Ashgourd,Gouard,Local,21/09/2026,2200,2500,2350
"Tamil Nadu",Karur,"Gandhigramam(Uzhavar Sandhai)",Pumpkin,Pumpkin,Local,21/09/2026,2200,2500,2350
"Tamil Nadu",Karur,"Gandhigramam(Uzhavar Sandhai)",Amaranthus,Amaranthus,Local,21/09/2026,2000,2500,2250
"Tamil Nadu",Karur,"Gandhigramam(Uzhavar Sandhai)",Ginger(Green),"Green Ginger",Local,21/09/2026,17000,19000,18000
"Tamil Nadu",Karur,"Gandhigramam(Uzhavar Sandhai)",Lemon,Lemon,Local,21/09/2026,28000,30000,29000
"Tamil Nadu",Karur,"Gandhigramam(Uzhavar Sandhai)","Baby Corn","Baby Corn","Grade A",21/09/2026,3500,4000,3750
"Tamil Nadu",Salem,"Vazhapadi(Uzhavar Sandhai)",Groundnut,"Big (With Shell)",Local,21/09/2026,8000,8000,8000
"Tamil Nadu",Salem,"Vazhapadi(Uzhavar Sandhai)","Bhindi(Ladies Finger)",Bhindi,Local,21/09/2026,3800,3800,3800
"Tamil Nadu",Salem,"Vazhapadi(Uzhavar Sandhai)",Mint(Pudina),Mint(Pudina),Local,21/09/2026,5000,5000,5000
"Tamil Nadu",Pudukkottai,"Aranthangi(Uzhavar Sandhai )",Papaya,Papaya,Local,21/09/2026,3500,4000,3750
"Tamil Nadu",Pudukkottai,"Aranthangi(Uzhavar Sandhai )",Raddish,Raddish,Local,21/09/2026,3500,4000,3750
"Tamil Nadu",Pudukkottai,"Aranthangi(Uzhavar Sandhai )","Onion Green","Onion Green",Local,21/09/2026,9000,10000,9500
"Tamil Nadu",Nagapattinam,"Vedaranyam(Uzhavar Sandhai)",Amaranthus,Amaranthus,Local,21/09/2026,2000,2500,2250
"Tamil Nadu",Nagapattinam,"Vedaranyam(Uzhavar Sandhai)","Green Chilli","Green Chilly",Local,21/09/2026,4000,5500,4750
"Tamil Nadu",Nagapattinam,"Vedaranyam(Uzhavar Sandhai)",Mango(Raw-Ripe),"Mango - Raw-Ripe",Local,21/09/2026,3800,3800,3800
"Tamil Nadu",Nagapattinam,"Vedaranyam(Uzhavar Sandhai)",Lime,Lime,Local,21/09/2026,3000,3500,3250
"Tamil Nadu",Vellore,"Perampet(Uzhavar Sandhai)",Banana,Other,Local,21/09/2026,6000,6000,6000
"Tamil Nadu",Vellore,"Perampet(Uzhavar Sandhai)","Bitter gourd","Bitter Gourd",Local,21/09/2026,4000,4000,4000
"Tamil Nadu",Vellore,"Perampet(Uzhavar Sandhai)","Bhindi(Ladies Finger)",Bhindi,Local,21/09/2026,2000,2500,2250
"Tamil Nadu",Vellore,"Perampet(Uzhavar Sandhai)","Green Chilli","Green Chilly",Local,21/09/2026,6000,6600,6300
"Tamil Nadu",Vellore,"Perampet(Uzhavar Sandhai)","Banana - Green","Banana - Green",Local,21/09/2026,4000,4000,4000
"Tamil Nadu",Vellore,"Perampet(Uzhavar Sandhai)",Carrot,Pusakesar,Local,21/09/2026,5000,6000,5500
"Tamil Nadu",Vellore,"Perampet(Uzhavar Sandhai)",Snakeguard,Snakeguard,Local,21/09/2026,3000,3000,3000
"Tamil Nadu",Vellore,"Perampet(Uzhavar Sandhai)","Tender Coconut","Tender Coconut",Local,21/09/2026,2500,2500,2500
"Tamil Nadu",Vellore,"Perampet(Uzhavar Sandhai)","Amla(Nelli Kai)",Amla,Local,21/09/2026,10000,10000,10000
"Tamil Nadu",Karur,"Kulithalai(Uzhavar Sandhai )",Cauliflower,Ranchi,Local,21/09/2026,3500,4000,3750
"Tamil Nadu",Karur,"Kulithalai(Uzhavar Sandhai )","Water Melon","Water Melon",Local,21/09/2026,2000,3000,2500
"Tamil Nadu",Karur,"Kulithalai(Uzhavar Sandhai )","Bhindi(Ladies Finger)",Bhindi,Local,21/09/2026,3000,3600,3300
"Tamil Nadu",Karur,"Kulithalai(Uzhavar Sandhai )","Green Chilli","Green Chilly",Local,21/09/2026,5000,6000,5500
"Tamil Nadu",Karur,"Kulithalai(Uzhavar Sandhai )",Cowpea(Veg),"Cowpea (Veg)",Local,21/09/2026,3500,4000,3750
"Tamil Nadu",Karur,"Kulithalai(Uzhavar Sandhai )","Banana - Green","Banana - Green",Local,21/09/2026,3000,3500,3250
"Tamil Nadu",Karur,"Kulithalai(Uzhavar Sandhai )",Beans,"Beans (Whole)",Local,21/09/2026,7000,7600,7300
"Tamil Nadu",Karur,"Kulithalai(Uzhavar Sandhai )",Snakeguard,Snakeguard,Local,21/09/2026,3000,3600,3300
"Tamil Nadu",Karur,"Kulithalai(Uzhavar Sandhai )",Raddish,Raddish,Local,21/09/2026,2500,3000,2750
"Tamil Nadu",Karur,"Kulithalai(Uzhavar Sandhai )",Drumstick,Drumstick,Local,21/09/2026,2000,3000,2500
"Tamil Nadu",Karur,"Kulithalai(Uzhavar Sandhai )",Mashrooms,Mashrooms,Local,21/09/2026,26000,26000,26000
"Tamil Nadu",Thirupur,"Dharapuram(Uzhavar Sandhai )","Green Chilli","Green Chilly",Local,21/09/2026,5000,6000,5500
"Tamil Nadu",Thirupur,"Dharapuram(Uzhavar Sandhai )","Banana - Green","Banana - Green",Local,21/09/2026,2500,3000,2750
"Tamil Nadu",Thirupur,"Dharapuram(Uzhavar Sandhai )",Beans,"Beans (Whole)",Local,21/09/2026,7000,8000,7500
"Tamil Nadu",Thirupur,"Dharapuram(Uzhavar Sandhai )",Raddish,Raddish,Local,21/09/2026,3000,3500,3250
"Tamil Nadu",Thirupur,"Dharapuram(Uzhavar Sandhai )","Elephant Yam(Suran)/Amorphophallus","Elephant Yam (Suran)",Local,21/09/2026,4500,5000,4750
"Tamil Nadu",Thirupur,"Dharapuram(Uzhavar Sandhai )",Mint(Pudina),Mint(Pudina),Local,21/09/2026,2500,3000,2750
"Tamil Nadu",Thirupur,"Palladam(Uzhavar Sandhai )",Papaya,Papaya,Local,21/09/2026,2500,3000,2750
"Tamil Nadu",Thirupur,"Palladam(Uzhavar Sandhai )",Tomato,Local,Local,21/09/2026,2000,2400,2200
"Tamil Nadu",Thirupur,"Palladam(Uzhavar Sandhai )","Cluster beans","Cluster Beans",Local,21/09/2026,3500,4000,3750
"Tamil Nadu",Thirupur,"Palladam(Uzhavar Sandhai )","Green Chilli","Green Chilly",Local,21/09/2026,3500,4000,3750
"Tamil Nadu",Thirupur,"Palladam(Uzhavar Sandhai )",Cowpea(Veg),"Cowpea (Veg)",Local,21/09/2026,3500,4000,3750
"Tamil Nadu",Kallakuruchi,"Kallakurichi(Uzhavar Sandhai )",Garlic,Garlic,Local,21/09/2026,26000,26000,26000
"Tamil Nadu",Kallakuruchi,"Kallakurichi(Uzhavar Sandhai )",Brinjal,Other,Local,21/09/2026,6000,6000,6000
"Tamil Nadu",Kallakuruchi,"Kallakurichi(Uzhavar Sandhai )","Bottle gourd","Bottle Gourd",Local,21/09/2026,1500,1500,1500
"Tamil Nadu",Kallakuruchi,"Kallakurichi(Uzhavar Sandhai )",Ashgourd,Gouard,Local,21/09/2026,3000,3000,3000
"Tamil Nadu",Kallakuruchi,"Kallakurichi(Uzhavar Sandhai )","Green Chilli","Green Chilly",Local,21/09/2026,6000,6000,6000
"Tamil Nadu",Kallakuruchi,"Kallakurichi(Uzhavar Sandhai )",Ginger(Green),"Green Ginger",Local,21/09/2026,18000,18000,18000
"Tamil Nadu",Kallakuruchi,"Kallakurichi(Uzhavar Sandhai )",Beetroot,Beetroot,Local,21/09/2026,6000,6000,6000
"Tamil Nadu",Kallakuruchi,"Kallakurichi(Uzhavar Sandhai )",Ridgeguard(Tori),Ridgeguard(Tori),Local,21/09/2026,4000,4000,4000
"Tamil Nadu",Kallakuruchi,"Kallakurichi(Uzhavar Sandhai )",Raddish,Raddish,Local,21/09/2026,4000,4000,4000
"Tamil Nadu",Kallakuruchi,"Kallakurichi(Uzhavar Sandhai )","Chow Chow","Chow Chow",Local,21/09/2026,5000,5000,5000
"Tamil Nadu",Kallakuruchi,"Kallakurichi(Uzhavar Sandhai )",Drumstick,Drumstick,Local,21/09/2026,5000,5000,5000
"Tamil Nadu",Kallakuruchi,"Kallakurichi(Uzhavar Sandhai )",Mashrooms,Mashrooms,Local,21/09/2026,22500,22500,22500
"Tamil Nadu",Kallakuruchi,"Kallakurichi(Uzhavar Sandhai )","Onion Green","Onion Green",Local,21/09/2026,7000,7000,7000
Bihar,Muzaffarpur,"Bhagwanpur Mandi APMC","Bhindi(Ladies Finger)",Bhindi,"Grade A",21/09/2026,1350,1350,1350
Haryana,Panipat,"Panipat APMC",Banana,"Banana - Ripe",Local,21/09/2026,2000,3000,2500
Haryana,Panipat,"Panipat APMC",Pomegranate,Pomogranate,Local,21/09/2026,3000,7000,5000
Haryana,Panipat,"Panipat APMC",Tomato,Other,Local,21/09/2026,1000,2000,1500
"Andhra Pradesh",Eluru,"Kaikaluru APMC",Paddy(Common),MTU-1001,Local,21/09/2026,2440,2440,2440
"Andhra Pradesh",Palnadu,"Gurazala APMC","Chili Red",Red,Local,21/09/2026,16000,23000,19500
"Andhra Pradesh","East Godavari","Kovvur APMC",Paddy(Common),MTU-1010,"Grade Range-2",21/09/2026,2441,2441,2441
"Andhra Pradesh",Kakinada,"Pithapuram APMC",Paddy(Common),"B P T",FAQ,21/09/2026,2369,2389,2379
"Andhra Pradesh",Ananthapuramu,"RAYADURG APMC",Maize,Local,"Grade Range-1",21/09/2026,2200,2600,2400
"Andhra Pradesh",NTR,"Tiruvuru APMC","Dry Chillies","Dry Chillies",Local,21/09/2026,21000,21000,21000
"Andhra Pradesh","West Godavari","Tanuku APMC",Paddy(Common),MTU-1010,Local,21/09/2026,2445,2445,2445
"Andhra Pradesh",Polavaram,"Rampachodvaram APMC",Paddy(Common),1001,"Grade Range-2",21/09/2026,2369,2380,2379
"Tamil Nadu",Salem,"Athur(Uzhavar Sandhai )",Groundnut,"Big (With Shell)",Local,21/09/2026,6500,7000,6750
"Tamil Nadu",Salem,"Athur(Uzhavar Sandhai )",Coriander(Leaves),"I Sort",Local,21/09/2026,2500,3000,2750
"Tamil Nadu",Salem,"Athur(Uzhavar Sandhai )",Papaya,Papaya,Local,21/09/2026,3500,4000,3750
"Tamil Nadu",Salem,"Athur(Uzhavar Sandhai )",Tomato,Local,Local,21/09/2026,2000,2800,2400
"Tamil Nadu",Salem,"Athur(Uzhavar Sandhai )","Bottle gourd","Bottle Gourd",Local,21/09/2026,2200,2500,2350
"Tamil Nadu",Salem,"Athur(Uzhavar Sandhai )",Cabbage,Cabbage,Local,21/09/2026,2500,3000,2750
"Tamil Nadu",Salem,"Athur(Uzhavar Sandhai )",Beetroot,Beetroot,Local,21/09/2026,5000,7000,6000
"Tamil Nadu",Salem,"Athur(Uzhavar Sandhai )",Raddish,Raddish,Local,21/09/2026,2000,2500,2250
"Tamil Nadu",Salem,"Athur(Uzhavar Sandhai )",Guava,"Guava Allahabad",Local,21/09/2026,5500,6000,5750
"Tamil Nadu",Salem,"Athur(Uzhavar Sandhai )","Tender Coconut","Tender Coconut",Local,21/09/2026,3000,3500,3250
"Tamil Nadu",Salem,"Athur(Uzhavar Sandhai )","Tamarind Fruit","Tamarind Fruit",Local,21/09/2026,13000,16000,14500
"Tamil Nadu",Theni,"Periyakulam(Uzhavar Sandhai )",Onion,Bellary,Local,21/09/2026,6300,6500,6400
"Tamil Nadu",Theni,"Periyakulam(Uzhavar Sandhai )",Potato,Other,Local,21/09/2026,2800,3000,2900
"Tamil Nadu",Theni,"Periyakulam(Uzhavar Sandhai )",Amaranthus,Amaranthus,Local,21/09/2026,2000,2500,2250
"Tamil Nadu",Theni,"Periyakulam(Uzhavar Sandhai )","Banana - Green","Banana - Green",Local,21/09/2026,2500,3000,2750
"Tamil Nadu",Theni,"Periyakulam(Uzhavar Sandhai )",Snakeguard,Snakeguard,Local,21/09/2026,2800,3000,2900
"Tamil Nadu",Theni,"Periyakulam(Uzhavar Sandhai )",Beetroot,Beetroot,Local,21/09/2026,3400,3600,3500
"Tamil Nadu",Theni,"Periyakulam(Uzhavar Sandhai )",Ridgeguard(Tori),Ridgeguard(Tori),Local,21/09/2026,4000,4200,4100
"Tamil Nadu",Theni,"Periyakulam(Uzhavar Sandhai )",Thondekai,Thondekai,Local,21/09/2026,3300,3500,3400
"Tamil Nadu",Theni,"Periyakulam(Uzhavar Sandhai )",Yam(Ratalu),"Yam (Ratalu)",Local,21/09/2026,4800,5000,4900
"Tamil Nadu",Virudhunagar,"Srivilliputhur(Uzhavar Sandhai )",Onion,Bellary,Local,21/09/2026,6000,7000,6500
"Tamil Nadu",Virudhunagar,"Srivilliputhur(Uzhavar Sandhai )",Coriander(Leaves),"I Sort",Local,21/09/2026,3500,4000,3750
"Tamil Nadu",Virudhunagar,"Srivilliputhur(Uzhavar Sandhai )",Pumpkin,Pumpkin,Local,21/09/2026,1700,2000,1850
"Tamil Nadu",Virudhunagar,"Srivilliputhur(Uzhavar Sandhai )","Bhindi(Ladies Finger)",Bhindi,Local,21/09/2026,3500,4000,3750
"Tamil Nadu",Virudhunagar,"Srivilliputhur(Uzhavar Sandhai )",Cabbage,Cabbage,Local,21/09/2026,3000,3500,3250
"Tamil Nadu",Virudhunagar,"Srivilliputhur(Uzhavar Sandhai )",Ridgeguard(Tori),Ridgeguard(Tori),Local,21/09/2026,4500,5000,4750
"Tamil Nadu",Virudhunagar,"Srivilliputhur(Uzhavar Sandhai )",Raddish,Raddish,Local,21/09/2026,3000,3500,3250
"Tamil Nadu",Virudhunagar,"Srivilliputhur(Uzhavar Sandhai )","Chow Chow","Chow Chow",Local,21/09/2026,3000,3500,3250
"Tamil Nadu",Virudhunagar,"Srivilliputhur(Uzhavar Sandhai )",Yam(Ratalu),"Yam (Ratalu)",Local,21/09/2026,6000,7000,6500
"Tamil Nadu",Virudhunagar,"Srivilliputhur(Uzhavar Sandhai )",Colacasia,Colacasia,Local,21/09/2026,5000,6000,5500
"Uttar Pradesh",Hathras,"Shadabad APMC",Raddish,Raddish,Small,21/09/2026,600,700,650
Punjab,Ludhiana,"Sahnewal APMC",Tomato,Tomato,FAQ,21/09/2026,3500,3500,3500
Punjab,Ludhiana,"Sahnewal APMC",Cucumbar(Kheera),Cucumbar,FAQ,21/09/2026,2400,2400,2400
Nagaland,Tsemenyu,"Tsemenyu APMC",Yam(Ratalu),"Yam (Ratalu)",Local,21/09/2026,4500,4500,4500
Nagaland,Wokha,"Baghty APMC",Ginger(Green),Other,Local,21/09/2026,6600,7400,7000
Tripura,"North Tripura","Dasda APMC",Brinjal,Round/Long,FAQ,21/09/2026,2700,2900,2800
Nagaland,Kohima,"Kohima APMC",Potato,Potato,Local,21/09/2026,3500,3500,3500
"Tamil Nadu",Coimbatore,"Vadavalli(Uzhavar Sandhai )",Apple,American,Local,21/09/2026,20000,28000,24000
"Tamil Nadu",Coimbatore,"Vadavalli(Uzhavar Sandhai )",Grapes,Annabesahai,Local,21/09/2026,10000,11000,10500
"Tamil Nadu",Coimbatore,"Vadavalli(Uzhavar Sandhai )",Onion,Bellary,Local,21/09/2026,5800,6200,6000
"Tamil Nadu",Coimbatore,"Vadavalli(Uzhavar Sandhai )",Coriander(Leaves),"I Sort",Local,21/09/2026,4400,4800,4600
"Tamil Nadu",Coimbatore,"Vadavalli(Uzhavar Sandhai )",Papaya,Papaya,Local,21/09/2026,5000,5600,5300
"Tamil Nadu",Coimbatore,"Vadavalli(Uzhavar Sandhai )",Cowpea(Veg),"Cowpea (Veg)",Local,21/09/2026,3600,4200,3900
"Tamil Nadu",Coimbatore,"Vadavalli(Uzhavar Sandhai )",Ridgeguard(Tori),Ridgeguard(Tori),Local,21/09/2026,4000,4500,4250
"Tamil Nadu",Coimbatore,"Vadavalli(Uzhavar Sandhai )",Raddish,Raddish,Local,21/09/2026,2500,3000,2750
"Tamil Nadu",Coimbatore,"Vadavalli(Uzhavar Sandhai )",Thondekai,Thondekai,Local,21/09/2026,3500,4000,3750
"Tamil Nadu",Coimbatore,"Vadavalli(Uzhavar Sandhai )","Green Avare(W)",Other,Local,21/09/2026,6000,6500,6250
"Tamil Nadu",Coimbatore,"Vadavalli(Uzhavar Sandhai )",Colacasia,Colacasia,Local,21/09/2026,4800,5400,5100
"Tamil Nadu",Coimbatore,"Vadavalli(Uzhavar Sandhai )","Amla(Nelli Kai)",Amla,Local,21/09/2026,10000,11500,10750
"Tamil Nadu",Coimbatore,"Vadavalli(Uzhavar Sandhai )","Sweet Corn ","Sweet Corn ",Local,21/09/2026,3500,4000,3750
"Andhra Pradesh","YSR Kadapa","Jammalamadugu APMC","Bengal Gram(Gram)(Whole)","Average (Whole)",FAQ,21/09/2026,6200,6600,6400
"Uttar Pradesh",Bulandshahar,"Gulavati APMC",Brinjal,Brinjal,FAQ,21/09/2026,1400,1600,1500
"Uttar Pradesh",Bulandshahar,"Gulavati APMC","Bottle gourd","Bottle Gourd",FAQ,21/09/2026,1400,1600,1500
Haryana,Hissar,"Barwala(Hisar) APMC","Pea Pod/Pea Cod/हरी मटर",Other,Local,21/09/2026,11000,12000,11500
Haryana,Hissar,"Barwala(Hisar) APMC","Bhindi(Ladies Finger)",Bhindi,Local,21/09/2026,2000,2500,2250
Haryana,Hissar,"Barwala(Hisar) APMC","Bottle gourd","Bottle Gourd",Local,21/09/2026,1000,1500,1250
Haryana,Hissar,"Barwala(Hisar) APMC","Leafy Vegetable","Leafy Vegetables",Local,21/09/2026,1500,2000,1800
"Tamil Nadu",Coimbatore,"Udumalpet APMC",Brinjal,Other,Local,21/09/2026,4000,4500,4250
"Tamil Nadu",Coimbatore,"Udumalpet APMC",Ashgourd,Gouard,Local,21/09/2026,1500,2000,1750
"Tamil Nadu",Coimbatore,"Udumalpet APMC",Pumpkin,Pumpkin,Local,21/09/2026,1500,2000,1750
"Tamil Nadu",Coimbatore,"Udumalpet APMC",Amaranthus,Amaranthus,Local,21/09/2026,2500,3000,2750
"Tamil Nadu",Coimbatore,"Udumalpet APMC",Ginger(Green),"Green Ginger",Local,21/09/2026,18000,18500,18250
"Tamil Nadu",Coimbatore,"Udumalpet APMC",Coconut,Coconut,Local,21/09/2026,5500,6000,5750
"Tamil Nadu",Coimbatore,"Udumalpet APMC","Sweet Potato","Hosur Red",Local,21/09/2026,6500,7000,6750
"Tamil Nadu",Coimbatore,"Udumalpet APMC",Raddish,Raddish,Local,21/09/2026,2500,3200,2850
"Tamil Nadu",Coimbatore,"Udumalpet APMC",Capsicum,Capsicum,Local,21/09/2026,8000,9000,8500
"Tamil Nadu",Coimbatore,"Udumalpet APMC","Green Avare(W)",Other,Local,21/09/2026,8000,9500,8750
"Tamil Nadu",Coimbatore,"Udumalpet APMC",Pomegranate,Pomogranate,Local,21/09/2026,17000,18000,17500
"Tamil Nadu",Coimbatore,"Udumalpet APMC",Yam(Ratalu),"Yam (Ratalu)",Local,21/09/2026,8000,9000,8500
"Tamil Nadu",Coimbatore,"Udumalpet APMC","Indian Beans(Seam)","Indian Beans (Seam)",Local,21/09/2026,6500,7500,7000
"Tamil Nadu",Coimbatore,"Udumalpet APMC","Amla(Nelli Kai)",Amla,Local,21/09/2026,7000,8500,7750
"Tamil Nadu",Coimbatore,"Udumalpet APMC",Mint(Pudina),Mint(Pudina),Local,21/09/2026,4500,5000,4750
"Tamil Nadu",Coimbatore,"Udumalpet APMC","Sweet Corn ","Sweet Corn ",Local,21/09/2026,4000,5000,4500
"Himachal Pradesh",Kangra,"SMY Nagrota Bagwan",Apple,Apple,Medium,21/09/2026,3000,12000,9000
"Himachal Pradesh",Kangra,"SMY Nagrota Bagwan","Bhindi(Ladies Finger)",Bhindi,FAQ,21/09/2026,2400,2800,2600
"Himachal Pradesh",Kangra,"SMY Nagrota Bagwan",Cabbage,Cabbage,FAQ,21/09/2026,2200,2800,2500
"Himachal Pradesh",Kangra,"SMY Nagrota Bagwan",Capsicum,Capsicum,FAQ,21/09/2026,6000,6500,6200
"Himachal Pradesh",Kangra,"SMY Nagrota Bagwan",Cauliflower,Cauliflower,FAQ,21/09/2026,5000,5500,5200
"Himachal Pradesh",Kangra,"SMY Nagrota Bagwan",Colacasia,Colacasia,FAQ,21/09/2026,2500,2800,2600
"Himachal Pradesh",Kangra,"SMY Nagrota Bagwan","French Beans(Frasbean)","French Beans (Frasbean)",FAQ,21/09/2026,5000,5500,5200
"Himachal Pradesh",Kangra,"SMY Nagrota Bagwan",Lemon,Lemon,FAQ,21/09/2026,16000,17000,16500
"Tamil Nadu",Erode,"Gobichettipalayam(Uzhavar Sandhai )",Papaya,Papaya,Local,21/09/2026,3000,3400,3200
"Tamil Nadu",Erode,"Gobichettipalayam(Uzhavar Sandhai )",Tomato,Deshi,Local,21/09/2026,2200,2500,2350
"Tamil Nadu",Erode,"Gobichettipalayam(Uzhavar Sandhai )","Cluster beans","Cluster Beans",Local,21/09/2026,2800,3000,2900
"Tamil Nadu",Erode,"Gobichettipalayam(Uzhavar Sandhai )","Bottle gourd","Bottle Gourd",Local,21/09/2026,1800,2000,1900
"Tamil Nadu",Erode,"Gobichettipalayam(Uzhavar Sandhai )",Ginger(Green),"Green Ginger",Local,21/09/2026,9000,9500,9250
"Tamil Nadu",Erode,"Gobichettipalayam(Uzhavar Sandhai )",Cabbage,Cabbage,Local,21/09/2026,1800,2000,1900
"Tamil Nadu",Erode,"Gobichettipalayam(Uzhavar Sandhai )",Snakeguard,Snakeguard,Local,21/09/2026,3600,4000,3800
"Tamil Nadu",Erode,"Gobichettipalayam(Uzhavar Sandhai )","Chow Chow","Chow Chow",Local,21/09/2026,3500,4000,3750
"Tamil Nadu",Erode,"Gobichettipalayam(Uzhavar Sandhai )",Lemon,Lemon,Local,21/09/2026,18000,18500,18250
"Himachal Pradesh",Shimla,"SMY Rohroo",Papaya,Other,"Grade B",21/09/2026,5500,5800,5600
"Himachal Pradesh",Shimla,"SMY Rohroo",Guava,Guava,"Grade B",21/09/2026,9000,10000,9500
"Himachal Pradesh",Shimla,"SMY Rohroo","French Beans(Frasbean)",Other,"Grade B",21/09/2026,3000,3500,3250
"Himachal Pradesh",Shimla,"SMY Rohroo",Potato,Local,"Grade B",21/09/2026,2000,2200,2100
"Himachal Pradesh",Shimla,"SMY Rohroo",Banana,Other,"Grade B",21/09/2026,5000,5500,5250
Punjab,Jalandhar,"Mehatpur APMC","Sweet Pumpkin",Other,Local,21/09/2026,1600,1800,1700
"Tamil Nadu",Pudukkottai,"Ponnamaravathi(Uzhavar Sandhai)",Onion,Bellary,Local,21/09/2026,6500,7000,6750
"Tamil Nadu",Pudukkottai,"Ponnamaravathi(Uzhavar Sandhai)",Coriander(Leaves),"I Sort",Local,21/09/2026,4500,5000,4750
"Tamil Nadu",Pudukkottai,"Ponnamaravathi(Uzhavar Sandhai)","Bottle gourd","Bottle Gourd",Local,21/09/2026,1500,2000,1750
"Tamil Nadu",Pudukkottai,"Ponnamaravathi(Uzhavar Sandhai)",Amaranthus,Amaranthus,Local,21/09/2026,1000,1500,1250
"Tamil Nadu",Pudukkottai,"Ponnamaravathi(Uzhavar Sandhai)",Ridgeguard(Tori),Ridgeguard(Tori),Local,21/09/2026,5500,6000,5750
"Tamil Nadu",Pudukkottai,"Ponnamaravathi(Uzhavar Sandhai)","Green Avare(W)","Green Avare (W)",Local,21/09/2026,6500,7000,6750
"Tamil Nadu",Pudukkottai,"Ponnamaravathi(Uzhavar Sandhai)","Onion Green","Onion Green",Local,21/09/2026,9500,10000,9750
"Tamil Nadu",Pudukkottai,"Ponnamaravathi(Uzhavar Sandhai)",Mint(Pudina),Mint(Pudina),Local,21/09/2026,4500,5000,4750
Chattisgarh,Kanker,"Charama APMC",Paddy(Common),"I.R. 64",Non-FAQ,21/09/2026,1960,1965,1962
"Andhra Pradesh",Tirupathi,"B.N.Kandriga APMC",Paddy(Common),Paddy,Local,21/09/2026,2200,2200,2200
"Tamil Nadu",Nagapattinam,"Mayiladuthurai(Uzhavar Sandhai )",Onion,Bellary,Local,21/09/2026,5500,6000,5750
"Tamil Nadu",Nagapattinam,"Mayiladuthurai(Uzhavar Sandhai )",Potato,"Red Nanital",Local,21/09/2026,3000,3000,3000
"Tamil Nadu",Nagapattinam,"Mayiladuthurai(Uzhavar Sandhai )",Tomato,Deshi,Local,21/09/2026,2500,3000,2750
"Tamil Nadu",Nagapattinam,"Mayiladuthurai(Uzhavar Sandhai )","Cluster beans","Cluster Beans",Local,21/09/2026,4500,5000,4750
"Tamil Nadu",Pudukkottai,"Viralimalai(Uzhavar Sandhai )",Onion,Bellary,Local,21/09/2026,7000,8000,7500
"Tamil Nadu",Ramanathapuram,"Kamuthi(Uzhavar Sandhai )",Brinjal,Round,Local,21/09/2026,5000,5500,5250
"Tamil Nadu",Ramanathapuram,"Kamuthi(Uzhavar Sandhai )","Bhindi(Ladies Finger)",Bhindi,Local,21/09/2026,5500,6000,5750
"Tamil Nadu",Ramanathapuram,"Paramakudi(Uzhavar Sandhai )",Coriander(Leaves),"I Sort",Local,21/09/2026,5800,6000,5900
"Tamil Nadu",Ramanathapuram,"Paramakudi(Uzhavar Sandhai )",Coconut,Coconut,Local,21/09/2026,6500,7000,6750
"Tamil Nadu",Ramanathapuram,"Paramakudi(Uzhavar Sandhai )",Raddish,Raddish,Local,21/09/2026,4500,4800,4650
"Tamil Nadu",Ramanathapuram,"Paramakudi(Uzhavar Sandhai )","Green Avare(W)","Green Avare (W)",Local,21/09/2026,7500,8000,7750
"Tamil Nadu",Ramanathapuram,"Paramakudi(Uzhavar Sandhai )",Colacasia,Colacasia,Local,21/09/2026,6000,7000,6500
"Tamil Nadu",Ramanathapuram,"Paramakudi(Uzhavar Sandhai )","Onion Green","Onion Green",Local,21/09/2026,8000,9000,8500
"Tamil Nadu",Ramanathapuram,"Paramakudi(Uzhavar Sandhai )",Mint(Pudina),Mint(Pudina),Local,21/09/2026,6500,7000,6750
"Tamil Nadu",Pudukkottai,"Alangudi(Uzhavar Sandhai )",Papaya,Papaya,Local,21/09/2026,3500,4000,3750
"Tamil Nadu",Pudukkottai,"Alangudi(Uzhavar Sandhai )","Banana - Green","Banana - Green",Local,21/09/2026,2500,3000,2750
"Tamil Nadu",Pudukkottai,"Alangudi(Uzhavar Sandhai )",Raddish,Raddish,Local,21/09/2026,3500,4000,3750
"Tamil Nadu",Pudukkottai,"Alangudi(Uzhavar Sandhai )","Green Avare(W)",Other,Local,21/09/2026,6000,7000,6500
"Tamil Nadu",Pudukkottai,"Alangudi(Uzhavar Sandhai )",Drumstick,Drumstick,Local,21/09/2026,4500,5000,4750
"Tamil Nadu",Thiruvannamalai,"Arani(Uzhavar Sandhai )",Potato,"Red Nanital",Local,21/09/2026,3500,4000,3750
"Tamil Nadu",Thiruvannamalai,"Arani(Uzhavar Sandhai )",Garlic,Garlic,Local,21/09/2026,22000,25000,23500
"Tamil Nadu",Thiruvannamalai,"Arani(Uzhavar Sandhai )",Brinjal,Round,Local,21/09/2026,5000,6000,5500
"Tamil Nadu",Thiruvannamalai,"Arani(Uzhavar Sandhai )","Cluster beans","Cluster Beans",Local,21/09/2026,4000,4800,4400
"Tamil Nadu",Thiruvannamalai,"Arani(Uzhavar Sandhai )",Ashgourd,Gouard,Local,21/09/2026,2000,2500,2250
"Tamil Nadu",Thiruvannamalai,"Arani(Uzhavar Sandhai )","Bhindi(Ladies Finger)",Bhindi,Local,21/09/2026,3500,4200,3850
"Tamil Nadu",Thiruvannamalai,"Arani(Uzhavar Sandhai )",Ginger(Green),"Green Ginger",Local,21/09/2026,16000,20000,18000
"Tamil Nadu",Thiruvannamalai,"Arani(Uzhavar Sandhai )","Sweet Potato","Hosur Red",Local,21/09/2026,3500,4000,3750
"Tamil Nadu",Thiruvannamalai,"Arani(Uzhavar Sandhai )",Carrot,Pusakesar,Local,21/09/2026,5000,6000,5500
"Tamil Nadu",Thiruvannamalai,"Arani(Uzhavar Sandhai )",Beetroot,Beetroot,Local,21/09/2026,4000,4800,4400
"Tamil Nadu",Thiruvannamalai,"Arani(Uzhavar Sandhai )","Chow Chow","Chow Chow",Local,21/09/2026,3000,3600,3300
"Tamil Nadu",Thiruvannamalai,"Arani(Uzhavar Sandhai )",Guava,"Guava Allahabad",Local,21/09/2026,4000,5000,4500
"Tamil Nadu",Thiruvannamalai,"Arani(Uzhavar Sandhai )",Colacasia,Colacasia,Local,21/09/2026,3500,4200,3850
"Tamil Nadu",Thiruvannamalai,"Arani(Uzhavar Sandhai )","Onion Green","Onion Green",Local,21/09/2026,5000,6000,5500
"Tamil Nadu",Thiruvannamalai,"Polur(Uzhavar Sandhai )",Banana,Besrai,Local,21/09/2026,4200,5000,4600
"Tamil Nadu",Thiruvannamalai,"Polur(Uzhavar Sandhai )",Tomato,Deshi,Local,21/09/2026,2500,3000,2750
"Tamil Nadu",Thiruvannamalai,"Polur(Uzhavar Sandhai )","Cluster beans","Cluster Beans",Local,21/09/2026,4000,4800,4400
"Tamil Nadu",Thiruvannamalai,"Polur(Uzhavar Sandhai )","Bottle gourd","Bottle Gourd",Local,21/09/2026,1600,2000,1800
"Tamil Nadu",Thiruvannamalai,"Polur(Uzhavar Sandhai )",Pumpkin,Pumpkin,Local,21/09/2026,1600,2000,1800
"Tamil Nadu",Thiruvannamalai,"Polur(Uzhavar Sandhai )","Green Chilli","Green Chilly",Local,21/09/2026,5000,6000,5500
"Tamil Nadu",Thiruvannamalai,"Polur(Uzhavar Sandhai )",Ginger(Green),"Green Ginger",Local,21/09/2026,16000,20000,18000
"Tamil Nadu",Thiruvannamalai,"Polur(Uzhavar Sandhai )",Coconut,Coconut,Local,21/09/2026,4200,5000,4600
"Tamil Nadu",Thiruvannamalai,"Polur(Uzhavar Sandhai )",Raddish,Raddish,Local,21/09/2026,2000,2400,2200
"Tamil Nadu",Thiruvannamalai,"Polur(Uzhavar Sandhai )","Chow Chow","Chow Chow",Local,21/09/2026,3000,3600,3300
"Tamil Nadu",Thiruvannamalai,"Polur(Uzhavar Sandhai )","Onion Green","Onion Green",Local,21/09/2026,5000,6000,5500
"Tamil Nadu",Thiruvannamalai,"Polur(Uzhavar Sandhai )",Rose(Local),"Rose (Local)",Local,21/09/2026,16000,20000,18000
"Tamil Nadu",Thiruvannamalai,"Tiruvannamalai(Uzhavar Sandhai )",Groundnut,"Big (With Shell)",Local,21/09/2026,8000,10000,9000
"Tamil Nadu",Thiruvannamalai,"Tiruvannamalai(Uzhavar Sandhai )",Apple,American,Local,21/09/2026,20000,22000,21000
"Tamil Nadu",Thiruvannamalai,"Tiruvannamalai(Uzhavar Sandhai )",Coriander(Leaves),"I Sort",Local,21/09/2026,4000,5000,4500
"Tamil Nadu",Thiruvannamalai,"Tiruvannamalai(Uzhavar Sandhai )","Water Melon","Water Melon",Local,21/09/2026,2000,2500,2250
"Tamil Nadu",Thiruvannamalai,"Tiruvannamalai(Uzhavar Sandhai )","Bhindi(Ladies Finger)",Bhindi,Local,21/09/2026,2000,2400,2200
"Tamil Nadu",Thiruvannamalai,"Tiruvannamalai(Uzhavar Sandhai )",Amaranthus,Amaranthus,Local,21/09/2026,3500,4000,3750
"Tamil Nadu",Thiruvannamalai,"Tiruvannamalai(Uzhavar Sandhai )",Cowpea(Veg),"Cowpea (Veg)",Local,21/09/2026,5000,6000,5500
"Tamil Nadu",Thiruvannamalai,"Tiruvannamalai(Uzhavar Sandhai )","Banana - Green","Banana - Green",Local,21/09/2026,2500,3000,2750
"Tamil Nadu",Thiruvannamalai,"Tiruvannamalai(Uzhavar Sandhai )",Beans,"Beans (Whole)",Local,21/09/2026,7000,8000,7500
"Tamil Nadu",Thiruvannamalai,"Tiruvannamalai(Uzhavar Sandhai )",Ginger(Green),"Green Ginger",Local,21/09/2026,16000,18000,17000
"Tamil Nadu",Thiruvannamalai,"Tiruvannamalai(Uzhavar Sandhai )",Carrot,Pusakesar,Local,21/09/2026,5000,6000,5500
"Tamil Nadu",Thiruvannamalai,"Tiruvannamalai(Uzhavar Sandhai )",Snakeguard,Snakeguard,Local,21/09/2026,3000,3600,3300
"Tamil Nadu",Thiruvannamalai,"Tiruvannamalai(Uzhavar Sandhai )",Raddish,Raddish,Local,21/09/2026,2000,2400,2200
"Tamil Nadu",Thiruvannamalai,"Tiruvannamalai(Uzhavar Sandhai )",Thondekai,Thondekai,Local,21/09/2026,3000,3600,3300
"Tamil Nadu",Thiruvannamalai,"Tiruvannamalai(Uzhavar Sandhai )","Knool Khol","Knool Khol",Local,21/09/2026,4000,4800,4400
"Tamil Nadu",Thiruvannamalai,"Tiruvannamalai(Uzhavar Sandhai )",Marigold(Calcutta),Marigold(Calcutta),Local,21/09/2026,25000,28000,26500
"Tamil Nadu",Thiruvannamalai,"Tiruvannamalai(Uzhavar Sandhai )","Custard Apple(Sharifa)","Custard Apple(Sharifa)",Local,21/09/2026,8000,10000,9000
"Tamil Nadu",Thiruvarur,"Tiruthuraipoondi(Uzhavar Sandhai )",Groundnut,"Big (With Shell)",Local,21/09/2026,6000,6000,6000
"Tamil Nadu",Thiruvarur,"Tiruthuraipoondi(Uzhavar Sandhai )",Pineapple,"Pine Apple",Local,21/09/2026,6000,6000,6000
"Tamil Nadu",Thiruvarur,"Tiruthuraipoondi(Uzhavar Sandhai )",Brinjal,Round,Local,21/09/2026,3800,3800,3800
"Tamil Nadu",Thiruvarur,"Tiruthuraipoondi(Uzhavar Sandhai )","Bottle gourd","Bottle Gourd",Local,21/09/2026,3000,3000,3000
"Tamil Nadu",Thiruvarur,"Tiruthuraipoondi(Uzhavar Sandhai )",Ridgeguard(Tori),Ridgeguard(Tori),Local,21/09/2026,4400,4400,4400
"Tamil Nadu",Thiruvarur,"Tiruthuraipoondi(Uzhavar Sandhai )",Lime,Lime,Local,21/09/2026,3000,3000,3000
"Tamil Nadu",Tuticorin,"Kovilpatti(Uzhavar Sandhai )",Banana,Other,Local,21/09/2026,3000,3500,3250
"Tamil Nadu",Tuticorin,"Kovilpatti(Uzhavar Sandhai )",Potato,Other,Local,21/09/2026,3000,3500,3250
"Tamil Nadu",Tuticorin,"Kovilpatti(Uzhavar Sandhai )",Chikoos(Sapota),Sapota,Local,21/09/2026,4500,5000,4750
"Tamil Nadu",Tuticorin,"Kovilpatti(Uzhavar Sandhai )","Bhindi(Ladies Finger)",Bhindi,Local,21/09/2026,2000,2500,2250
"Tamil Nadu",Tuticorin,"Kovilpatti(Uzhavar Sandhai )",Beans,"Beans (Whole)",Local,21/09/2026,7500,8000,7750
"Tamil Nadu",Tuticorin,"Kovilpatti(Uzhavar Sandhai )",Ginger(Green),"Green Ginger",Local,21/09/2026,18000,19000,18500
"Tamil Nadu",Tuticorin,"Kovilpatti(Uzhavar Sandhai )",Carrot,Pusakesar,Local,21/09/2026,6000,6500,6250
"Tamil Nadu",Tuticorin,"Kovilpatti(Uzhavar Sandhai )",Cabbage,Cabbage,Local,21/09/2026,3000,3500,3250
"Tamil Nadu",Tuticorin,"Kovilpatti(Uzhavar Sandhai )",Beetroot,Beetroot,Local,21/09/2026,5000,5500,5250
"Tamil Nadu",Tuticorin,"Kovilpatti(Uzhavar Sandhai )",Ridgeguard(Tori),Ridgeguard(Tori),Local,21/09/2026,5000,5500,5250
"Tamil Nadu",Tuticorin,"Kovilpatti(Uzhavar Sandhai )",Raddish,Raddish,Local,21/09/2026,3000,3500,3250
"Tamil Nadu",Tuticorin,"Kovilpatti(Uzhavar Sandhai )",Thondekai,Thondekai,Local,21/09/2026,4500,5000,4750
"Tamil Nadu",Tuticorin,"Kovilpatti(Uzhavar Sandhai )","Chow Chow","Chow Chow",Local,21/09/2026,3500,4000,3750
"Tamil Nadu",Vellore,"Gudiyatham(Uzhavar Sandhai )","Cluster beans","Cluster Beans",Local,21/09/2026,2400,2400,2400
"Tamil Nadu",Vellore,"Gudiyatham(Uzhavar Sandhai )",Cowpea(Veg),"Cowpea (Veg)",Local,21/09/2026,5600,5600,5600
"Tamil Nadu",Vellore,"Gudiyatham(Uzhavar Sandhai )","Banana - Green","Banana - Green",Local,21/09/2026,3500,3500,3500
"Tamil Nadu",Vellore,"Gudiyatham(Uzhavar Sandhai )",Coconut,Coconut,Local,21/09/2026,4000,4000,4000
"Tamil Nadu",Vellore,"Gudiyatham(Uzhavar Sandhai )","Sweet Potato","Hosur Red",Local,21/09/2026,3600,3600,3600
"Tamil Nadu",Vellore,"Gudiyatham(Uzhavar Sandhai )",Cabbage,Cabbage,Local,21/09/2026,3000,3000,3000
"Tamil Nadu",Vellore,"Gudiyatham(Uzhavar Sandhai )",Snakeguard,Snakeguard,Local,21/09/2026,3000,3000,3000
"Tamil Nadu",Vellore,"Gudiyatham(Uzhavar Sandhai )","Knool Khol","Knool Khol",Local,21/09/2026,4000,4000,4000
"Tamil Nadu",Vellore,"Gudiyatham(Uzhavar Sandhai )","Sweet Corn ","Sweet Corn ",Local,21/09/2026,2500,2500,2500
"Tamil Nadu",Vellore,"Kahithapattarai(Uzhavar Sandhai )",Garlic,Garlic,Local,21/09/2026,22000,22000,22000
"Tamil Nadu",Vellore,"Kahithapattarai(Uzhavar Sandhai )",Brinjal,Other,Local,21/09/2026,3600,3600,3600
"Tamil Nadu",Vellore,"Kahithapattarai(Uzhavar Sandhai )",Coconut,Coconut,Local,21/09/2026,2500,2500,2500
"Tamil Nadu",Vellore,"Kahithapattarai(Uzhavar Sandhai )",Cabbage,Cabbage,Local,21/09/2026,2500,2500,2500
"Tamil Nadu",Vellore,"Kahithapattarai(Uzhavar Sandhai )",Capsicum,Capsicum,Local,21/09/2026,5600,5600,5600
"Tamil Nadu",Villupuram,"Villupuram(Uzhavar Sandhai )","Bottle gourd","Bottle Gourd",Local,21/09/2026,3000,3000,3000
"Tamil Nadu",Villupuram,"Villupuram(Uzhavar Sandhai )",Amaranthus,Amaranthus,Local,21/09/2026,4000,4000,4000
"Tamil Nadu",Villupuram,"Villupuram(Uzhavar Sandhai )",Ginger(Green),"Green Ginger",Local,21/09/2026,10000,10000,10000
"Tamil Nadu",Villupuram,"Villupuram(Uzhavar Sandhai )",Cabbage,Cabbage,Local,21/09/2026,4000,4000,4000
"Tamil Nadu",Villupuram,"Villupuram(Uzhavar Sandhai )",Beetroot,Beetroot,Local,21/09/2026,4000,4000,4000
"Tamil Nadu",Villupuram,"Villupuram(Uzhavar Sandhai )",Cucumbar(Kheera),Cucumbar,Local,21/09/2026,4000,4000,4000
"Tamil Nadu",Villupuram,"Villupuram(Uzhavar Sandhai )","Green Avare(W)","Green Avare (W)",Local,21/09/2026,8000,10000,9000
"Tamil Nadu",Villupuram,"Villupuram(Uzhavar Sandhai )","Elephant Yam(Suran)/Amorphophallus","Elephant Yam (Suran)",Local,21/09/2026,5000,5000,5000
"Tamil Nadu",Villupuram,"Villupuram(Uzhavar Sandhai )","Onion Green","Onion Green",Local,21/09/2026,9000,9000,9000
"Jammu and Kashmir",Rajouri,"Rajouri (Phaliana) (F&V)","Mousambi(Sweet Lime)",Mousambi,"Grade B",21/09/2026,6000,6000,6000
"Jammu and Kashmir",Rajouri,"Rajouri (Phaliana) (F&V)",Cabbage,Cabbage,"Grade B",21/09/2026,3000,3000,3000
"Jammu and Kashmir",Rajouri,"Rajouri (Phaliana) (F&V)","Knool Khol","Knool Khol","Grade B",21/09/2026,3000,3000,3000
"Jammu and Kashmir",Rajouri,"Rajouri (Phaliana) (F&V)",Potato,Local,"Grade B",21/09/2026,2200,2200,2200
Odisha,Dhenkanal,"Hindol APMC","Banana - Green",Other,"Grade B",21/09/2026,2500,2800,2700
Odisha,Dhenkanal,"Hindol APMC",Potato,Potato,"Grade B",21/09/2026,1200,1400,1300
Telangana,Khammam,"Sattupally APMC",Maize,Hybrid/Local,Non-FAQ,21/09/2026,2300,2410,2350
"Andhra Pradesh",Vijayanagaram,"Bobbili APMC",Maize,Local,FAQ,21/09/2026,4800,4800,4800
"Tamil Nadu",Thiruvannamalai,"Cheyyar(Uzhavar Sandhai )",Onion,Bellary,Local,21/09/2026,5500,6500,6000
"Tamil Nadu",Thiruvannamalai,"Cheyyar(Uzhavar Sandhai )",Potato,Other,Local,21/09/2026,3000,3600,3300
"Tamil Nadu",Thiruvannamalai,"Cheyyar(Uzhavar Sandhai )",Coriander(Leaves),"I Sort",Local,21/09/2026,4000,5000,4500
"Tamil Nadu",Thiruvannamalai,"Cheyyar(Uzhavar Sandhai )",Papaya,Papaya,Local,21/09/2026,3500,4000,3750
"Tamil Nadu",Thiruvannamalai,"Cheyyar(Uzhavar Sandhai )","Bhindi(Ladies Finger)",Bhindi,Local,21/09/2026,3500,4200,3850
"Tamil Nadu",Thiruvannamalai,"Cheyyar(Uzhavar Sandhai )",Amaranthus,Amaranthus,Local,21/09/2026,2500,3000,2750
"Tamil Nadu",Thiruvannamalai,"Cheyyar(Uzhavar Sandhai )",Cucumbar(Kheera),Cucumbar,Local,21/09/2026,2500,3000,2750
"Tamil Nadu",Thiruvannamalai,"Cheyyar(Uzhavar Sandhai )",Thondekai,Thondekai,Local,21/09/2026,3500,4000,3750
"Tamil Nadu",Thiruvannamalai,"Cheyyar(Uzhavar Sandhai )","Green Avare(W)",Other,Local,21/09/2026,5000,6000,5500
"Tamil Nadu",Thiruvannamalai,"Cheyyar(Uzhavar Sandhai )","Tender Coconut","Tender Coconut",Local,21/09/2026,2000,2500,2250
"Tamil Nadu",Thiruvannamalai,"Cheyyar(Uzhavar Sandhai )",Yam(Ratalu),"Yam (Ratalu)",Local,21/09/2026,6000,7000,6500
"Tamil Nadu",Thiruvannamalai,"Cheyyar(Uzhavar Sandhai )",Colacasia,Colacasia,Local,21/09/2026,3500,4200,3850
"Tamil Nadu",Thiruvannamalai,"Cheyyar(Uzhavar Sandhai )","Amla(Nelli Kai)",Amla,Local,21/09/2026,5000,6000,5500
"Andhra Pradesh","Sri Sathya Sai","Madakasira APMC","Ragi(Finger Millet)",Local,FAQ,21/09/2026,5250,5250,5250
"Andhra Pradesh",Chittor,"S.R.Puram APMC",Gur(Jaggery),"NO 3",Local,21/09/2026,1500,1900,1700
"Uttar Pradesh",Raebarelli,"Lalganj APMC","Banana - Green","Banana - Green",FAQ,21/09/2026,1000,1200,1100
Punjab,Jalandhar,"Shahkot APMC","Bottle gourd",Other,Local,21/09/2026,1100,1200,1150
Bihar,Siwan,"Maharjganj APMC","Sponge gourd",Other,FAQ,21/09/2026,1500,1500,1500
Bihar,Siwan,"Maharjganj APMC",Onion,"1st Sort",FAQ,21/09/2026,5200,5200,5200
Bihar,Siwan,"Maharjganj APMC","Green Chilli","Green Chilly",FAQ,21/09/2026,4000,4000,4000
Punjab,Gurdaspur,"Dinanagar APMC",Banana,Medium,Medium,21/09/2026,4500,5000,4800
Punjab,Gurdaspur,"Dinanagar APMC","Bottle gourd","Bottle Gourd",Medium,21/09/2026,2000,2200,2100
Punjab,Gurdaspur,"Dinanagar APMC",Potato,Potato,Medium,21/09/2026,1000,1200,1100
Punjab,Hoshiarpur,"Garh Shankar APMC","Bhindi(Ladies Finger)",Bhindi,FAQ,21/09/2026,2500,2500,2500
Punjab,Hoshiarpur,"Garh Shankar APMC",Ginger(Dry),Vegitable-fresh,FAQ,21/09/2026,5000,5000,5000
Punjab,Hoshiarpur,"Garh Shankar APMC",Onion,Onion,FAQ,21/09/2026,3700,3700,3700
Punjab,Hoshiarpur,"Garh Shankar APMC",Pumpkin,Pumpkin,FAQ,21/09/2026,1200,1200,1200
Punjab,Jalandhar,"Lohian Khas APMC","Bhindi(Ladies Finger)",Other,Local,21/09/2026,2400,2800,2600
Punjab,Jalandhar,"Lohian Khas APMC",Pumpkin,Other,Local,21/09/2026,1600,2000,1800
Punjab,Jalandhar,"Lohian Khas APMC",Ridgeguard(Tori),Other,Local,21/09/2026,1400,1800,1600
Punjab,Ludhiana,"Doraha APMC",Tomato,Deshi,Local,21/09/2026,1500,2500,2000
Punjab,Ludhiana,"Doraha APMC",Capsicum,Capsicum,Local,21/09/2026,3000,5000,4000
Punjab,Moga,"Nihal Singh Wala APMC",Cauliflower,Cauliflower,FAQ,21/09/2026,4600,4600,4600
Punjab,Moga,"Nihal Singh Wala APMC",Onion,Onion,FAQ,21/09/2026,4300,4300,4300
Odisha,Mayurbhanja,"Betnoti APMC",Tomato,Tomato,FAQ,21/09/2026,3800,4200,4000
Odisha,Mayurbhanja,"Betnoti APMC",Cucumbar(Kheera),Cucumbar,FAQ,21/09/2026,2800,3200,3000
Odisha,Mayurbhanja,"Betnoti APMC",Brinjal,Brinjal,FAQ,21/09/2026,4800,5200,5000
Keralam,Idukki,"Munnar Market",Cashewnuts,"320 Counts",FAQ,21/09/2026,15000,15000,15000
Keralam,Idukki,"Munnar Market",Sompu,Chalu,FAQ,21/09/2026,85000,85000,85000
Keralam,Idukki,"Munnar Market",Beans,"Beans (Whole)",FAQ,21/09/2026,8500,8500,8500
Keralam,Idukki,"Munnar Market",Pomegranate,Other,Medium,21/09/2026,8500,8500,8500
Keralam,Alappuzha,"Chengannur Market","Elephant Yam(Suran)/Amorphophallus",Amorphophallus,FAQ,21/09/2026,4000,4300,4200
Keralam,Alappuzha,"Chengannur Market",Ashgourd,Other,FAQ,21/09/2026,1700,2000,1800
Keralam,Alappuzha,"Chengannur Market","Banana - Green","Banana - Green",FAQ,21/09/2026,4800,5300,5000
Keralam,Alappuzha,"Chengannur Market","Bhindi(Ladies Finger)",Other,FAQ,21/09/2026,3900,4200,4000
Keralam,Alappuzha,"Chengannur Market",Capsicum,Other,FAQ,21/09/2026,6000,6500,6300
Keralam,Alappuzha,"Chengannur Market",Carrot,Other,FAQ,21/09/2026,5900,6200,6000
Keralam,Alappuzha,"Chengannur Market",Tomato,Tomato,FAQ,21/09/2026,3700,4000,3800
Keralam,Alappuzha,"Chengannur Market",Snakeguard,Other,FAQ,21/09/2026,3900,4200,4000
"Tamil Nadu",Coimbatore,"Sundarapuram(Uzhavar Sandhai )",Cauliflower,Ranchi,Local,21/09/2026,4500,5000,4750
"Tamil Nadu",Coimbatore,"Sundarapuram(Uzhavar Sandhai )",Coriander(Leaves),"I Sort",Local,21/09/2026,4500,4800,4650
"Tamil Nadu",Coimbatore,"Sundarapuram(Uzhavar Sandhai )",Ashgourd,Gouard,Local,21/09/2026,1800,2000,1900
"Tamil Nadu",Coimbatore,"Sundarapuram(Uzhavar Sandhai )","Banana - Green","Banana - Green",Local,21/09/2026,4000,4500,4250
"Tamil Nadu",Coimbatore,"Sundarapuram(Uzhavar Sandhai )",Beans,"Beans (Whole)",Local,21/09/2026,7000,7500,7250
"Tamil Nadu",Coimbatore,"Sundarapuram(Uzhavar Sandhai )","Sweet Potato","Hosur Red",Local,21/09/2026,5500,6000,5750
"Tamil Nadu",Coimbatore,"Sundarapuram(Uzhavar Sandhai )",Ridgeguard(Tori),Ridgeguard(Tori),Local,21/09/2026,4000,4500,4250
"Tamil Nadu",Coimbatore,"Sundarapuram(Uzhavar Sandhai )",Mango(Raw-Ripe),"Mango - Raw-Ripe",Local,21/09/2026,9000,10000,9500
"Tamil Nadu",Coimbatore,"Sundarapuram(Uzhavar Sandhai )","Onion Green","Onion Green",Local,21/09/2026,8500,9000,8750
Haryana,Gurgaon,"Gurgaon APMC",Banana,Other,"Grade B",21/09/2026,2000,4000,3000
Haryana,Gurgaon,"Gurgaon APMC","Bitter gourd",Other,"Grade B",21/09/2026,2000,2500,2250
Haryana,Gurgaon,"Gurgaon APMC",Potato,Other,"Grade A",21/09/2026,600,1000,800
Haryana,Gurgaon,"Gurgaon APMC",Tomato,Other,"Grade A",21/09/2026,1000,1400,1200
Haryana,Rohtak,Meham,Ridgeguard(Tori),Ridgeguard(Tori),Medium,21/09/2026,3000,3000,3000
Punjab,Bhatinda,"Rampuraphul(Nabha Mandi) APMC",Brinjal,Brinjal,"Grade A",21/09/2026,1000,1500,1200
Punjab,Bhatinda,"Rampuraphul(Nabha Mandi) APMC",Cabbage,Other,"Grade A",21/09/2026,1500,2500,2000
Punjab,Bhatinda,"Rampuraphul(Nabha Mandi) APMC",Tomato,Other,"Grade A",21/09/2026,2000,2500,2300
Punjab,Bhatinda,"Rampuraphul(Nabha Mandi) APMC",Apple,Other,"Grade A",21/09/2026,5000,9000,8000
"Himachal Pradesh",Kangra,"SMY Baijnath","Bhindi(Ladies Finger)",Bhindi,"Grade B",21/09/2026,3000,3300,3100
"Himachal Pradesh",Kangra,"SMY Baijnath",Capsicum,Capsicum,"Grade B",21/09/2026,6000,7000,6500
"Himachal Pradesh",Kangra,"SMY Baijnath",Lemon,Lemon,"Grade B",21/09/2026,16000,18000,17000
"Himachal Pradesh",Kangra,"SMY Jaisinghpur",Apple,Other,Medium,21/09/2026,4000,13000,8000
"Himachal Pradesh",Kangra,"SMY Jaisinghpur","Persimon(Japani Fal)",Other,Medium,21/09/2026,8000,10000,9000
"Himachal Pradesh",Kangra,"SMY Jaisinghpur",Pineapple,Other,Medium,21/09/2026,5000,5200,5100
"Himachal Pradesh",Kangra,"SMY Jaisinghpur",Ginger(Green),"Green Ginger",FAQ,21/09/2026,10000,13000,11500
"Tamil Nadu",Erode,"Sathiyamagalam(Uzhavar Sandhai )",Banana,"Red Banana",Local,21/09/2026,6500,7000,6750
"Tamil Nadu",Erode,"Sathiyamagalam(Uzhavar Sandhai )",Onion,Bellary,Local,21/09/2026,5500,6000,5750
"Tamil Nadu",Erode,"Sathiyamagalam(Uzhavar Sandhai )",Potato,Other,Local,21/09/2026,3500,4000,3750
"Tamil Nadu",Erode,"Sathiyamagalam(Uzhavar Sandhai )",Papaya,Papaya,Local,21/09/2026,2000,2400,2200
"Tamil Nadu",Erode,"Sathiyamagalam(Uzhavar Sandhai )",Ashgourd,Gouard,Local,21/09/2026,2000,2300,2150
"Tamil Nadu",Erode,"Sathiyamagalam(Uzhavar Sandhai )",Pumpkin,Pumpkin,Local,21/09/2026,2500,3000,2750
"Tamil Nadu",Erode,"Sathiyamagalam(Uzhavar Sandhai )",Cabbage,Cabbage,Local,21/09/2026,2500,3000,2750
"Tamil Nadu",Erode,"Sathiyamagalam(Uzhavar Sandhai )",Cucumbar(Kheera),Cucumbar,Local,21/09/2026,3000,3500,3250
"Tamil Nadu",Erode,"Sathiyamagalam(Uzhavar Sandhai )","Chow Chow","Chow Chow",Local,21/09/2026,2500,3000,2750
"Tamil Nadu",Erode,"Sathiyamagalam(Uzhavar Sandhai )",Mint(Pudina),Mint(Pudina),Local,21/09/2026,4500,5000,4750
"Tamil Nadu",Coimbatore,"Mettupalayam(Uzhavar Sandhai )",Groundnut,"Big (With Shell)",Local,21/09/2026,8000,9000,8500
"Tamil Nadu",Coimbatore,"Mettupalayam(Uzhavar Sandhai )",Banana,Besrai,Local,21/09/2026,4000,8000,6000
"Tamil Nadu",Coimbatore,"Mettupalayam(Uzhavar Sandhai )",Potato,"Red Nanital",Local,21/09/2026,4000,5500,4750
"Tamil Nadu",Coimbatore,"Mettupalayam(Uzhavar Sandhai )",Garlic,Garlic,Local,21/09/2026,15000,18000,16500
"Tamil Nadu",Coimbatore,"Mettupalayam(Uzhavar Sandhai )",Coriander(Leaves),"I Sort",Local,21/09/2026,6000,7000,6500
"Tamil Nadu",Coimbatore,"Mettupalayam(Uzhavar Sandhai )",Chikoos(Sapota),Sapota,Local,21/09/2026,4500,5000,4750
"Tamil Nadu",Coimbatore,"Mettupalayam(Uzhavar Sandhai )","Water Melon","Water Melon",Local,21/09/2026,2000,2500,2250
"Tamil Nadu",Coimbatore,"Mettupalayam(Uzhavar Sandhai )",Amaranthus,Amaranthus,Local,21/09/2026,3500,4000,3750
"Tamil Nadu",Coimbatore,"Mettupalayam(Uzhavar Sandhai )",Carrot,Pusakesar,Local,21/09/2026,5000,5400,5200
"Tamil Nadu",Coimbatore,"Mettupalayam(Uzhavar Sandhai )",Snakeguard,Snakeguard,Local,21/09/2026,2800,3200,3000
"Tamil Nadu",Coimbatore,"Mettupalayam(Uzhavar Sandhai )",Beetroot,Beetroot,Local,21/09/2026,5000,5800,5400
"Tamil Nadu",Coimbatore,"Mettupalayam(Uzhavar Sandhai )",Raddish,Raddish,Local,21/09/2026,2500,3000,2750
"Tamil Nadu",Coimbatore,"Mettupalayam(Uzhavar Sandhai )","Chow Chow","Chow Chow",Local,21/09/2026,3000,3500,3250
"Tamil Nadu",Coimbatore,"Mettupalayam(Uzhavar Sandhai )",Mango(Raw-Ripe),"Mango - Raw-Ripe",Local,21/09/2026,10000,11000,10500
"Tamil Nadu",Coimbatore,"Mettupalayam(Uzhavar Sandhai )",Guava,"Guava Allahabad",Local,21/09/2026,5000,6000,5500
"Tamil Nadu",Coimbatore,"Mettupalayam(Uzhavar Sandhai )","Elephant Yam(Suran)/Amorphophallus","Elephant Yam (Suran)",Local,21/09/2026,3500,4000,3750
"Tamil Nadu",Namakkal,"Tiruchengode APMC",Coriander(Leaves),"I Sort",Local,21/09/2026,11500,13000,12250
"Tamil Nadu",Namakkal,"Tiruchengode APMC",Tapioca,Tapioca,Local,21/09/2026,3000,3500,3250
"Tamil Nadu",Namakkal,"Tiruchengode APMC",Beetroot,Beetroot,Local,21/09/2026,5400,6000,5700
"Tamil Nadu",Namakkal,"Tiruchengode APMC",Raddish,Raddish,Local,21/09/2026,2600,3000,2800
"Tamil Nadu",Namakkal,"Tiruchengode APMC","Elephant Yam(Suran)/Amorphophallus","Elephant Yam (Suran)",Local,21/09/2026,3000,3500,3250
"Tamil Nadu",Namakkal,"Tiruchengode APMC",Lemon,Lemon,Local,21/09/2026,13500,15000,14250
Telangana,Siddipet,"Vantamamidi APMC","Bhindi(Ladies Finger)",Bhindi,Local,21/09/2026,1500,2000,1750
Telangana,Siddipet,"Vantamamidi APMC","Bitter gourd","Bitter Gourd",Local,21/09/2026,1400,1800,1600
Telangana,Siddipet,"Vantamamidi APMC",Pumpkin,Pumpkin,Local,21/09/2026,500,500,500
Telangana,Khammam,"Nelakondapally APMC",Paddy(Common),HMT,Local,21/09/2026,2360,2400,2389
"Tamil Nadu",Ariyalur,"Jeyankondam (Uzhavar Sandhai )",Tomato,Deshi,Local,21/09/2026,2500,3000,2750
"Tamil Nadu",Coimbatore,"RSPuram(Uzhavar Sandhai )",Brinjal,Other,Local,21/09/2026,3000,3600,3300
"Tamil Nadu",Coimbatore,"RSPuram(Uzhavar Sandhai )","Green Peas","Green Peas",Local,21/09/2026,18000,20000,19000
"Tamil Nadu",Coimbatore,"RSPuram(Uzhavar Sandhai )",Papaya,Papaya,Local,21/09/2026,5000,5600,5300
"Tamil Nadu",Coimbatore,"RSPuram(Uzhavar Sandhai )",Tomato,Local,Local,21/09/2026,3000,3300,3150
"Tamil Nadu",Coimbatore,"RSPuram(Uzhavar Sandhai )","Bitter gourd",Other,Local,21/09/2026,4500,5000,4750
"Tamil Nadu",Coimbatore,"RSPuram(Uzhavar Sandhai )","Bottle gourd","Bottle Gourd",Local,21/09/2026,2500,3000,2750
"Tamil Nadu",Coimbatore,"RSPuram(Uzhavar Sandhai )",Ashgourd,Gouard,Local,21/09/2026,1600,1800,1700
"Tamil Nadu",Coimbatore,"RSPuram(Uzhavar Sandhai )",Cowpea(Veg),"Cowpea (Veg)",Local,21/09/2026,4000,4500,4250
"Tamil Nadu",Coimbatore,"RSPuram(Uzhavar Sandhai )",Snakeguard,Snakeguard,Local,21/09/2026,3200,3600,3400
"Tamil Nadu",Coimbatore,"RSPuram(Uzhavar Sandhai )",Drumstick,Drumstick,Local,21/09/2026,3200,3800,3500
"Tamil Nadu",Coimbatore,"RSPuram(Uzhavar Sandhai )","Elephant Yam(Suran)/Amorphophallus","Elephant Yam (Suran)",Local,21/09/2026,3000,3600,3300
"Tamil Nadu",Coimbatore,"RSPuram(Uzhavar Sandhai )",Pear(Marasebu),Pears,Local,21/09/2026,14000,15000,14500
"Tamil Nadu",Coimbatore,"RSPuram(Uzhavar Sandhai )","Custard Apple(Sharifa)","Custard Apple(Sharifa)",Local,21/09/2026,5000,6000,5500
"Tamil Nadu",Coimbatore,"Singanallur(Uzhavar Sandhai )",Pineapple,"Pine Apple",Local,21/09/2026,5500,6000,5750
"Tamil Nadu",Coimbatore,"Singanallur(Uzhavar Sandhai )",Papaya,Papaya,Local,21/09/2026,5000,5400,5200
"Tamil Nadu",Coimbatore,"Singanallur(Uzhavar Sandhai )",Beans,"Beans (Whole)",Local,21/09/2026,7000,7400,7200
"Tamil Nadu",Coimbatore,"Singanallur(Uzhavar Sandhai )",Ginger(Green),"Green Ginger",Local,21/09/2026,15500,16500,16000
"Tamil Nadu",Coimbatore,"Singanallur(Uzhavar Sandhai )",Snakeguard,Snakeguard,Local,21/09/2026,3000,3400,3200
"Tamil Nadu",Coimbatore,"Singanallur(Uzhavar Sandhai )",Ridgeguard(Tori),Ridgeguard(Tori),Local,21/09/2026,4000,4500,4250
"Tamil Nadu",Coimbatore,"Singanallur(Uzhavar Sandhai )",Drumstick,Drumstick,Local,21/09/2026,3500,4000,3750
"Tamil Nadu",Coimbatore,"Singanallur(Uzhavar Sandhai )",Lime,Lime,Local,21/09/2026,15000,16000,15500
"Tamil Nadu",Coimbatore,"Singanallur(Uzhavar Sandhai )",Guava,"Guava Allahabad",Local,21/09/2026,6500,7000,6750
"Tamil Nadu",Coimbatore,"Singanallur(Uzhavar Sandhai )",Colacasia,Colacasia,Local,21/09/2026,4500,5000,4750
"Tamil Nadu",Coimbatore,"Singanallur(Uzhavar Sandhai )",Turnip,Turnip,Local,21/09/2026,6500,7000,6750
"Tamil Nadu",Coimbatore,"Singanallur(Uzhavar Sandhai )",Mint(Pudina),Mint(Pudina),Local,21/09/2026,5500,6000,5750
"Tamil Nadu",Coimbatore,"Singanallur(Uzhavar Sandhai )","Sweet Corn ","Sweet Corn ",Local,21/09/2026,3500,4000,3750
"Tamil Nadu",Coimbatore,"Pollachi(Uzhavar Sandhai )",Cauliflower,Ranchi,Local,21/09/2026,4500,5000,4750
"Tamil Nadu",Coimbatore,"Pollachi(Uzhavar Sandhai )",Coriander(Leaves),"I Sort",Local,21/09/2026,5000,6000,5500
"Tamil Nadu",Coimbatore,"Pollachi(Uzhavar Sandhai )",Cowpea(Veg),"Cowpea (Veg)",Local,21/09/2026,4000,4500,4250
"Tamil Nadu",Coimbatore,"Pollachi(Uzhavar Sandhai )","Banana - Green","Banana - Green",Local,21/09/2026,4000,4500,4250
"Tamil Nadu",Coimbatore,"Pollachi(Uzhavar Sandhai )",Raddish,Raddish,Local,21/09/2026,3000,3500,3250
"Tamil Nadu",Coimbatore,"Pollachi(Uzhavar Sandhai )","Chow Chow","Chow Chow",Local,21/09/2026,3500,4000,3750
"Tamil Nadu",Coimbatore,"Pollachi(Uzhavar Sandhai )","Elephant Yam(Suran)/Amorphophallus","Elephant Yam (Suran)",Local,21/09/2026,3500,4000,3750
"Tamil Nadu",Coimbatore,"Pollachi(Uzhavar Sandhai )",Lemon,Lemon,Local,21/09/2026,20000,25000,22500
"Uttar Pradesh",Shamli,"Kairana APMC",Brinjal,Round/Long,FAQ,21/09/2026,1000,1100,1050
"Uttar Pradesh",Shamli,"Kairana APMC",Papaya(Raw),"Papaya (Raw)",FAQ,21/09/2026,2000,2100,2050
Telangana,"Ranga Reddy","Vanasthalipuram,RBZ ",Brinjal,Brinjal,"Grade A",21/09/2026,3500,3500,3500
Telangana,"Ranga Reddy","Vanasthalipuram,RBZ ","Bitter gourd","Bitter Gourd","Grade A",21/09/2026,3500,3500,3500
Telangana,"Ranga Reddy","Vanasthalipuram,RBZ ",Cauliflower,Cauliflower,"Grade A",21/09/2026,1800,1800,1800
Telangana,"Ranga Reddy","Vanasthalipuram,RBZ ","Bottle gourd","Bottle Gourd","Grade A",21/09/2026,1500,1500,1500
"Tamil Nadu",Karur,"Karur(Uzhavar Sandhai )",Coriander(Leaves),"I Sort",Local,21/09/2026,5500,6000,5750
"Tamil Nadu",Karur,"Karur(Uzhavar Sandhai )",Tomato,Deshi,Local,21/09/2026,2500,3000,2750
"Tamil Nadu",Karur,"Karur(Uzhavar Sandhai )","Bitter gourd",Other,Local,21/09/2026,5000,5500,5250
"Tamil Nadu",Karur,"Karur(Uzhavar Sandhai )","Bottle gourd","Bottle Gourd",Local,21/09/2026,2000,2500,2250
"Tamil Nadu",Karur,"Karur(Uzhavar Sandhai )","Bhindi(Ladies Finger)",Bhindi,Local,21/09/2026,3500,4000,3750
"Tamil Nadu",Karur,"Karur(Uzhavar Sandhai )",Snakeguard,Snakeguard,Local,21/09/2026,3000,3500,3250
"Tamil Nadu",Karur,"Karur(Uzhavar Sandhai )",Mango(Raw-Ripe),"Mango - Raw-Ripe",Local,21/09/2026,11500,12000,11750
"Tamil Nadu",Karur,"Karur(Uzhavar Sandhai )","Knool Khol","Knool Khol",Local,21/09/2026,5500,6000,5750
"Tamil Nadu",Karur,"Karur(Uzhavar Sandhai )",Yam(Ratalu),"Yam (Ratalu)",Local,21/09/2026,9000,10000,9500
"Tamil Nadu",Karur,"Karur(Uzhavar Sandhai )",Mint(Pudina),Mint(Pudina),Local,21/09/2026,5500,6000,5750
"Tamil Nadu",Coimbatore,"Kurichi(Uzhavar Sandhai )",Tomato,Local,Local,21/09/2026,2800,3200,3000
"Tamil Nadu",Coimbatore,"Kurichi(Uzhavar Sandhai )","Bhindi(Ladies Finger)",Bhindi,Local,21/09/2026,4500,5000,4750
"Tamil Nadu",Coimbatore,"Kurichi(Uzhavar Sandhai )","Green Chilli","Green Chilly",Local,21/09/2026,5000,5800,5400
"Tamil Nadu",Coimbatore,"Kurichi(Uzhavar Sandhai )",Tapioca,Tapioca,Local,21/09/2026,3000,3500,3250
"Tamil Nadu",Coimbatore,"Kurichi(Uzhavar Sandhai )",Coconut,Coconut,Local,21/09/2026,5600,5800,5700
"Tamil Nadu",Coimbatore,"Kurichi(Uzhavar Sandhai )","Sweet Potato","Hosur Red",Local,21/09/2026,5500,6000,5750
"Tamil Nadu",Coimbatore,"Kurichi(Uzhavar Sandhai )",Raddish,Raddish,Local,21/09/2026,3000,3500,3250
"Tamil Nadu",Coimbatore,"Kurichi(Uzhavar Sandhai )",Guava,"Guava Allahabad",Local,21/09/2026,5500,6000,5750
"Tamil Nadu",Cuddalore,"Chidambaram(Uzhavar Sandhai )",Onion,Bellary,Local,21/09/2026,5000,5000,5000
"Tamil Nadu",Cuddalore,"Chidambaram(Uzhavar Sandhai )","Banana - Green","Banana - Green",Local,21/09/2026,2500,3000,2750
"Tamil Nadu",Cuddalore,"Chidambaram(Uzhavar Sandhai )",Coconut,Coconut,Local,21/09/2026,6000,6000,6000
"Tamil Nadu",Cuddalore,"Chidambaram(Uzhavar Sandhai )","Onion Green","Onion Green",Local,21/09/2026,8000,8000,8000
"Tamil Nadu",Cuddalore,"Cuddalore(Uzhavar Sandhai )",Groundnut,"Big (With Shell)",Local,21/09/2026,8000,8000,8000
"Tamil Nadu",Cuddalore,"Cuddalore(Uzhavar Sandhai )",Potato,"Red Nanital",Local,21/09/2026,4000,4000,4000
"Tamil Nadu",Cuddalore,"Cuddalore(Uzhavar Sandhai )",Coriander(Leaves),"I Sort",Local,21/09/2026,5000,5000,5000
"Tamil Nadu",Cuddalore,"Cuddalore(Uzhavar Sandhai )","Cluster beans","Cluster Beans",Local,21/09/2026,3500,3500,3500
"Tamil Nadu",Cuddalore,"Cuddalore(Uzhavar Sandhai )",Amaranthus,Amaranthus,Local,21/09/2026,2000,3000,2500
"Tamil Nadu",Cuddalore,"Cuddalore(Uzhavar Sandhai )","Green Chilli","Green Chilly",Local,21/09/2026,5000,6000,5500
"Tamil Nadu",Cuddalore,"Cuddalore(Uzhavar Sandhai )",Snakeguard,Snakeguard,Local,21/09/2026,3000,3000,3000
"Tamil Nadu",Cuddalore,"Cuddalore(Uzhavar Sandhai )","Chow Chow","Chow Chow",Local,21/09/2026,4000,4000,4000
"Tamil Nadu",Cuddalore,"Cuddalore(Uzhavar Sandhai )",Drumstick,Drumstick,Local,21/09/2026,6000,6000,6000
"Tamil Nadu",Cuddalore,"Cuddalore(Uzhavar Sandhai )",Mango(Raw-Ripe),"Mango - Raw-Ripe",Local,21/09/2026,13000,13000,13000
"Tamil Nadu",Cuddalore,"Cuddalore(Uzhavar Sandhai )","Knool Khol","Knool Khol",Local,21/09/2026,4000,4000,4000
Bihar,Khagaria,"Khagaria APMC",Cucumbar(Kheera),Cucumbar,"Grade A",21/09/2026,2266.66644,2499.99975,2399.99976
Bihar,Khagaria,"Khagaria APMC","Bhindi(Ladies Finger)",Bhindi,"Grade A",21/09/2026,899.99991,1166.66655,1033.33323
Bihar,Khagaria,"Khagaria APMC","Little gourd(Kundru)","Little gourd (Kundru)","Grade A",21/09/2026,1599.99984,1916.666475,1699.99983
Bihar,Khagaria,"Khagaria APMC",Onion,Red,"Grade A",21/09/2026,4160,4580,4350
Bihar,Khagaria,"Khagaria APMC","Pointed gourd(Parval)",Other,"Grade A",21/09/2026,3299.99967,3833.33295,3616.666305
"Tamil Nadu","Nagercoil (Kannyiakumari)","Vadaseri APMC",Papaya,Papaya,Local,21/09/2026,3500,4000,3750
"Tamil Nadu","Nagercoil (Kannyiakumari)","Vadaseri APMC","Bitter gourd","Bitter Gourd",Local,21/09/2026,5500,6000,5750
"Tamil Nadu","Nagercoil (Kannyiakumari)","Vadaseri APMC",Pumpkin,Pumpkin,Local,21/09/2026,1500,1800,1650
"Tamil Nadu","Nagercoil (Kannyiakumari)","Vadaseri APMC","Banana - Green","Banana - Green",Local,21/09/2026,5500,6000,5750
"Tamil Nadu","Nagercoil (Kannyiakumari)","Vadaseri APMC",Ginger(Green),"Green Ginger",Local,21/09/2026,18000,20000,19000
"Tamil Nadu","Nagercoil (Kannyiakumari)","Vadaseri APMC",Snakeguard,Snakeguard,Local,21/09/2026,4500,5000,4750
"Tamil Nadu","Nagercoil (Kannyiakumari)","Vadaseri APMC","Green Avare(W)","Green Avare (W)",Local,21/09/2026,3500,4000,3750
"Tamil Nadu","Nagercoil (Kannyiakumari)","Vadaseri APMC","Chow Chow","Chow Chow",Local,21/09/2026,4300,4800,4550
"Tamil Nadu","Nagercoil (Kannyiakumari)","Vadaseri APMC",Jasmine,Jasmine,Local,21/09/2026,35000,40000,37500
"Tamil Nadu","Nagercoil (Kannyiakumari)","Vadaseri APMC",Mint(Pudina),Mint(Pudina),Local,21/09/2026,7500,8000,7750
"Tamil Nadu",Pudukkottai,"Karambakkudi(Uzhavar Sandhai )",Onion,Bellary,Local,21/09/2026,6000,7000,6500
"Tamil Nadu",Pudukkottai,"Karambakkudi(Uzhavar Sandhai )",Coconut,Coconut,Local,21/09/2026,3500,4000,3750
"Tamil Nadu",Pudukkottai,"Karambakkudi(Uzhavar Sandhai )",Ridgeguard(Tori),Ridgeguard(Tori),Local,21/09/2026,5000,6000,5500
"Tamil Nadu",Pudukkottai,"Karambakkudi(Uzhavar Sandhai )","Green Avare(W)",Other,Local,21/09/2026,6000,7000,6500
"Tamil Nadu",Pudukkottai,"Karambakkudi(Uzhavar Sandhai )","Onion Green","Onion Green",Local,21/09/2026,9000,10000,9500
"Tamil Nadu",Pudukkottai,"Karambakkudi(Uzhavar Sandhai )",Mint(Pudina),Mint(Pudina),Local,21/09/2026,4500,5000,4750
"Tamil Nadu",Vellore,"Vellore APMC",Onion,Bellary,Local,21/09/2026,6000,6000,6000
"Tamil Nadu",Vellore,"Vellore APMC","Bitter gourd","Bitter Gourd",Local,21/09/2026,4500,4500,4500
"Tamil Nadu",Vellore,"Vellore APMC",Ashgourd,Gouard,Local,21/09/2026,3000,3000,3000
"Tamil Nadu",Vellore,"Vellore APMC",Coconut,Coconut,Local,21/09/2026,3500,3500,3500
"Tamil Nadu",Vellore,"Vellore APMC",Carrot,Pusakesar,Local,21/09/2026,4600,4600,4600
"Tamil Nadu",Vellore,"Vellore APMC",Cucumbar(Kheera),Cucumbar,Local,21/09/2026,3000,3000,3000
Bihar,Supaul,"Supaul APMC",Brinjal,Brinjal,"Grade A",21/09/2026,2600,3000,2800
Bihar,Supaul,"Supaul APMC",Cabbage,Cabbage,"Grade A",21/09/2026,2800,3200,3000
"Tamil Nadu",Dharmapuri,"Harur(Uzhavar Sandhai )",Onion,Bellary,Local,21/09/2026,6000,6500,6250
"Tamil Nadu",Dharmapuri,"Harur(Uzhavar Sandhai )",Potato,"Red Nanital",Local,21/09/2026,2500,3000,2750
"Tamil Nadu",Dharmapuri,"Harur(Uzhavar Sandhai )","Cluster beans","Cluster Beans",Local,21/09/2026,3500,4000,3750
"Tamil Nadu",Dharmapuri,"Harur(Uzhavar Sandhai )","Green Chilli","Green Chilly",Local,21/09/2026,5000,6000,5500
"Tamil Nadu",Dharmapuri,"Harur(Uzhavar Sandhai )","Chow Chow","Chow Chow",Local,21/09/2026,4500,5000,4750
"Tamil Nadu",Krishnagiri,"Kaveripattinam(Uzhavar Sandhai )",Onion,Bellary,Local,21/09/2026,5500,5500,5500
"Tamil Nadu",Krishnagiri,"Kaveripattinam(Uzhavar Sandhai )","Bhindi(Ladies Finger)",Bhindi,Local,21/09/2026,2500,2500,2500
"Tamil Nadu",Krishnagiri,"Kaveripattinam(Uzhavar Sandhai )","Green Avare(W)","Green Avare (W)",Local,21/09/2026,7000,7000,7000
"Tamil Nadu",Krishnagiri,"Kaveripattinam(Uzhavar Sandhai )","Chow Chow","Chow Chow",Local,21/09/2026,4000,4000,4000
"Tamil Nadu",Krishnagiri,"Kaveripattinam(Uzhavar Sandhai )",Mango(Raw-Ripe),"Mango - Raw-Ripe",Local,21/09/2026,9000,9000,9000
"Tamil Nadu",Krishnagiri,"Kaveripattinam(Uzhavar Sandhai )",Mint(Pudina),Mint(Pudina),Local,21/09/2026,5000,5000,5000
"Tamil Nadu","The Nilgiris","Coonoor(Uzhavar Sandhai )",Onion,Bellary,Local,21/09/2026,6200,6600,6400
"Tamil Nadu","The Nilgiris","Coonoor(Uzhavar Sandhai )",Brinjal,Other,Local,21/09/2026,3000,3200,3100
"Tamil Nadu","The Nilgiris","Coonoor(Uzhavar Sandhai )",Coriander(Leaves),"I Sort",Local,21/09/2026,5000,5400,5200
"Tamil Nadu","The Nilgiris","Coonoor(Uzhavar Sandhai )","Green Chilli","Green Chilly",Local,21/09/2026,5500,6000,5750
"Tamil Nadu","The Nilgiris","Coonoor(Uzhavar Sandhai )","Banana - Green","Banana - Green",Local,21/09/2026,4600,5000,4800
"Tamil Nadu","The Nilgiris","Coonoor(Uzhavar Sandhai )",Beetroot,Beetroot,Local,21/09/2026,5500,6000,5750
"Tamil Nadu","The Nilgiris","Coonoor(Uzhavar Sandhai )",Drumstick,Drumstick,Local,21/09/2026,3500,3800,3650
"Tamil Nadu","The Nilgiris","Coonoor(Uzhavar Sandhai )",Lime,Lime,Local,21/09/2026,9000,10000,9500
"Tamil Nadu","The Nilgiris","Coonoor(Uzhavar Sandhai )",Turnip,Turnip,Local,21/09/2026,3600,4000,3800
"Tamil Nadu","The Nilgiris","Coonoor(Uzhavar Sandhai )","Onion Green","Onion Green",Local,21/09/2026,9200,9600,9400
"Tamil Nadu","The Nilgiris","Coonoor(Uzhavar Sandhai )",Mint(Pudina),Mint(Pudina),Local,21/09/2026,5500,6000,5750
"Tamil Nadu","The Nilgiris","Gudalur(Uzhavar Sandhai )",Garlic,Garlic,Local,21/09/2026,20000,22000,21000
"Tamil Nadu","The Nilgiris","Gudalur(Uzhavar Sandhai )",Cowpea(Veg),"Cowpea (Veg)",Local,21/09/2026,3500,4000,3750
"Tamil Nadu","The Nilgiris","Gudalur(Uzhavar Sandhai )",Thondekai,Thondekai,Local,21/09/2026,4000,4500,4250
"Tamil Nadu","The Nilgiris","Gudalur(Uzhavar Sandhai )","Knool Khol","Knool Khol",Local,21/09/2026,4500,5000,4750
"Himachal Pradesh",Kangra,"SMY Palampur",Pomegranate,Pomogranate,Medium,21/09/2026,8000,15000,11000
"Himachal Pradesh",Kangra,"SMY Palampur",Capsicum,Capsicum,FAQ,21/09/2026,6500,7000,6800
"Himachal Pradesh",Kangra,"SMY Palampur",Potato,Potato,FAQ,21/09/2026,1200,2400,1800
"Himachal Pradesh",Kangra,"SMY Palampur",Cucumbar(Kheera),Cucumbar,FAQ,21/09/2026,3000,3500,3200
"Himachal Pradesh",Kangra,"SMY Palampur",Pumpkin,Pumpkin,FAQ,21/09/2026,2000,2200,2100
"Himachal Pradesh",Kangra,"SMY Palampur",Mashrooms,Mashrooms,FAQ,21/09/2026,18000,20000,19000
"Himachal Pradesh",Kangra,"SMY Palampur",Cabbage,Cabbage,FAQ,21/09/2026,2500,3000,2800
"Himachal Pradesh",Kangra,"SMY Palampur","Bhindi(Ladies Finger)",Bhindi,FAQ,21/09/2026,3000,3500,3200
"Himachal Pradesh",Kangra,"SMY Palampur","Bottle gourd","Bottle Gourd",FAQ,21/09/2026,2500,2800,2600
Punjab,Tarntaran,"Patti APMC",Apple,Other,"Grade B",21/09/2026,1000,1000,1000
Punjab,Tarntaran,"Patti APMC",Brinjal,Other,Local,21/09/2026,0.03,0.03,0.03
Punjab,Tarntaran,"Patti APMC",Onion,Other,Non-FAQ,21/09/2026,0.07,0.07,0.07
Uttarakhand,Dehradoon,"Vikasnagar APMC",Tomato,Other,Medium,21/09/2026,900,1000,1000
Uttarakhand,Dehradoon,"Vikasnagar APMC","Bhindi(Ladies Finger)",Other,Medium,21/09/2026,700,900,900
Uttarakhand,Dehradoon,"Vikasnagar APMC",Ginger(Green),"Green Ginger",Medium,21/09/2026,2000,2600,2600
Punjab,Mohali,"Lalru APMC","Green Chilli",Other,Local,21/09/2026,1800,1800,1800
Punjab,Mohali,"Lalru APMC",Cauliflower,Other,Local,21/09/2026,4200,4200,4200
"Uttar Pradesh",Mau(Maunathbhanjan),"Kopaganj APMC","Bitter gourd","Bitter Gourd",FAQ,21/09/2026,2100,2200,2110
"Uttar Pradesh",Mau(Maunathbhanjan),"Kopaganj APMC",Brinjal,Brinjal,FAQ,21/09/2026,1550,1650,1600
Haryana,Hissar,"Hansi APMC","Mousambi(Sweet Lime)",Other,"Grade B",21/09/2026,3000,3500,3250
Haryana,Hissar,"Hansi APMC",Lemon,Other,FAQ,21/09/2026,8000,10000,9000
Haryana,Hissar,"Hansi APMC",Apple,Other,"Grade B",21/09/2026,4000,12000,8000
Haryana,Hissar,"Hansi APMC",Pineapple,Other,"Grade B",21/09/2026,4000,6000,5000
Haryana,Hissar,"Hansi APMC",Potato,Other,FAQ,21/09/2026,1000,4000,1000
Punjab,Amritsar,"Rayya APMC",Cauliflower,Other,FAQ,21/09/2026,2475,2475,2475
Punjab,Amritsar,"Rayya APMC",Cucumbar(Kheera),Cucumbar,FAQ,21/09/2026,885,885,885
Gujarat,Amreli,"APMC Bagasara",Groundnut,Balli/Habbu,Local,21/09/2026,5000,5500,5250
Gujarat,Amreli,"APMC Bagasara",Wheat,"Lokwan Gujrat",Local,21/09/2026,2600,2850,2725
"Andhra Pradesh","Sri Sathya Sai","Tenakallu APMC","Tamarind Fruit",Other,Local,21/09/2026,16400,20200,18400
Keralam,Kollam,"Chathanoor Market",Snakeguard,Other,FAQ,21/09/2026,3500,4500,4000
Keralam,Kollam,"Chathanoor Market","Bhindi(Ladies Finger)",Other,FAQ,21/09/2026,5000,6000,5500
Keralam,Kollam,"Chathanoor Market","Bitter gourd",Other,FAQ,21/09/2026,7500,9000,8400
Keralam,Kollam,"Chathanoor Market",Ginger(Green),Other,FAQ,21/09/2026,20000,22500,21300
Keralam,Kollam,"Chathanoor Market",Banana,Robusta,Medium,21/09/2026,3000,4000,3500
